[1758210584529779954],0.0
[1758210584534476360],0.0
[1758210584538445891],0.0
[1758210584542587297],0.0
[1758210584546868860],0.0
[1758210584551224902],0.0
[1758210584555524068],0.0
[1758210584559829277],0.0
[1758210584564058860],0.0
[1758210584568192870],0.0
[1758210584571945266],0.0
[1758210584575631568],0.0
[1758210584579355422],0.0
[1758210584583045735],0.0
[1758210584586733495],0.0
[1758210584590444016],0.0
[1758210584594090422],0.0
[1758210584597726933],0.0
[1758210584601353183],0.0
[1758210584604986568],0.0
[1758210584608947193],0.0
[1758210584612639693],0.0
[1758210584616302245],0.0
[1758210584620054589],0.0
[1758210584623734433],0.0
[1758210584627423287],0.0
[1758210584631059120],0.0
[1758210584634738808],0.0
[1758210584638489745],0.0
[1758210584642176464],0.0
[1758210584645852506],0.0
[1758210584649496412],0.0
[1758210584653353964],0.0
[1758210584657176360],0.0
[1758210584660887402],0.0
[1758210584664535579],0.0
[1758210584668236360],0.0
[1758210584671933652],0.0
[1758210584675585735],0.0
[1758210584679258287],0.0
[1758210584682928027],0.0
[1758210584686595318],0.0
[1758210584690293704],0.0
[1758210584693940995],0.0
[1758210584698147506],0.0
[1758210584701910891],0.0
[1758210584705559745],0.0
[1758210584709239016],0.0
[1758210584712950891],0.0
[1758210584716618391],0.0
[1758210584720270735],0.0
[1758210584723922714],0.0
[1758210584727567922],0.0
[1758210584731295318],0.0
[1758210584737522506],0.0
[1758210584741341204],0.0
[1758210584745129120],0.0
[1758210584748869797],0.0
[1758210584752520474],0.0
[1758210584756161985],0.0
[1758210584760705527],0.0
[1758210584764527662],0.0
[1758210584768237349],0.0
[1758210584772014329],0.0
[1758210584775662349],0.0
[1758210584779335839],0.0
[1758210584783055735],0.0
[1758210584786705058],0.0
[1758210584790385683],0.0
[1758210584794026308],0.0
[1758210584797746620],0.0
[1758210584801535787],0.0
[1758210584805189797],0.0
[1758210584808884537],0.0
[1758210584812610318],0.0
[1758210584816274016],0.0
[1758210584819939745],0.0
[1758210584823704172],0.0
[1758210584827345214],0.0
[1758210584831037922],0.0
[1758210584834669954],0.0
[1758210584838333183],0.0
[1758210584841972245],0.0
[1758210584845666620],0.0
[1758210584849427506],0.0
[1758210584853130370],0.0
[1758210584856773443],0.0
[1758210584860449589],0.0
[1758210584864390266],0.0
[1758210584868181256],0.0
[1758210584872596047],0.0
[1758210584876480266],0.0
[1758210584880157818],0.0
[1758210584883787141],0.0
[1758210584887458651],0.0
[1758210584891144693],0.0
[1758210584894788391],0.0
[1758210584898581776],0.0
[1758210584902314172],0.0
[1758210584906003287],0.0
[1758210584909672141],0.0
[1758210584913299537],0.0
[1758210584917084954],0.0
[1758210584920860787],0.0
[1758210584924566933],0.0
[1758210584928296568],0.0
[1758210584932092974],0.0
[1758210584936013026],0.0
[1758210584939734485],0.0
[1758210584943392193],0.0
[1758210584947074537],0.0
[1758210584950851516],0.0
[1758210584954539433],0.0
[1758210584958233756],0.0
[1758210584961900110],0.0
[1758210584965585631],0.0
[1758210584969274901],0.0
[1758210584972956360],0.0
[1758210584977490891],0.0
[1758210584982547089],0.0
[1758210584987535474],0.0
[1758210584992277922],0.0
[1758210584996211829],0.0
[1758210585000241776],0.0
[1758210585004223651],0.0
[1758210585008510735],0.0
[1758210585013316985],0.0
[1758210585017325266],0.0
[1758210585021246881],0.0
[1758210585025247349],0.0
[1758210585028975474],0.0
[1758210585032650318],0.0
[1758210585036342089],0.0
[1758210585040014068],0.0
[1758210585043654537],0.0
[1758210585047312037],0.0
[1758210585051028651],0.0
[1758210585054694745],0.0
[1758210585058557974],0.0
[1758210585062260006],0.0
[1758210585065905474],0.0
[1758210585069572662],0.0
[1758210585073217870],0.0
[1758210585076861360],0.0
[1758210585080529433],0.0
[1758210585084171933],0.0
[1758210585087831308],0.0
[1758210585091756204],0.0
[1758210585095478183],0.0
[1758210585099292662],0.0
[1758210585102950735],0.0
[1758210585106614485],0.0
[1758210585110683703],0.0
[1758210585114321724],0.0
[1758210585117967453],0.0
[1758210585121653964],0.0
[1758210585125339172],0.0
[1758210585129022193],0.0
[1758210585132653235],0.0
[1758210585136295787],0.0
[1758210585139981672],0.0
[1758210585143635370],0.0
[1758210585147444589],0.0
[1758210585151121099],0.0
[1758210585154800631],0.0
[1758210585158593703],0.0
[1758210585162277453],0.0
[1758210585165922037],0.0
[1758210585169574849],0.0
[1758210585173217870],0.0
[1758210585176895891],0.0
[1758210585180615839],0.0
[1758210585184296203],0.0
[1758210585187945735],0.0
[1758210585191596464],0.0
[1758210585195590266],0.0
[1758210585199412870],0.0
[1758210585203087193],0.0
[1758210585206777558],0.0
[1758210585210536828],0.0
[1758210585214195006],0.0
[1758210585217842453],0.0
[1758210585221506099],0.0
[1758210585225207610],0.0
[1758210585228890214],0.0
[1758210585232541724],0.0
[1758210585236208651],0.0
[1758210585239983287],0.0
[1758210585243650474],0.0
[1758210585247319901],0.0
[1758210585251083860],0.0
[1758210585254777089],0.0
[1758210585258534797],0.0
[1758210585262267714],0.0
[1758210585266001047],0.0
[1758210585269680370],0.0
[1758210585273368183],0.0
[1758210585277067089],0.0
[1758210585280758026],0.0
[1758210585284406516],0.0
[1758210585288054901],0.0
[1758210585291710631],0.0
[1758210585295388860],0.0
[1758210585299089901],0.0
[1758210585303186516],0.0
[1758210585306986047],0.0
[1758210585311569849],0.0
[1758210585315359797],0.0
[1758210585319007349],0.0
[1758210585322668651],0.0
[1758210585326324901],0.0
[1758210585330003495],0.0
[1758210585333648078],0.0
[1758210585337292870],0.0
[1758210585340970214],0.0
[1758210585344601099],0.0
[1758210585348326985],0.0
[1758210585353599849],0.0
[1758210585357426672],0.0
[1758210585362077870],0.0
[1758210585365874068],0.0
[1758210585369600005],0.0
[1758210585373252974],0.0
[1758210585376894641],0.0
[1758210585380545370],0.0
[1758210585384174589],0.0
[1758210585387819068],0.0
[1758210585391500683],0.0
[1758210585395157349],0.0
[1758210585398852922],0.0
[1758210585402506412],0.0
[1758210585406279953],0.0
[1758210585410358755],0.0
[1758210585414044641],0.0
[1758210585417727662],0.0
[1758210585421400058],0.0
[1758210585425044328],0.0
[1758210585428758130],0.0
[1758210585432396360],0.0
[1758210585436051620],0.0
[1758210585439750266],0.0
[1758210585444465630],0.0
[1758210585448535995],0.0
[1758210585452449849],0.0
[1758210585457257401],0.0
[1758210585461265943],0.0
[1758210585465219120],0.0
[1758210585469146568],0.0
[1758210585473026412],0.0
[1758210585476923912],0.0
[1758210585481738235],0.0
[1758210585485711985],0.0
[1758210585489530214],0.0
[1758210585493183912],0.0
[1758210585496867974],0.0
[1758210585500561203],0.0
[1758210585504213287],0.0
[1758210585507864849],0.0
[1758210585511551828],0.0
[1758210585515368078],0.0
[1758210585519144485],0.0
[1758210585522817610],0.0
[1758210585526589641],0.0
[1758210585530290110],0.0
[1758210585533952662],0.0
[1758210585539320526],0.0
[1758210585543023391],0.0
[1758210585546683078],0.0
[1758210585550348182],0.0
[1758210585554003130],0.0
[1758210585557676099],0.0
[1758210585561357297],0.0
[1758210585565028130],0.0
[1758210585568811203],0.0
[1758210585572506203],0.0
[1758210585576174901],0.0
[1758210585579899120],0.0
[1758210585583578495],0.0
[1758210585587354953],0.0
[1758210585591029120],0.0
[1758210585594676099],0.0
[1758210585598370318],0.0
[1758210585602087349],0.0
[1758210585605745422],0.0
[1758210585609420266],0.0
[1758210585613095005],0.0
[1758210585616771932],0.0
[1758210585621621724],0.0
[1758210585625423130],0.0
[1758210585629113599],0.0
[1758210585632737037],0.0
[1758210585636385162],0.0
[1758210585640056464],0.0
[1758210585643700162],0.0
[1758210585647347766],0.0
[1758210585651013807],0.0
[1758210585654698235],0.0
[1758210585658413443],0.0
[1758210585662136099],0.0
[1758210585665904537],0.0
[1758210585669674276],0.0
[1758210585673329797],0.0
[1758210585676973391],0.0
[1758210585680681932],0.0
[1758210585684327141],0.0
[1758210585687972037],0.0
[1758210585691633391],0.0
[1758210585695395630],0.0
[1758210585699115057],0.0
[1758210585702851412],0.0
[1758210585706533443],0.0
[1758210585710196360],0.0
[1758210585713838651],0.0
[1758210585717562505],0.0
[1758210585721328078],0.0
[1758210585725340370],0.0
[1758210585729140266],0.0
[1758210585732805891],0.0
[1758210585736466776],0.0
[1758210585740157505],0.0
[1758210585743805839],0.0
[1758210585747457818],0.0
[1758210585751142297],0.0
[1758210585754814380],0.0
[1758210585758569589],0.0
[1758210585762235422],0.0
[1758210585765906047],0.0
[1758210585769705578],0.0
[1758210585773391724],0.0
[1758210585777048703],0.0
[1758210585780755839],0.0
[1758210585784476203],0.0
[1758210585788189276],0.0
[1758210585791902193],0.0
[1758210585795563182],0.0
[1758210585799266672],0.0
[1758210585802939693],0.0
[1758210585806618599],0.0
[1758210585810303182],0.0
[1758210585813990370],0.0
[1758210585817681255],0.0
[1758210585821484797],0.0
[1758210585825211516],0.0
[1758210585829312193],0.0
[1758210585833094276],0.0
[1758210585836785526],0.0
[1758210585840460474],0.0
[1758210585844083234],0.0
[1758210585847774380],0.0
[1758210585851485995],0.0
[1758210585855142609],0.0
[1758210585858804380],0.0
[1758210585862458130],0.0
[1758210585866145630],0.0
[1758210585869918912],0.0
[1758210585873603339],0.0
[1758210585877327714],0.0
[1758210585881055162],0.0
[1758210585884706359],0.0
[1758210585888410214],0.0
[1758210585892115005],0.0
[1758210585895796307],0.0
[1758210585899448026],0.0
[1758210585903073182],0.0
[1758210585907257609],0.0
[1758210585911205630],0.0
[1758210585915120162],0.0
[1758210585919053703],0.0
[1758210585923818287],0.0
[1758210585927792349],0.0
[1758210585931770630],0.0
[1758210585935936620],0.0
[1758210585939888755],0.0
[1758210585943772401],0.0
[1758210585947656307],0.0
[1758210585951796932],0.0
[1758210585955474537],0.0
[1758210585959191568],0.0
[1758210585962854693],0.0
[1758210585966546307],0.0
[1758210585970338859],0.0
[1758210585974104224],0.0
[1758210585977774641],0.0
[1758210585981529953],0.0
[1758210585985185578],0.0
[1758210585990106776],0.0
[1758210585993885734],0.0
[1758210585997550161],0.0
[1758210586001222141],0.0
[1758210586004869120],0.0
[1758210586009418807],0.0
[1758210586013244068],0.0
[1758210586016935161],0.0
[1758210586020629589],0.0
[1758210586024281880],0.0
[1758210586027955839],0.0
[1758210586031708703],0.0
[1758210586035364016],0.0
[1758210586039081464],0.0
[1758210586042970005],0.0
[1758210586046673911],0.0
[1758210586050462505],0.0
[1758210586054242193],0.0
[1758210586057900057],0.0
[1758210586061547661],0.0
[1758210586065227818],0.0
[1758210586068897141],0.0
[1758210586072556359],0.0
[1758210586076213130],0.0
[1758210586079976932],0.0
[1758210586083631828],0.0
[1758210586087324328],0.0
[1758210586091037193],0.0
[1758210586094767974],0.0
[1758210586098591776],0.0
[1758210586102273703],0.0
[1758210586106028599],0.0
[1758210586109755005],0.0
[1758210586113425995],0.0
[1758210586117074068],0.0
[1758210586120736307],0.0
[1758210586124438807],0.0
[1758210586128110891],0.0
[1758210586131828911],0.0
[1758210586135512714],0.0
[1758210586139210734],0.0
[1758210586142894901],0.0
[1758210586146913234],0.0
[1758210586150706672],0.0
[1758210586154374797],0.0
[1758210586158027609],0.0
[1758210586161712245],0.0
[1758210586165388599],0.0
[1758210586169074693],0.0
[1758210586172719380],0.0
[1758210586176436620],0.0
[1758210586180186984],0.0
[1758210586183830891],0.0
[1758210586187518130],0.0
[1758210586191241672],0.0
[1758210586195030578],0.0
[1758210586198771724],0.0
[1758210586202469224],0.0
[1758210586206120057],0.0
[1758210586209860838],0.0
[1758210586213525318],0.0
[1758210586217180630],0.0
[1758210586220861099],0.0
[1758210586224515057],0.0
[1758210586228206776],0.0
[1758210586232052141],0.0
[1758210586235860786],0.0
[1758210586239557818],0.0
[1758210586243209380],0.0
[1758210586246864328],0.0
[1758210586250580005],0.0
[1758210586254495370],0.0
[1758210586258403911],0.0
[1758210586262179380],0.0
[1758210586265873338],0.0
[1758210586269557974],0.0
[1758210586273235578],0.0
[1758210586276888182],0.0
[1758210586280658599],0.0
[1758210586284354849],0.0
[1758210586287998963],0.0
[1758210586291655786],0.0
[1758210586295318338],0.0
[1758210586299069172],0.0
[1758210586302758234],0.0
[1758210586306448703],0.0
[1758210586310117922],0.0
[1758210586313784901],0.0
[1758210586317433703],0.0
[1758210586321091984],0.0
[1758210586324732505],0.0
[1758210586328542818],0.0
[1758210586332290578],0.0
[1758210586336003026],0.0
[1758210586339710057],0.0
[1758210586343369953],0.0
[1758210586347019172],0.0
[1758210586350723651],0.0
[1758210586354387557],0.0
[1758210586358463338],0.0
[1758210586362274536],0.0
[1758210586367118703],0.0
[1758210586371962193],0.0
[1758210586375923547],0.0
[1758210586379890786],0.0
[1758210586383742713],0.0
[1758210586387651047],0.0
[1758210586392472036],0.0
[1758210586396453495],0.0
[1758210586400374432],0.0
[1758210586404243026],0.0
[1758210586408123390],0.0
[1758210586412817922],0.0
[1758210586416597661],0.0
[1758210586420292557],0.0
[1758210586423931620],0.0
[1758210586427592609],0.0
[1758210586432214432],0.0
[1758210586435987765],0.0
[1758210586439663703],0.0
[1758210586443317036],0.0
[1758210586447025890],0.0
[1758210586450713078],0.0
[1758210586454350943],0.0
[1758210586457997297],0.0
[1758210586461684588],0.0
[1758210586465568390],0.0
[1758210586469293755],0.0
[1758210586472968651],0.0
[1758210586476745265],0.0
[1758210586480489224],0.0
[1758210586484139849],0.0
[1758210586487814120],0.0
[1758210586491520786],0.0
[1758210586495205838],0.0
[1758210586498899953],0.0
[1758210586502554745],0.0
[1758210586506211776],0.0
[1758210586509909380],0.0
[1758210586513572505],0.0
[1758210586517302036],0.0
[1758210586520969901],0.0
[1758210586524622505],0.0
[1758210586528384120],0.0
[1758210586532173755],0.0
[1758210586535834536],0.0
[1758210586539482088],0.0
[1758210586562829380],0.0
[1758210586566548026],0.0
[1758210586570483182],0.0
[1758210586574183390],0.0
[1758210586577859797],0.0
[1758210586581587870],0.0
[1758210586585245734],0.0
[1758210586588931828],0.0
[1758210586592614588],0.0
[1758210586596307036],0.0
[1758210586599999640],0.0
[1758210586603708963],0.0
[1758210586607494172],0.0
[1758210586611154484],0.0
[1758210586614827505],0.0
[1758210586618549693],0.0
[1758210586622200005],0.0
[1758210586625865370],0.0
[1758210586629676151],0.0
[1758210586633313495],0.0
[1758210586636956099],0.0
[1758210586640646099],0.0
[1758210586644360317],0.0
[1758210586648085057],0.0
[1758210586651738495],0.0
[1758210586655410474],0.0
[1758210586659095005],0.0
[1758210586662742922],0.0
[1758210586666414015],0.0
[1758210586670091047],0.0
[1758210586673743963],0.0
[1758210586678336047],0.0
[1758210586682260422],0.0
[1758210586685956411],0.0
[1758210586689620005],0.0
[1758210586693254692],0.0
[1758210586696900578],0.0
[1758210586700575786],0.0
[1758210586704263026],0.0
[1758210586707915734],0.0
[1758210586711579067],0.0
[1758210586715224484],0.0
[1758210586718947870],0.0
[1758210586722606099],0.0
[1758210586726310265],0.0
[1758210586730145682],0.0
[1758210586733833442],0.0
[1758210586737479172],0.0
[1758210586741168234],0.0
[1758210586744849067],0.0
[1758210586748579692],0.0
[1758210586752246515],0.0
[1758210586755921359],0.0
[1758210586759611047],0.0
[1758210586763418599],0.0
[1758210586767130786],0.0
[1758210586770780317],0.0
[1758210586774411411],0.0
[1758210586778072609],0.0
[1758210586782175734],0.0
[1758210586785952974],0.0
[1758210586789657297],0.0
[1758210586793347088],0.0
[1758210586796995370],0.0
[1758210586800663963],0.0
[1758210586804307192],0.0
[1758210586807948495],0.0
[1758210586811636984],0.0
[1758210586815335422],0.0
[1758210586819032713],0.0
[1758210586822674640],0.0
[1758210586826385942],0.0
[1758210586830200213],0.0
[1758210586833842088],0.0
[1758210586837521203],0.0
[1758210586841222609],0.0
[1758210586844896724],0.0
[1758210586849154484],0.0
[1758210586853063963],0.0
[1758210586856958026],0.0
[1758210586860913182],0.0
[1758210586865226567],0.0
[1758210586869137765],0.0
[1758210586873035994],0.0
[1758210586876922349],0.0
[1758210586880844588],0.0
[1758210586885339015],0.0
[1758210586889573599],0.0
[1758210586893394276],0.0
[1758210586897046047],0.0
[1758210586900742088],0.0
[1758210586904386099],0.0
[1758210586908034536],0.0
[1758210586911764172],0.0
[1758210586915415630],0.0
[1758210586919106880],0.0
[1758210586922734119],0.0
[1758210586926463286],0.0
[1758210586930304484],0.0
[1758210586933955994],0.0
[1758210586937615578],0.0
[1758210586941426047],0.0
[1758210586945174172],0.0
[1758210586948843026],0.0
[1758210586952484276],0.0
[1758210586956156672],0.0
[1758210586959845005],0.0
[1758210586963467713],0.0
[1758210586967144692],0.0
[1758210586970934849],0.0
[1758210586974566255],0.0
[1758210586978268078],0.0
[1758210586981943338],0.0
[1758210586985612661],0.0
[1758210586989393859],0.0
[1758210586993343442],0.0
[1758210586997103442],0.0
[1758210587000768234],0.0
[1758210587005713338],0.0
[1758210587009419744],0.0
[1758210587013075109],0.0
[1758210587016763338],0.0
[1758210587020419744],0.0
[1758210587024054588],0.0
[1758210587027733234],0.0
[1758210587031459849],0.0
[1758210587035168442],0.0
[1758210587039003494],0.0
[1758210587042689119],0.0
[1758210587046339640],0.0
[1758210587049996099],0.0
[1758210587053650161],0.0
[1758210587057290890],0.0
[1758210587060949119],0.0
[1758210587064638807],0.0
[1758210587068359328],0.0
[1758210587072040786],0.0
[1758210587075707869],0.0
[1758210587079361671],0.0
[1758210587082993078],0.0
[1758210587086669328],0.0
[1758210587090386880],0.0
[1758210587094099119],0.0
[1758210587097767349],0.0
[1758210587101717661],0.0
[1758210587105378651],0.0
[1758210587109028390],0.0
[1758210587112677244],0.0
[1758210587116307765],0.0
[1758210587119981828],0.0
[1758210587123600317],0.0
[1758210587127354536],0.0
[1758210587131041255],0.0
[1758210587134685057],0.0
[1758210587138437244],0.0
[1758210587142157609],0.0
[1758210587145934015],0.0
[1758210587149617349],0.0
[1758210587153299796],0.0
[1758210587156990369],0.0
[1758210587160698338],0.0
[1758210587164347192],0.0
[1758210587168012505],0.0
[1758210587171688651],0.0
[1758210587175343130],0.0
[1758210587179054119],0.0
[1758210587182758755],0.0
[1758210587186432713],0.0
[1758210587190197244],0.0
[1758210587193852192],0.0
[1758210587197506567],0.0
[1758210587201209796],0.0
[1758210587205204744],0.0
[1758210587209024849],0.0
[1758210587212687609],0.0
[1758210587216336619],0.0
[1758210587220024484],0.0
[1758210587223709224],0.0
[1758210587227395526],0.0
[1758210587231096724],0.0
[1758210587234763546],0.0
[1758210587238583130],0.0
[1758210587242284953],0.0
[1758210587245939067],0.0
[1758210587249597661],0.0
[1758210587253375578],0.0
[1758210587257036515],0.0
[1758210587260694953],0.0
[1758210587264359640],0.0
[1758210587268008078],0.0
[1758210587271669380],0.0
[1758210587275319015],0.0
[1758210587279010109],0.0
[1758210587282674328],0.0
[1758210587286358546],0.0
[1758210587290166411],0.0
[1758210587293830473],0.0
[1758210587297484640],0.0
[1758210587301192348],0.0
[1758210587305289223],0.0
[1758210587309530421],0.0
[1758210587313449328],0.0
[1758210587317361619],0.0
[1758210587321282401],0.0
[1758210587325184901],0.0
[1758210587329174536],0.0
[1758210587333080734],0.0
[1758210587336998546],0.0
[1758210587340895473],0.0
[1758210587344794171],0.0
[1758210587348871463],0.0
[1758210587352598807],0.0
[1758210587356289536],0.0
[1758210587359994744],0.0
[1758210587363638859],0.0
[1758210587367335994],0.0
[1758210587371017973],0.0
[1758210587374662609],0.0
[1758210587378347296],0.0
[1758210587382040734],0.0
[1758210587386759276],0.0
[1758210587390575786],0.0
[1758210587394235994],0.0
[1758210587397985161],0.0
[1758210587401733182],0.0
[1758210587405387348],0.0
[1758210587409116098],0.0
[1758210587412818182],0.0
[1758210587417580838],0.0
[1758210587421455473],0.0
[1758210587425122713],0.0
[1758210587428834796],0.0
[1758210587432505265],0.0
[1758210587436154744],0.0
[1758210587439826723],0.0
[1758210587443482348],0.0
[1758210587447220578],0.0
[1758210587450992140],0.0
[1758210587454644692],0.0
[1758210587458374901],0.0
[1758210587462157609],0.0
[1758210587465862192],0.0
[1758210587469560005],0.0
[1758210587473236880],0.0
[1758210587476886098],0.0
[1758210587480577921],0.0
[1758210587484224380],0.0
[1758210587487872296],0.0
[1758210587491548494],0.0
[1758210587495246723],0.0
[1758210587499021723],0.0
[1758210587502721203],0.0
[1758210587506391723],0.0
[1758210587510061411],0.0
[1758210587513707973],0.0
[1758210587517353390],0.0
[1758210587521455161],0.0
[1758210587525245525],0.0
[1758210587529013286],0.0
[1758210587532689015],0.0
[1758210587536386307],0.0
[1758210587540060786],0.0
[1758210587543711723],0.0
[1758210587547374744],0.0
[1758210587551141463],0.0
[1758210587554797088],0.0
[1758210587558538494],0.0
[1758210587562204588],0.0
[1758210587565989015],0.0
[1758210587569685317],0.0
[1758210587573357453],0.0
[1758210587577042244],0.0
[1758210587580723130],0.0
[1758210587584367609],0.0
[1758210587588011932],0.0
[1758210587591698650],0.0
[1758210587595363650],0.0
[1758210587599171150],0.0
[1758210587602832453],0.0
[1758210587606519432],0.0
[1758210587610175421],0.0
[1758210587613820213],0.0
[1758210587617466411],0.0
[1758210587621194640],0.0
[1758210587624925005],0.0
[1758210587628922817],0.0
[1758210587632682609],0.0
[1758210587636332921],0.0
[1758210587640026567],0.0
[1758210587643668494],0.0
[1758210587647350942],0.0
[1758210587651088755],0.0
[1758210587654743078],0.0
[1758210587658420057],0.0
[1758210587662114223],0.0
[1758210587665759796],0.0
[1758210587669479171],0.0
[1758210587673243650],0.0
[1758210587676907609],0.0
[1758210587680574275],0.0
[1758210587684230682],0.0
[1758210587687918650],0.0
[1758210587691637192],0.0
[1758210587695323286],0.0
[1758210587699033494],0.0
[1758210587702714900],0.0
[1758210587706361828],0.0
[1758210587710087400],0.0
[1758210587713819223],0.0
[1758210587717505057],0.0
[1758210587721178859],0.0
[1758210587724803755],0.0
[1758210587728501827],0.0
[1758210587732186463],0.0
[1758210587736936359],0.0
[1758210587740729588],0.0
[1758210587744382869],0.0
[1758210587748045890],0.0
[1758210587751791202],0.0
[1758210587755443338],0.0
[1758210587759107921],0.0
[1758210587762757609],0.0
[1758210587767034119],0.0
[1758210587771051984],0.0
[1758210587774945734],0.0
[1758210587778960317],0.0
[1758210587782927505],0.0
[1758210587786855109],0.0
[1758210587790804327],0.0
[1758210587794675525],0.0
[1758210587798726307],0.0
[1758210587802642348],0.0
[1758210587806556775],0.0
[1758210587810421880],0.0
[1758210587814078234],0.0
[1758210587817794952],0.0
[1758210587821570890],0.0
[1758210587826471255],0.0
[1758210587830415734],0.0
[1758210587834120109],0.0
[1758210587837783442],0.0
[1758210587841475577],0.0
[1758210587845133911],0.0
[1758210587848923755],0.0
[1758210587852618338],0.0
[1758210587856278755],0.0
[1758210587859966046],0.0
[1758210587863649692],0.0
[1758210587867298442],0.0
[1758210587871289484],0.0
[1758210587875124900],0.0
[1758210587878823390],0.0
[1758210587882569119],0.0
[1758210587886239952],0.0
[1758210587889955317],0.0
[1758210587893637505],0.0
[1758210587897380005],0.0
[1758210587901124588],0.0
[1758210587904776723],0.0
[1758210587908485994],0.0
[1758210587912178650],0.0
[1758210587915841463],0.0
[1758210587919617348],0.0
[1758210587923371984],0.0
[1758210587927025734],0.0
[1758210587930700630],0.0
[1758210587934389744],0.0
[1758210587938024223],0.0
[1758210587941698859],0.0
[1758210587945385994],0.0
[1758210587949120473],0.0
[1758210587952772557],0.0
[1758210587956436827],0.0
[1758210587960121879],0.0
[1758210587963809900],0.0
[1758210587967492504],0.0
[1758210587971150629],0.0
[1758210587975315942],0.0
[1758210587979119327],0.0
[1758210587982789275],0.0
[1758210587986455942],0.0
[1758210587990132661],0.0
[1758210587993804067],0.0
[1758210587997475629],0.0
[1758210588001247557],0.0
[1758210588004895421],0.0
[1758210588008626619],0.0
[1758210588012273807],0.0
[1758210588015952869],0.0
[1758210588019681879],0.0
[1758210588023427869],0.0
[1758210588027078754],0.0
[1758210588030776411],0.0
[1758210588034447817],0.0
[1758210588038182452],0.0
[1758210588041867609],0.0
[1758210588045522661],0.0
[1758210588049249015],0.0
[1758210588052900317],0.0
[1758210588056584848],0.0
[1758210588060305421],0.0
[1758210588063981202],0.0
[1758210588067655994],0.0
[1758210588071313911],0.0
[1758210588074958546],0.0
[1758210588078667973],0.0
[1758210588082592661],0.0
[1758210588086431567],0.0
[1758210588090121463],0.0
[1758210588093811515],0.0
[1758210588097532557],0.0
[1758210588101313182],0.0
[1758210588104965369],0.0
[1758210588108672452],0.0
[1758210588112359588],0.0
[1758210588116020109],0.0
[1758210588119687609],0.0
[1758210588123356150],0.0
[1758210588126991359],0.0
[1758210588130686723],0.0
[1758210588134449119],0.0
[1758210588138110369],0.0
[1758210588141838754],0.0
[1758210588145504379],0.0
[1758210588149241046],0.0
[1758210588152929223],0.0
[1758210588156602556],0.0
[1758210588160282348],0.0
[1758210588163934171],0.0
[1758210588167619015],0.0
[1758210588171321879],0.0
[1758210588174998181],0.0
[1758210588178745577],0.0
[1758210588182424275],0.0
[1758210588186500004],0.0
[1758210588190283129],0.0
[1758210588193943286],0.0
[1758210588197609119],0.0
[1758210588201438338],0.0
[1758210588205145369],0.0
[1758210588208851567],0.0
[1758210588213619536],0.0
[1758210588217298598],0.0
[1758210588220955161],0.0
[1758210588225543598],0.0
[1758210588230510786],0.0
[1758210588234474119],0.0
[1758210588238426046],0.0
[1758210588242312609],0.0
[1758210588246203181],0.0
[1758210588250108754],0.0
[1758210588253969952],0.0
[1758210588257875161],0.0
[1758210588262717609],0.0
[1758210588266690525],0.0
[1758210588270503025],0.0
[1758210588274142921],0.0
[1758210588277797140],0.0
[1758210588281490629],0.0
[1758210588285137973],0.0
[1758210588288796515],0.0
[1758210588292436254],0.0
[1758210588296087036],0.0
[1758210588299788181],0.0
[1758210588303444640],0.0
[1758210588307159379],0.0
[1758210588311251306],0.0
[1758210588314933754],0.0
[1758210588318655942],0.0
[1758210588322312661],0.0
[1758210588325959952],0.0
[1758210588329641515],0.0
[1758210588333299484],0.0
[1758210588337000213],0.0
[1758210588340687869],0.0
[1758210588344369900],0.0
[1758210588348066046],0.0
[1758210588351752140],0.0
[1758210588355414067],0.0
[1758210588359197192],0.0
[1758210588362860004],0.0
[1758210588366585994],0.0
[1758210588370291671],0.0
[1758210588373946983],0.0
[1758210588377606827],0.0
[1758210588381250004],0.0
[1758210588384868754],0.0
[1758210588388599015],0.0
[1758210588392291254],0.0
[1758210588395963598],0.0
[1758210588399692608],0.0
[1758210588403340942],0.0
[1758210588407041515],0.0
[1758210588410779223],0.0
[1758210588414876515],0.0
[1758210588418685056],0.0
[1758210588422355733],0.0
[1758210588426012608],0.0
[1758210588429726306],0.0
[1758210588433403390],0.0
[1758210588437061723],0.0
[1758210588440821515],0.0
[1758210588444456515],0.0
[1758210588448085317],0.0
[1758210588451755681],0.0
[1758210588455408546],0.0
[1758210588459140369],0.0
[1758210588462795525],0.0
[1758210588466451463],0.0
[1758210588470355890],0.0
[1758210588474045786],0.0
[1758210588477716879],0.0
[1758210588481372088],0.0
[1758210588485017921],0.0
[1758210588488765265],0.0
[1758210588492393546],0.0
[1758210588496029171],0.0
[1758210588499682817],0.0
[1758210588503340004],0.0
[1758210588507011827],0.0
[1758210588510759379],0.0
[1758210588514507244],0.0
[1758210588518214223],0.0
[1758210588522174900],0.0
[1758210588525917088],0.0
[1758210588529557400],0.0
[1758210588533215161],0.0
[1758210588536922608],0.0
[1758210588540620421],0.0
[1758210588544272452],0.0
[1758210588547901671],0.0
[1758210588551545317],0.0
[1758210588555187608],0.0
[1758210588558904900],0.0
[1758210588562561306],0.0
[1758210588566244952],0.0
[1758210588570046358],0.0
[1758210588573784640],0.0
[1758210588577438338],0.0
[1758210588581099536],0.0
[1758210588584766671],0.0
[1758210588588486150],0.0
[1758210588592155317],0.0
[1758210588595847504],0.0
[1758210588599506150],0.0
[1758210588603190733],0.0
[1758210588606858494],0.0
[1758210588610565838],0.0
[1758210588614214483],0.0
[1758210588617856254],0.0
[1758210588621633442],0.0
[1758210588625314692],0.0
[1758210588629128754],0.0
[1758210588632790213],0.0
[1758210588636451150],0.0
[1758210588640120681],0.0
[1758210588645047348],0.0
[1758210588648779119],0.0
[1758210588652477296],0.0
[1758210588656132244],0.0
[1758210588659810317],0.0
[1758210588663487452],0.0
[1758210588667139744],0.0
[1758210588670854588],0.0
[1758210588674497973],0.0
[1758210588678219692],0.0
[1758210588681878338],0.0
[1758210588686073910],0.0
[1758210588690023702],0.0
[1758210588693910994],0.0
[1758210588697807869],0.0
[1758210588701691983],0.0
[1758210588705571827],0.0
[1758210588709505994],0.0
[1758210588714266358],0.0
[1758210588719188025],0.0
[1758210588723084848],0.0
[1758210588726962608],0.0
[1758210588732292244],0.0
[1758210588736177088],0.0
[1758210588740026098],0.0
[1758210588743684379],0.0
[1758210588747331254],0.0
[1758210588751026098],0.0
[1758210588754671619],0.0
[1758210588758360733],0.0
[1758210588762038650],0.0
[1758210588765694796],0.0
[1758210588769408598],0.0
[1758210588773048754],0.0
[1758210588776698702],0.0
[1758210588780376202],0.0
[1758210588784019692],0.0
[1758210588787684119],0.0
[1758210588791509431],0.0
[1758210588795166775],0.0
[1758210588798850265],0.0
[1758210588802485473],0.0
[1758210588806135629],0.0
[1758210588809815733],0.0
[1758210588813455369],0.0
[1758210588817098546],0.0
[1758210588820829952],0.0
[1758210588824479848],0.0
[1758210588828228337],0.0
[1758210588831989015],0.0
[1758210588835729796],0.0
[1758210588839683233],0.0
[1758210588843444587],0.0
[1758210588847125421],0.0
[1758210588850793858],0.0
[1758210588854440942],0.0
[1758210588858083025],0.0
[1758210588861795317],0.0
[1758210588865459067],0.0
[1758210588869175733],0.0
[1758210588872844327],0.0
[1758210588876516202],0.0
[1758210588880208025],0.0
[1758210588883985421],0.0
[1758210588887650629],0.0
[1758210588891361671],0.0
[1758210588895046983],0.0
[1758210588898766046],0.0
[1758210588902444119],0.0
[1758210588906136150],0.0
[1758210588909800004],0.0
[1758210588913436931],0.0
[1758210588917097087],0.0
[1758210588920895265],0.0
[1758210588924577192],0.0
[1758210588928293598],0.0
[1758210588932017244],0.0
[1758210588935666462],0.0
[1758210588939333962],0.0
[1758210588942983806],0.0
[1758210588947053546],0.0
[1758210588953666254],0.0
[1758210588965323337],0.0
[1758210588972139379],0.0
[1758210588991834483],0.0
[1758210588995771775],0.0
[1758210588999449275],0.0
[1758210589003075473],0.0
[1758210589006705369],0.0
[1758210589010367296],0.0
[1758210589013981358],0.0
[1758210589017605837],0.0
[1758210589021263233],0.0
[1758210589024875212],0.0
[1758210589029372087],0.0
[1758210589033200577],0.0
[1758210589036943129],0.0
[1758210589040608077],0.0
[1758210589044226827],0.0
[1758210589047981358],0.0
[1758210589052264900],0.0
[1758210589056151671],0.0
[1758210589060265942],0.0
[1758210589064663910],0.0
[1758210589069519744],0.0
[1758210589073316827],0.0
[1758210589076987921],0.0
[1758210589080722348],0.0
[1758210589084367348],0.0
[1758210589088013077],0.0
[1758210589091705160],0.0
[1758210589095368337],0.0
[1758210589099063650],0.0
[1758210589102709275],0.0
[1758210589106352035],0.0
[1758210589110055733],0.0
[1758210589113747504],0.0
[1758210589117480733],0.0
[1758210589121162764],0.0
[1758210589124806723],0.0
[1758210589128615889],0.0
[1758210589132326462],0.0
[1758210589136059171],0.0
[1758210589139791462],0.0
[1758210589143436671],0.0
[1758210589147094744],0.0
[1758210589150815369],0.0
[1758210589155594014],0.0
[1758210589159450369],0.0
[1758210589163203233],0.0
[1758210589166855889],0.0
[1758210589170532296],0.0
[1758210589174169119],0.0
[1758210589185831931],0.0
[1758210589189870889],0.0
[1758210589193769223],0.0
[1758210589198634483],0.0
[1758210589202987921],0.0
[1758210589206937296],0.0
[1758210589210816514],0.0
[1758210589214686410],0.0
[1758210589218939587],0.0
[1758210589222813858],0.0
[1758210589226658702],0.0
[1758210589230395369],0.0
[1758210589234026879],0.0
[1758210589237679171],0.0
[1758210589241376306],0.0
[1758210589244995212],0.0
[1758210589248686202],0.0
[1758210589252307191],0.0
[1758210589255933962],0.0
[1758210589259641827],0.0
[1758210589263604691],0.0
[1758210589267319483],0.0
[1758210589271005004],0.0
[1758210589274638129],0.0
[1758210589278486254],0.0
[1758210589283336619],0.0
[1758210589287118858],0.0
[1758210589290772816],0.0
[1758210589294398650],0.0
[1758210589298046514],0.0
[1758210589301731723],0.0
[1758210589305379327],0.0
[1758210589309101410],0.0
[1758210589312739900],0.0
[1758210589316382139],0.0
[1758210589320055056],0.0
[1758210589323677764],0.0
[1758210589327526879],0.0
[1758210589331397921],0.0
[1758210589335164014],0.0
[1758210589338873129],0.0
[1758210589342506046],0.0
[1758210589346151202],0.0
[1758210589349846098],0.0
[1758210589353500525],0.0
[1758210589357144066],0.0
[1758210589360788441],0.0
[1758210589364443337],0.0
[1758210589368091566],0.0
[1758210589371769275],0.0
[1758210589375431566],0.0
[1758210589379438285],0.0
[1758210589383153962],0.0
[1758210589387016879],0.0
[1758210589390706306],0.0
[1758210589394333754],0.0
[1758210589397984952],0.0
[1758210589401669744],0.0
[1758210589405363025],0.0
[1758210589409028285],0.0
[1758210589412673389],0.0
[1758210589416351879],0.0
[1758210589420061046],0.0
[1758210589423812504],0.0
[1758210589427474431],0.0
[1758210589431227452],0.0
[1758210589434935473],0.0
[1758210589438689639],0.0
[1758210589442351827],0.0
[1758210589446043858],0.0
[1758210589449787087],0.0
[1758210589453439691],0.0
[1758210589457103962],0.0
[1758210589460804275],0.0
[1758210589464503962],0.0
[1758210589468195525],0.0
[1758210589471880837],0.0
[1758210589475564691],0.0
[1758210589479461827],0.0
[1758210589483135160],0.0
[1758210589486851983],0.0
[1758210589490801566],0.0
[1758210589494520733],0.0
[1758210589498212452],0.0
[1758210589501884587],0.0
[1758210589505566514],0.0
[1758210589509224639],0.0
[1758210589512857087],0.0
[1758210589516513285],0.0
[1758210589520227191],0.0
[1758210589523989639],0.0
[1758210589527659952],0.0
[1758210589531823337],0.0
[1758210589535494796],0.0
[1758210589539172712],0.0
[1758210589542823493],0.0
[1758210589546470733],0.0
[1758210589550130785],0.0
[1758210589553763598],0.0
[1758210589557419483],0.0
[1758210589561153181],0.0
[1758210589564933754],0.0
[1758210589568635733],0.0
[1758210589572273285],0.0
[1758210589575911046],0.0
[1758210589579633806],0.0
[1758210589583298025],0.0
[1758210589586942712],0.0
[1758210589590593441],0.0
[1758210589594486983],0.0
[1758210589598285108],0.0
[1758210589602006358],0.0
[1758210589605776775],0.0
[1758210589609472868],0.0
[1758210589613123546],0.0
[1758210589616770108],0.0
[1758210589620431671],0.0
[1758210589624164014],0.0
[1758210589627816514],0.0
[1758210589634247973],0.0
[1758210589638302660],0.0
[1758210589642015837],0.0
[1758210589645809118],0.0
[1758210589650676879],0.0
[1758210589654632452],0.0
[1758210589658571931],0.0
[1758210589662482556],0.0
[1758210589666343910],0.0
[1758210589670255733],0.0
[1758210589674129066],0.0
[1758210589678023077],0.0
[1758210589681977660],0.0
[1758210589685848389],0.0
[1758210589689779691],0.0
[1758210589693634483],0.0
[1758210589697293650],0.0
[1758210589702373077],0.0
[1758210589707860577],0.0
[1758210589712731670],0.0
[1758210589716658077],0.0
[1758210589720325004],0.0
[1758210589723943650],0.0
[1758210589727561827],0.0
[1758210589731267087],0.0
[1758210589734876514],0.0
[1758210589739420837],0.0
[1758210589743090785],0.0
[1758210589746737608],0.0
[1758210589750525525],0.0
[1758210589754172139],0.0
[1758210589757826931],0.0
[1758210589761536879],0.0
[1758210589765184483],0.0
[1758210589768852816],0.0
[1758210589772487973],0.0
[1758210589776163129],0.0
[1758210589779922868],0.0
[1758210589783572816],0.0
[1758210589787242243],0.0
[1758210589791005264],0.0
[1758210589794667191],0.0
[1758210589798364066],0.0
[1758210589802049431],0.0
[1758210589805697087],0.0
[1758210589809352712],0.0
[1758210589813884639],0.0
[1758210589817819691],0.0
[1758210589821515941],0.0
[1758210589825173285],0.0
[1758210589828897920],0.0
[1758210589832559431],0.0
[1758210589836210473],0.0
[1758210589839928389],0.0
[1758210589843590733],0.0
[1758210589847347348],0.0
[1758210589851040941],0.0
[1758210589854721775],0.0
[1758210589858457191],0.0
[1758210589862242035],0.0
[1758210589866044795],0.0
[1758210589869851514],0.0
[1758210589873520056],0.0
[1758210589877209691],0.0
[1758210589881237868],0.0
[1758210589884975577],0.0
[1758210589888801879],0.0
[1758210589892462452],0.0
[1758210589896115160],0.0
[1758210589899813598],0.0
[1758210589903490212],0.0
[1758210589907145264],0.0
[1758210589910849379],0.0
[1758210589914496775],0.0
[1758210589918180993],0.0
[1758210589921902556],0.0
[1758210589925803441],0.0
[1758210589929622816],0.0
[1758210589933288702],0.0
[1758210589936940160],0.0
[1758210589940655004],0.0
[1758210589944344379],0.0
[1758210589948002920],0.0
[1758210589951766358],0.0
[1758210589955441566],0.0
[1758210589959153389],0.0
[1758210589962805525],0.0
[1758210589966456202],0.0
[1758210589970149327],0.0
[1758210589973840941],0.0
[1758210589977504066],0.0
[1758210589981625889],0.0
[1758210589985331827],0.0
[1758210589989014222],0.0
[1758210589992656566],0.0
[1758210589996302504],0.0
[1758210590000014222],0.0
[1758210590003690368],0.0
[1758210590007333025],0.0
[1758210590011027347],0.0
[1758210590014685056],0.0
[1758210590018408702],0.0
[1758210590022127816],0.0
[1758210590025869639],0.0
[1758210590029664691],0.0
[1758210590033342139],0.0
[1758210590037013337],0.0
[1758210590040700629],0.0
[1758210590044389535],0.0
[1758210590048028285],0.0
[1758210590051680577],0.0
[1758210590055330264],0.0
[1758210590059009483],0.0
[1758210590062689743],0.0
[1758210590066364118],0.0
[1758210590070046202],0.0
[1758210590073673858],0.0
[1758210590077361722],0.0
[1758210590081158389],0.0
[1758210590085692868],0.0
[1758210590089626670],0.0
[1758210590093312191],0.0
[1758210590096956566],0.0
[1758210590100606045],0.0
[1758210590104261202],0.0
[1758210590107985889],0.0
[1758210590112794327],0.0
[1758210590116790316],0.0
[1758210590120721149],0.0
[1758210590124615524],0.0
[1758210590128578129],0.0
[1758210590133408858],0.0
[1758210590137382504],0.0
[1758210590141304014],0.0
[1758210590145206774],0.0
[1758210590149123233],0.0
[1758210590152980941],0.0
[1758210590157633493],0.0
[1758210590161438285],0.0
[1758210590165132191],0.0
[1758210590168820004],0.0
[1758210590172474327],0.0
[1758210590176137295],0.0
[1758210590180725420],0.0
[1758210590184496254],0.0
[1758210590188192399],0.0
[1758210590191905316],0.0
[1758210590195565993],0.0
[1758210590199262816],0.0
[1758210590202898910],0.0
[1758210590206545993],0.0
[1758210590210222035],0.0
[1758210590214102868],0.0
[1758210590217814535],0.0
[1758210590221546514],0.0
[1758210590225318024],0.0
[1758210590229044795],0.0
[1758210590232696774],0.0
[1758210590236413545],0.0
[1758210590240105160],0.0
[1758210590243776827],0.0
[1758210590247427816],0.0
[1758210590251093754],0.0
[1758210590254742920],0.0
[1758210590258464847],0.0
[1758210590262198129],0.0
[1758210590266143441],0.0
[1758210590269864327],0.0
[1758210590273512399],0.0
[1758210590277225889],0.0
[1758210590280969743],0.0
[1758210590284617295],0.0
[1758210590288302087],0.0
[1758210590291993389],0.0
[1758210590295642712],0.0
[1758210590299354535],0.0
[1758210590305048285],0.0
[1758210590308892764],0.0
[1758210590312598597],0.0
[1758210590316261931],0.0
[1758210590320187816],0.0
[1758210590323883806],0.0
[1758210590327534379],0.0
[1758210590331278233],0.0
[1758210590334933649],0.0
[1758210590338722399],0.0
[1758210590342424274],0.0
[1758210590346089118],0.0
[1758210590349757712],0.0
[1758210590353441097],0.0
[1758210590357238076],0.0
[1758210590360901931],0.0
[1758210590364543701],0.0
[1758210590368270576],0.0
[1758210590371930368],0.0
[1758210590375608858],0.0
[1758210590379304118],0.0
[1758210590382933129],0.0
[1758210590386595993],0.0
[1758210590390322035],0.0
[1758210590393968754],0.0
[1758210590397627295],0.0
[1758210590401359847],0.0
[1758210590405036358],0.0
[1758210590408730368],0.0
[1758210590412405993],0.0
[1758210590416055004],0.0
[1758210590419696045],0.0
[1758210590423346566],0.0
[1758210590427954795],0.0
[1758210590431873337],0.0
[1758210590435575941],0.0
[1758210590439270733],0.0
[1758210590442916358],0.0
[1758210590446562347],0.0
[1758210590450245629],0.0
[1758210590453936774],0.0
[1758210590457578806],0.0
[1758210590461216045],0.0
[1758210590464865420],0.0
[1758210590468636462],0.0
[1758210590472366774],0.0
[1758210590476171201],0.0
[1758210590480011149],0.0
[1758210590483725733],0.0
[1758210590487378441],0.0
[1758210590491142868],0.0
[1758210590494851410],0.0
[1758210590498601931],0.0
[1758210590502282347],0.0
[1758210590505933597],0.0
[1758210590509591670],0.0
[1758210590513258389],0.0
[1758210590516901670],0.0
[1758210590520585681],0.0
[1758210590524245264],0.0
[1758210590527927764],0.0
[1758210590532113076],0.0
[1758210590535800785],0.0
[1758210590539509222],0.0
[1758210590543178337],0.0
[1758210590546829639],0.0
[1758210590550509535],0.0
[1758210590554180889],0.0
[1758210590557854691],0.0
[1758210590561525160],0.0
[1758210590565199899],0.0
[1758210590568952191],0.0
[1758210590572650993],0.0
[1758210590576913181],0.0
[1758210590581823493],0.0
[1758210590586739118],0.0
[1758210590590801931],0.0
[1758210590595664587],0.0
[1758210590599651358],0.0
[1758210590603558389],0.0
[1758210590607445993],0.0
[1758210590611374639],0.0
[1758210590615241358],0.0
[1758210590619135316],0.0
[1758210590622954222],0.0
[1758210590626613597],0.0
[1758210590631265212],0.0
[1758210590635771931],0.0
[1758210590639871149],0.0
[1758210590643669431],0.0
[1758210590647331774],0.0
[1758210590651031670],0.0
[1758210590654670368],0.0
[1758210590658352816],0.0
[1758210590662010837],0.0
[1758210590665644639],0.0
[1758210590669298441],0.0
[1758210590672936878],0.0
[1758210590676586410],0.0
[1758210590680345316],0.0
[1758210590684103701],0.0
[1758210590687758285],0.0
[1758210590691439014],0.0
[1758210590695108337],0.0
[1758210590698777243],0.0
[1758210590702440733],0.0
[1758210590706085837],0.0
[1758210590709739066],0.0
[1758210590713370524],0.0
[1758210590717009378],0.0
[1758210590720705264],0.0
[1758210590724441670],0.0
[1758210590728099587],0.0
[1758210590731852347],0.0
[1758210590735549483],0.0
[1758210590739291201],0.0
[1758210590743330368],0.0
[1758210590747733389],0.0
[1758210590752362451],0.0
[1758210590756217868],0.0
[1758210590759973701],0.0
[1758210590763597347],0.0
[1758210590767240889],0.0
[1758210590770926514],0.0
[1758210590774559274],0.0
[1758210590778248753],0.0
[1758210590781948858],0.0
[1758210590785609691],0.0
[1758210590789300785],0.0
[1758210590792945837],0.0
[1758210590796606722],0.0
[1758210590800362451],0.0
[1758210590804017503],0.0
[1758210590807655420],0.0
[1758210590811288441],0.0
[1758210590814910420],0.0
[1758210590818631826],0.0
[1758210590822260785],0.0
[1758210590825889274],0.0
[1758210590829623649],0.0
[1758210590833269951],0.0
[1758210590836920264],0.0
[1758210590840648389],0.0
[1758210590844328962],0.0
[1758210590847978962],0.0
[1758210590851622868],0.0
[1758210590855277972],0.0
[1758210590859226618],0.0
[1758210590862995837],0.0
[1758210590866686358],0.0
[1758210590870340628],0.0
[1758210590873993024],0.0
[1758210590877632764],0.0
[1758210590881345524],0.0
[1758210590885005368],0.0
[1758210590888727972],0.0
[1758210590892394066],0.0
[1758210590896068076],0.0
[1758210590899777503],0.0
[1758210590903540055],0.0
[1758210590907187764],0.0
[1758210590910839795],0.0
[1758210590914497139],0.0
[1758210590920075524],0.0
[1758210590923875160],0.0
[1758210590927564691],0.0
[1758210590932122035],0.0
[1758210590935889847],0.0
[1758210590939645837],0.0
[1758210590943297191],0.0
[1758210590946944795],0.0
[1758210590950634639],0.0
[1758210590954330733],0.0
[1758210590958027816],0.0
[1758210590961723962],0.0
[1758210590965634795],0.0
[1758210590969454222],0.0
[1758210590973139795],0.0
[1758210590976904274],0.0
[1758210590980646826],0.0
[1758210590984319222],0.0
[1758210590988004743],0.0
[1758210590991687764],0.0
[1758210590995359222],0.0
[1758210590999015368],0.0
[1758210591002650368],0.0
[1758210591006289899],0.0
[1758210591009976097],0.0
[1758210591013617972],0.0
[1758210591017410264],0.0
[1758210591021085837],0.0
[1758210591024723128],0.0
[1758210591028623857],0.0
[1758210591032384482],0.0
[1758210591036046982],0.0
[1758210591040777191],0.0
[1758210591044757295],0.0
[1758210591048741722],0.0
[1758210591052629430],0.0
[1758210591056491149],0.0
[1758210591060422035],0.0
[1758210591064345524],0.0
[1758210591068346201],0.0
[1758210591073808910],0.0
[1758210591077837347],0.0
[1758210591081889639],0.0
[1758210591085560264],0.0
[1758210591089271566],0.0
[1758210591092963389],0.0
[1758210591096585732],0.0
[1758210591100240889],0.0
[1758210591103861722],0.0
[1758210591107489691],0.0
[1758210591111141357],0.0
[1758210591114760785],0.0
[1758210591118449118],0.0
[1758210591122126097],0.0
[1758210591125862347],0.0
[1758210591129607660],0.0
[1758210591133246201],0.0
[1758210591136876878],0.0
[1758210591140614587],0.0
[1758210591144283962],0.0
[1758210591147910785],0.0
[1758210591151607816],0.0
[1758210591155266982],0.0
[1758210591158958076],0.0
[1758210591162642972],0.0
[1758210591166293285],0.0
[1758210591169964430],0.0
[1758210591173632139],0.0
[1758210591178276253],0.0
[1758210591182177764],0.0
[1758210591185941930],0.0
[1758210591189622764],0.0
[1758210591193261826],0.0
[1758210591196908597],0.0
[1758210591200573337],0.0
[1758210591204220368],0.0
[1758210591207875941],0.0
[1758210591211576253],0.0
[1758210591215228284],0.0
[1758210591218935159],0.0
[1758210591222612920],0.0
[1758210591226360420],0.0
[1758210591230146826],0.0
[1758210591233807712],0.0
[1758210591237459274],0.0
[1758210591241175732],0.0
[1758210591244914534],0.0
[1758210591248655159],0.0
[1758210591252338389],0.0
[1758210591256036826],0.0
[1758210591259775368],0.0
[1758210591263437868],0.0
[1758210591267089743],0.0
[1758210591270752191],0.0
[1758210591274423597],0.0
[1758210591278106253],0.0
[1758210591282273805],0.0
[1758210591285957712],0.0
[1758210591289644951],0.0
[1758210591293322712],0.0
[1758210591296975628],0.0
[1758210591300637712],0.0
[1758210591304389430],0.0
[1758210591308017243],0.0
[1758210591311672920],0.0
[1758210591315300472],0.0
[1758210591318970420],0.0
[1758210591322649639],0.0
[1758210591326435628],0.0
[1758210591330190316],0.0
[1758210591333824014],0.0
[1758210591337445680],0.0
[1758210591341112399],0.0
[1758210591344755576],0.0
[1758210591348475784],0.0
[1758210591352144899],0.0
[1758210591355785055],0.0
[1758210591359488337],0.0
[1758210591363134222],0.0
[1758210591366779587],0.0
[1758210591370497243],0.0
[1758210591374180837],0.0
[1758210591377821930],0.0
[1758210591381528493],0.0
[1758210591385478597],0.0
[1758210591389267659],0.0
[1758210591392923284],0.0
[1758210591396615212],0.0
[1758210591400318180],0.0
[1758210591403961409],0.0
[1758210591407606045],0.0
[1758210591411256253],0.0
[1758210591414949534],0.0
[1758210591418715680],0.0
[1758210591422391826],0.0
[1758210591426062243],0.0
[1758210591431285576],0.0
[1758210591435104691],0.0
[1758210591438775316],0.0
[1758210591442495889],0.0
[1758210591446191409],0.0
[1758210591449898180],0.0
[1758210591453594170],0.0
[1758210591457245107],0.0
[1758210591460896514],0.0
[1758210591464535993],0.0
[1758210591468287399],0.0
[1758210591472000211],0.0
[1758210591475651514],0.0
[1758210591479405889],0.0
[1758210591483059066],0.0
[1758210591486708180],0.0
[1758210591491253336],0.0
[1758210591495148753],0.0
[1758210591498921461],0.0
[1758210591503212920],0.0
[1758210591507114639],0.0
[1758210591511042034],0.0
[1758210591514938545],0.0
[1758210591518901670],0.0
[1758210591523509118],0.0
[1758210591527460264],0.0
[1758210591532453805],0.0
[1758210591536456409],0.0
[1758210591540377399],0.0
[1758210591545109795],0.0
[1758210591548917659],0.0
[1758210591552567764],0.0
[1758210591556225836],0.0
[1758210591559913649],0.0
[1758210591563549951],0.0
[1758210591567194430],0.0
[1758210591570880055],0.0
[1758210591574522451],0.0
[1758210591578230993],0.0
[1758210591581893753],0.0
[1758210591585582920],0.0
[1758210591589559170],0.0
[1758210591593241514],0.0
[1758210591596893232],0.0
[1758210591600567607],0.0
[1758210591604212555],0.0
[1758210591607877034],0.0
[1758210591611608128],0.0
[1758210591615263024],0.0
[1758210591618910941],0.0
[1758210591622556514],0.0
[1758210591626264378],0.0
[1758210591629988024],0.0
[1758210591633982920],0.0
[1758210591637750732],0.0
[1758210591641476201],0.0
[1758210591645198857],0.0
[1758210591648991774],0.0
[1758210591652659534],0.0
[1758210591656319586],0.0
[1758210591659992191],0.0
[1758210591663686930],0.0
[1758210591667355680],0.0
[1758210591671035836],0.0
[1758210591674702399],0.0
[1758210591678397868],0.0
[1758210591682061461],0.0
[1758210591685822659],0.0
[1758210591689522816],0.0
[1758210591693227868],0.0
[1758210591696891097],0.0
[1758210591700625055],0.0
[1758210591704327816],0.0
[1758210591707973961],0.0
[1758210591711664899],0.0
[1758210591715316982],0.0
[1758210591718990941],0.0
[1758210591722669066],0.0
[1758210591726321149],0.0
[1758210591729991618],0.0
[1758210591733679638],0.0
[1758210591737344899],0.0
[1758210591741397763],0.0
[1758210591745216513],0.0
[1758210591748964482],0.0
[1758210591752615888],0.0
[1758210591756305107],0.0
[1758210591760035316],0.0
[1758210591763701409],0.0
[1758210591767454847],0.0
[1758210591771121774],0.0
[1758210591774757763],0.0
[1758210591778463545],0.0
[1758210591782149847],0.0
[1758210591785916409],0.0
[1758210591789678597],0.0
[1758210591793336826],0.0
[1758210591796989795],0.0
[1758210591800761618],0.0
[1758210591804429847],0.0
[1758210591808096201],0.0
[1758210591811783701],0.0
[1758210591815457399],0.0
[1758210591819168597],0.0
[1758210591822812138],0.0
[1758210591826463232],0.0
[1758210591830148441],0.0
[1758210591833804638],0.0
[1758210591837447191],0.0
[1758210591841116409],0.0
[1758210591845991982],0.0
[1758210591849871670],0.0
[1758210591853526149],0.0
[1758210591857187034],0.0
[1758210591860973076],0.0
[1758210591864616097],0.0
[1758210591868285680],0.0
[1758210591871932868],0.0
[1758210591875576253],0.0
[1758210591879318649],0.0
[1758210591882976670],0.0
[1758210591886598753],0.0
[1758210591890249899],0.0
[1758210591893868753],0.0
[1758210591897592347],0.0
[1758210591902178857],0.0
[1758210591905989899],0.0
[1758210591909703857],0.0
[1758210591913332711],0.0
[1758210591916969951],0.0
[1758210591920640784],0.0
[1758210591924290003],0.0
[1758210591927926982],0.0
[1758210591931577763],0.0
[1758210591935245315],0.0
[1758210591938936982],0.0
[1758210591942571722],0.0
[1758210591946232920],0.0
[1758210591950299743],0.0
[1758210591954003388],0.0
[1758210591957674222],0.0
[1758210591962484534],0.0
[1758210591966499638],0.0
[1758210591970479534],0.0
[1758210591974374586],0.0
[1758210591978301201],0.0
[1758210591983105784],0.0
[1758210591987063440],0.0
[1758210591990977607],0.0
[1758210591994856878],0.0
[1758210591999182243],0.0
[1758210592003063180],0.0
[1758210592006866461],0.0
[1758210592010546826],0.0
[1758210592014183284],0.0
[1758210592017833493],0.0
[1758210592021535315],0.0
[1758210592025204899],0.0
[1758210592029012138],0.0
[1758210592032668493],0.0
[1758210592036331409],0.0
[1758210592040091097],0.0
[1758210592043752451],0.0
[1758210592047456565],0.0
[1758210592052050732],0.0
[1758210592056696461],0.0
[1758210592060548753],0.0
[1758210592064195993],0.0
[1758210592067843701],0.0
[1758210592071518440],0.0
[1758210592075157295],0.0
[1758210592078814065],0.0
[1758210592082458753],0.0
[1758210592086139638],0.0
[1758210592089788128],0.0
[1758210592093428649],0.0
[1758210592097084586],0.0
[1758210592101748284],0.0
[1758210592105560680],0.0
[1758210592109220159],0.0
[1758210592112860940],0.0
[1758210592116503753],0.0
[1758210592120170576],0.0
[1758210592123812607],0.0
[1758210592127459378],0.0
[1758210592131098284],0.0
