timestamp,x1,y1,z1,x2,y2,z2
0.20013,,,,1.994,0.603,9.641
0.20013,,,,2.14,0.575,9.457
0.20013,,,,2.057,0.467,9.507
0.20013,,,,2.291,0.515,9.663
0.20013,,,,2.164,0.472,9.622
0.20013,,,,2.128,0.575,9.421
0.20013,,,,2.143,0.577,9.536
0.20013,,,,2.114,0.479,9.591
0.20013,,,,2.116,0.46,9.56
0.20013,,,,2.152,0.498,9.579
0.20013,,,,2.133,0.481,9.553
0.20013,,,,2.119,0.486,9.591
0.20013,,,,2.128,0.515,9.699
0.20013,,,,2.009,0.498,9.622
0.20013,,,,2.15,0.51,9.574
0.20013,,,,2.107,0.472,9.637
0.20013,,,,2.181,0.512,9.527
0.20013,,,,2.021,0.505,9.536
0.20013,,,,2.172,0.546,9.416
0.40027,,,,2.14,0.488,9.565
0.40027,,,,2.014,0.503,9.591
0.40027,,,,2.128,0.558,9.634
0.40027,,,,2.126,0.505,9.615
0.40027,,,,2.138,0.553,9.608
0.40027,,,,2.085,0.479,9.589
0.40027,,,,2.131,0.527,9.531
0.40027,,,,2.167,0.555,9.689
0.40027,,,,2.088,0.527,9.522
0.40027,,,,2.109,0.603,9.527
0.40027,,,,2.155,0.508,9.574
0.40027,,,,2.143,0.51,9.598
0.40027,,,,2.138,0.527,9.656
0.40027,,,,2.102,0.567,9.658
0.40027,,,,2.138,0.539,9.555
0.40027,,,,2.133,0.503,9.586
0.40027,,,,2.112,0.512,9.579
0.40027,,,,2.002,0.498,9.62
0.40027,,,,2.148,0.484,9.428
0.40027,,,,2.162,0.508,9.469
0.40027,,,,2.097,0.491,9.625
0.60027,,,,2.143,0.496,9.665
0.60027,,,,2.138,0.491,9.634
0.60027,,,,2.121,0.476,9.503
0.60027,,,,2.128,0.484,9.618
0.60027,,,,2.128,0.503,9.67
0.60027,,,,2.16,0.505,9.572
0.60027,,,,2.282,0.493,9.416
0.60027,,,,2.179,0.56,9.651
0.60027,,,,2.157,0.472,9.598
0.60027,,,,2.167,0.467,9.629
0.60027,,,,2.131,0.491,9.603
0.60027,,,,2.174,0.524,9.629
0.60027,,,,2.131,0.5,9.608
0.60027,,,,2.138,0.543,9.606
0.60027,,,,2.076,0.491,9.503
0.60027,,,,2.126,0.505,9.634
0.60027,,,,2.274,0.472,9.661
0.60027,,,,2.114,0.594,9.385
0.60027,,,,2.138,0.481,9.371
0.60027,,,,2.145,0.503,9.622
0.80039,,,,2.124,0.515,9.55
0.80039,,,,2.126,0.512,9.627
0.80039,,,,2.116,0.524,9.646
0.80039,,,,2.128,0.551,9.438
0.80039,,,,2.114,0.503,9.639
0.80039,,,,2.274,0.52,9.634
0.80039,,,,2.291,0.493,9.761
0.80039,,,,2.124,0.522,9.629
0.80039,,,,1.484,1.341,9.261
0.80039,,,,1.956,0.785,8.866
0.80039,,,,2.145,0.242,10.317
0.80039,,,,1.994,0.424,9.962
0.80039,,,,2.598,-0.618,9.436
0.80039,,,,1.975,0.508,9.562
0.80039,,,,2.227,0.065,9.57
0.80039,,,,1.64,0.759,9.598
0.80039,,,,1.86,0.484,9.814
0.80039,,,,2.217,-0.572,9.826
0.80039,,,,1.803,0.589,9.651
0.80039,,,,2.057,0.555,9.704
0.80039,,,,1.877,0.601,9.732
1.00042,,,,1.676,0.757,9.637
1.00042,,,,2.368,0.476,9.859
1.00042,,,,1.865,0.869,9.598
1.00042,,,,2.066,0.22,9.855
1.00042,,,,0.678,1.192,10.058
1.00042,,,,2.787,-0.292,9.919
1.00042,,,,2.377,0.177,9.855
1.00042,,,,2.203,0.376,10.068
1.00042,,,,1.305,-1.255,9.89
1.00042,,,,1.657,0.081,8.827
1.00042,,,,2.109,0.73,9.292
1.00042,,,,1.903,0.883,9.187
1.00042,,,,1.81,0.79,9.409
1.00042,,,,1.872,0.634,9.529
1.00042,,,,2.028,0.505,9.558
1.00042,,,,2.037,0.438,9.795
1.00042,,,,2.004,0.326,9.761
1.00042,,,,0.515,2.65,9.783
1.00042,,,,2.667,1.073,9.239
1.00042,,,,2.389,0.194,9.567
1.00042,,,,3.242,-4.571,8.157
1.20053,,,,0.955,-1.176,9.335
1.20053,,,,1.444,-0.797,9.773
1.20053,,,,1.391,-0.077,9.426
1.20053,,,,2.413,-0.294,9.536
1.20053,,,,2.349,0.096,9.218
1.20053,,,,1.918,-0.196,10.032
1.20053,,,,1.803,-0.194,9.474
1.20053,,,,1.144,-0.347,10.197
1.20053,,,,1.36,-0.175,10.175
1.20053,,,,3.448,1.504,10.166
1.20053,,,,1.269,-0.297,9.9
1.20053,,,,1.188,0.883,9.634
1.20053,,,,1.199,-0.73,9.907
1.20053,,,,1.501,0.134,9.749
1.20053,,,,0.812,1.221,9.565
1.20053,,,,1.106,1.362,9.701
1.20053,,,,0.543,1.537,9.747
1.20053,,,,-0.254,1.65,9.929
1.20053,,,,-1.283,1.506,9.574
1.20053,,,,-1.338,2.236,9.486
1.20053,,,,0.271,2.176,9.555
1.40055,,,,1.918,0.031,10.242
1.40055,,,,1.81,-0.443,10.523
1.40055,,,,0.654,-0.163,10.35
1.40055,,,,0.639,-0.462,10.534
1.40055,,,,1.044,-1.211,9.737
1.40055,,,,1.319,-0.481,9.845
1.40055,,,,1.183,0.543,9.459
1.40055,,,,1.334,-1.199,9.467
1.40055,,,,0.994,-0.208,9.898
1.40055,,,,0.625,-0.73,10.075
1.40055,,,,0.929,-0.053,9.661
1.40055,,,,1.073,-0.273,9.653
1.40055,,,,1.563,-0.608,9.84
1.40055,,,,1.03,-0.654,10.305
1.40055,,,,0.656,-0.359,9.194
1.40055,,,,0.836,-0.302,10.415
1.40055,,,,1.408,-0.074,10.07
1.40055,,,,-0.026,0.668,9.325
1.40055,,,,0.608,1.276,9.22
1.40055,,,,1.106,0.512,9.716
1.40055,,,,1.338,0.546,9.878
1.60059,,,,1.386,0.484,9.802
1.60059,,,,1.341,0.589,9.39
1.60059,,,,1.271,0.4,9.436
1.60059,,,,1.338,0.376,9.697
1.60059,,,,1.408,0.175,9.653
1.60059,,,,1.365,0.158,9.802
1.60059,,,,1.369,0.211,9.773
1.60059,,,,1.554,0.034,9.67
1.60059,,,,1.336,0.297,9.658
1.60059,,,,1.358,0.242,9.732
1.60059,,,,1.307,0.22,9.744
1.60059,,,,1.374,0.16,9.68
1.60059,,,,1.322,0.39,9.61
1.60059,,,,1.152,0.503,9.888
1.60059,,,,1.432,0.201,9.728
1.60059,,,,1.245,0.599,9.594
1.60059,,,,1.24,0.192,9.773
1.60059,,,,1.484,0.225,9.553
1.60059,,,,-3.57,0.189,10.108
1.60059,,,,0.424,0.836,9.96
1.60059,,,,2.737,-0.532,9.833
1.8007,,,,1.341,-0.23,10.218
1.8007,,,,1.432,0.05,9.876
1.8007,,,,0.488,0.23,10.013
1.8007,,,,0.575,0.304,9.754
1.8007,,,,0.412,0.527,9.685
1.8007,,,,0.026,0.591,9.907
1.8007,,,,0.383,0.158,9.972
1.8007,,,,0.579,0.414,9.682
1.8007,,,,0.256,0.426,9.735
1.8007,,,,0.182,0.235,9.735
1.8007,,,,0.101,0.256,9.833
1.8007,,,,-0.038,0.249,9.84
1.8007,,,,-0.031,0.278,9.694
1.8007,,,,-0.158,0.371,9.962
1.8007,,,,-0.196,0.196,9.754
1.8007,,,,-0.268,0.244,9.852
1.8007,,,,-0.235,0.285,9.79
1.8007,,,,-0.481,0.079,9.926
1.8007,,,,-0.311,0.271,9.845
1.8007,,,,-0.177,0.441,9.797
1.8007,,,,-0.362,0.678,9.404
2.00073,,,,-0.366,0.431,9.766
2.00073,,,,-0.309,0.407,9.732
2.00073,,,,-0.594,0.194,9.682
2.00073,,,,-0.393,0.077,9.759
2.00073,,,,-0.39,0.079,9.907
2.00073,,,,-0.402,0.35,9.797
2.00073,,,,-0.436,0.429,9.79
2.00073,,,,-0.297,0.541,9.732
2.00073,,,,-0.261,0.754,9.802
2.00073,,,,-0.39,0.546,9.835
2.00073,,,,-0.306,0.503,9.785
2.00073,,,,-0.299,0.781,9.74
2.00073,,,,-0.306,0.529,9.749
2.00073,,,,-0.333,0.649,9.749
2.00073,,,,-0.326,0.522,9.699
2.00073,,,,-0.357,0.462,9.89
2.00073,,,,-0.366,0.397,9.89
2.00073,,,,-0.323,0.12,9.723
2.00073,,,,-0.237,0.299,9.795
2.00073,,,,-0.294,0.443,9.857
2.20086,,,,-0.271,0.297,9.84
2.20086,,,,-0.409,0.611,9.847
2.20086,,,,-0.606,0.68,9.823
2.20086,,,,-0.421,0.419,9.701
2.20086,,,,-0.373,0.567,9.78
2.20086,,,,-0.438,0.596,9.929
2.20086,,,,-0.39,0.563,9.876
2.20086,,,,-0.373,0.479,9.914
2.20086,,,,-0.347,0.352,9.96
2.20086,,,,-0.4,0.397,9.797
2.20086,,,,-0.373,0.445,9.814
2.20086,,,,-0.364,0.46,9.883
2.20086,,,,-0.424,0.555,9.653
2.20086,,,,-0.366,0.469,9.795
2.20086,,,,-0.371,0.453,9.79
2.20086,,,,-0.357,0.534,9.804
2.20086,,,,-0.364,0.462,9.656
2.20086,,,,-0.352,0.395,9.776
2.20086,,,,-0.342,0.373,9.886
2.20086,,,,-0.338,0.342,9.941
2.40095,,,,-0.402,0.364,9.725
2.40095,,,,-0.364,0.515,9.759
2.40095,,,,-0.335,0.522,9.764
2.40095,,,,-0.335,0.51,9.704
2.40095,,,,-0.369,0.481,9.881
2.40095,,,,-0.326,0.52,9.756
2.40095,,,,-0.35,0.52,9.682
2.40095,,,,-0.366,0.419,9.708
2.40095,,,,-0.388,0.448,9.819
2.40095,,,,-0.39,0.457,9.898
2.40095,,,,-0.383,0.426,9.744
2.40095,,,,-0.369,0.45,9.704
2.40095,,,,-0.359,0.402,9.725
2.40095,,,,-0.338,0.34,9.85
2.40095,,,,-0.354,0.5,9.917
2.40095,,,,-0.311,0.445,9.752
2.40095,,,,-0.33,0.438,9.886
2.40095,,,,-0.397,0.445,9.804
2.40095,,,,-0.371,0.455,9.776
2.40095,,,,-0.364,0.464,9.859
2.60095,,,,-0.35,0.414,9.756
2.60095,,,,-0.376,0.426,9.728
2.60095,,,,-0.35,0.316,9.828
2.60095,,,,-0.328,0.405,9.682
2.60095,,,,-0.366,0.426,9.809
2.60095,,,,-0.359,0.342,9.869
2.60095,,,,-0.34,0.472,9.783
2.60095,,,,-0.376,0.474,9.924
2.60095,,,,-0.357,0.417,9.905
2.60095,,,,-0.352,0.321,9.706
2.60095,,,,-0.373,0.397,9.764
2.60095,,,,-0.345,0.46,9.809
2.60095,,,,-0.338,0.455,9.814
2.60095,,,,-0.357,0.306,9.725
2.60095,,,,-0.371,0.402,9.675
2.60095,,,,-0.357,0.448,9.847
2.60095,,,,-0.345,0.496,9.831
2.60095,,,,-0.318,0.402,9.687
2.60095,,,,-0.359,0.385,9.802
2.60095,,,,-0.376,0.441,9.73
2.60095,,,,-0.366,0.326,9.692
2.80101,,,,-0.354,0.421,9.766
2.80101,,,,-0.376,0.323,9.754
2.80101,,,,-0.359,0.381,9.778
2.80101,,,,-0.318,0.395,9.855
2.80101,,,,-0.342,0.433,9.893
2.80101,,,,-0.395,0.464,9.924
2.80101,,,,-0.388,0.472,9.697
2.80101,,,,-0.39,0.443,9.795
2.80101,,,,-0.35,0.431,9.711
2.80101,,,,-0.359,0.445,9.723
2.80101,,,,-0.35,0.453,9.668
2.80101,,,,-0.362,0.421,9.78
2.80101,,,,-0.345,0.309,9.756
2.80101,,,,-0.383,0.436,9.737
2.80101,,,,19.613,-8.614,5.44
2.80101,,,,-2.322,0.876,10.178
2.80101,,,,0.86,0.153,9.658
2.80101,,,,0.218,0.177,9.72
2.80101,,,,0.168,0.187,9.843
2.80101,,,,-0.053,0.141,9.819
2.80101,,,,0.038,0.28,9.802
3.00112,,,,-0.103,0.235,9.538
3.00112,,,,-0.151,0.292,9.67
3.00112,,,,-0.05,0.089,9.826
3.00112,,,,0.0,0.302,9.881
3.00112,,,,-0.364,0.603,9.79
3.00112,,,,-0.256,0.362,9.699
3.00112,,,,-0.215,0.304,9.943
3.00112,,,,-0.316,0.345,9.876
3.00112,,,,-0.223,0.323,9.668
3.00112,,,,-0.256,0.371,9.752
3.00112,,,,-0.275,0.318,9.823
3.00112,,,,-0.244,0.364,9.843
3.00112,,,,-0.22,0.326,9.723
3.00112,,,,-0.192,0.33,9.72
3.00112,,,,-0.201,0.321,9.852
3.00112,,,,-0.201,0.388,9.73
3.00112,,,,-0.189,0.297,9.668
3.00112,,,,-0.273,0.362,9.847
3.00112,,,,-0.23,0.165,9.771
3.00112,,,,-0.263,0.318,9.773
3.00112,,,,-0.251,0.35,9.871
3.20114,,,,-0.182,0.192,9.675
3.20114,,,,-0.278,0.419,9.804
3.20114,,,,-0.254,0.45,9.835
3.20114,,,,-0.175,0.316,9.941
3.20114,,,,-0.292,0.455,9.692
3.20114,,,,-0.151,0.369,9.795
3.20114,,,,-0.247,0.393,9.907
3.20114,,,,-0.22,0.17,9.828
3.20114,,,,-0.22,0.237,9.694
3.20114,,,,-0.23,0.302,9.656
3.20114,,,,-0.256,0.283,9.876
3.20114,,,,-0.345,0.587,9.785
3.20114,,,,-0.223,0.259,9.787
3.20114,,,,-0.268,0.093,9.831
3.20114,,,,-0.328,0.405,9.828
3.20114,,,,-0.35,0.017,9.881
3.20114,,,,-0.409,0.287,9.756
3.20114,,,,-0.275,0.273,9.826
3.20114,,,,-0.383,0.575,9.761
3.20114,,,,-0.354,0.208,9.713
3.20114,,,,-0.359,0.364,9.797
3.4012,,,,-0.4,0.376,9.744
3.4012,,,,-0.369,0.429,9.869
3.4012,,,,-0.366,0.421,9.802
3.4012,,,,-0.369,0.431,9.773
3.4012,,,,-0.371,0.424,9.807
3.4012,,,,-0.338,0.455,9.689
3.4012,,,,-0.321,0.441,9.675
3.4012,,,,-0.311,0.429,9.912
3.4012,,,,-0.34,0.407,9.867
3.4012,,,,-9.706,1.7,-3.498
3.4012,,,,-1.441,0.704,9.426
3.4012,,,,-0.038,0.201,9.91
3.4012,,,,-0.069,0.278,9.618
3.4012,,,,-0.165,0.294,9.96
3.4012,,,,-0.136,0.227,10.075
3.4012,,,,-0.187,0.29,9.895
3.4012,,,,-0.172,0.242,9.72
3.4012,,,,-0.532,0.481,9.601
3.4012,,,,-0.283,0.369,9.761
3.4012,,,,-0.239,0.364,9.732
3.4012,,,,-0.256,0.381,9.79
3.60414,,,,-0.273,0.347,9.814
3.60414,,,,-0.239,0.321,9.653
3.60414,,,,-0.23,0.378,9.914
3.60414,,,,-0.232,0.323,9.768
3.60414,,,,-0.22,0.376,9.711
3.60414,,,,-0.244,0.299,9.697
3.60414,,,,-0.215,0.378,9.807
3.60414,,,,-0.235,0.397,9.862
3.60414,,,,-0.192,0.362,9.687
3.60414,,,,-0.206,0.397,9.795
3.60414,,,,-0.204,0.335,9.807
3.60414,,,,-0.175,0.366,9.78
3.60414,,,,-0.208,0.407,9.742
3.60414,,,,-0.199,0.388,9.969
3.60414,,,,-0.261,0.328,9.78
3.60414,,,,-0.232,0.342,9.78
3.60414,,,,-0.187,0.333,9.697
3.60414,,,,-0.213,0.357,9.881
3.60414,,,,-0.249,0.369,9.864
3.60414,,,,-0.204,0.33,9.821
3.60414,,,,-0.192,0.338,9.699
3.60414,,,,-0.223,0.249,9.929
3.80428,,,,-0.206,0.17,9.799
3.80428,,,,-0.213,0.371,9.72
3.80428,,,,-0.184,0.285,9.859
3.80428,,,,-0.211,0.333,9.895
3.80428,,,,-0.225,0.347,9.799
3.80428,,,,-0.199,0.321,9.708
3.80428,,,,-0.22,0.299,9.905
3.80428,,,,-0.218,0.34,9.838
3.80428,,,,-0.213,0.338,9.706
3.80428,,,,0.002,0.299,9.749
3.80428,,,,-0.366,0.4,9.754
3.80428,,,,-0.874,1.149,9.191
3.80428,,,,-0.809,-0.953,9.187
3.80428,,,,-0.572,1.238,9.318
3.80428,,,,-0.448,-0.034,10.769
3.80428,,,,-0.455,0.855,9.464
3.80428,,,,-0.148,1.199,8.839
3.80428,,,,-0.474,0.342,10.563
3.80428,,,,-0.105,1.197,9.136
3.80428,,,,0.041,0.788,10.748
3.80428,,,,-0.065,0.098,10.19
4.00431,,,,-0.503,1.628,8.973
4.00431,,,,-0.108,1.602,8.95
4.00431,,,,-0.958,1.626,9.701
4.00431,,,,-0.711,1.721,10.25
4.00431,,,,-1.046,2.107,9.462
4.00431,,,,1.353,0.749,8.21
4.00431,,,,0.074,1.393,8.033
4.00431,,,,-1.733,1.137,13.58
4.00431,,,,0.869,-0.498,10.558
4.00431,,,,1.879,-0.254,9.553
4.00431,,,,0.747,0.713,9.582
4.00431,,,,0.014,0.991,9.732
4.00431,,,,-0.206,0.725,9.151
4.00431,,,,1.635,0.036,10.283
4.00431,,,,0.618,0.565,9.886
4.00431,,,,0.474,0.56,10.032
4.00431,,,,3.402,0.321,2.717
4.00431,,,,1.116,0.038,10.42
4.00431,,,,1.003,-0.694,11.858
4.00431,,,,1.494,-0.599,10.24
4.00431,,,,-0.072,1.125,9.876
4.20443,,,,0.393,1.365,9.155
4.20443,,,,1.822,-0.314,8.892
4.20443,,,,1.839,-2.591,10.463
4.20443,,,,-1.295,1.609,10.242
4.20443,,,,0.247,1.041,8.868
4.20443,,,,1.061,7.259,9.172
4.20443,,,,1.329,0.443,9.589
4.20443,,,,1.233,-0.67,10.458
4.20443,,,,0.69,-0.512,10.69
4.20443,,,,0.991,-1.044,10.305
4.20443,,,,1.87,-3.007,9.335
4.20443,,,,0.785,-1.07,9.586
4.20443,,,,-0.575,-0.62,10.8
4.20443,,,,1.547,-0.462,10.489
4.20443,,,,0.922,-0.85,9.931
4.20443,,,,0.443,-0.69,9.079
4.20443,,,,1.061,0.096,9.699
4.20443,,,,1.176,-0.534,9.615
4.20443,,,,1.279,-0.309,9.697
4.20443,,,,1.358,0.206,9.831
4.20443,,,,1.535,0.845,10.242
4.40761,,,,1.547,1.621,10.264
4.40761,,,,1.463,2.385,9.917
4.40761,,,,1.216,3.057,9.85
4.40761,,,,1.159,3.661,9.558
4.40761,,,,1.02,3.706,9.522
4.40761,,,,1.123,3.472,9.718
4.40761,,,,1.125,2.849,9.713
4.40761,,,,0.962,1.968,9.57
4.40761,,,,0.953,1.295,9.4
4.40761,,,,0.838,0.034,8.957
4.40761,,,,0.622,-1.441,8.712
4.40761,,,,0.201,-3.797,8.76
4.40761,,,,0.18,-5.164,9.306
4.40761,,,,0.534,-5.947,10.01
4.40761,,,,0.448,-6.136,10.257
4.40761,,,,0.491,-5.772,10.463
4.40761,,,,0.694,-5.104,10.637
4.40761,,,,1.065,-4.401,10.807
4.40761,,,,1.128,-3.39,10.953
4.40761,,,,1.235,-1.954,10.853
4.40761,,,,1.269,-0.721,10.482
4.40761,,,,1.444,0.462,10.044
4.60774,,,,1.504,1.889,9.627
4.60774,,,,1.48,3.242,9.345
4.60774,,,,1.616,4.647,9.301
4.60774,,,,1.638,5.394,8.928
4.60774,,,,1.618,5.198,8.837
4.60774,,,,1.482,4.848,8.744
4.60774,,,,1.331,3.864,8.614
4.60774,,,,1.053,2.44,8.466
4.60774,,,,0.84,1.003,8.758
4.60774,,,,0.85,-0.383,8.981
4.60774,,,,0.742,-1.939,8.928
4.60774,,,,0.615,-3.546,9.519
4.60774,,,,0.589,-4.879,9.833
4.60774,,,,0.603,-5.602,10.257
4.60774,,,,0.706,-5.804,10.439
4.60774,,,,0.986,-5.598,10.855
4.60774,,,,1.058,-4.934,10.772
4.60774,,,,1.346,-4.219,10.645
4.60774,,,,1.322,-2.883,10.362
4.60774,,,,1.35,-1.719,10.041
4.60774,,,,1.475,-0.757,9.785
4.8078,,,,1.415,0.917,9.431
4.8078,,,,1.745,1.544,9.359
4.8078,,,,1.599,2.16,9.041
4.8078,,,,1.508,2.265,9.0
4.8078,,,,1.494,2.303,8.818
4.8078,,,,1.492,2.234,8.966
4.8078,,,,1.451,1.733,9.103
4.8078,,,,1.247,0.967,8.983
4.8078,,,,1.125,0.407,8.938
4.8078,,,,1.25,-0.204,9.237
4.8078,,,,1.322,-1.111,9.752
4.8078,,,,1.211,-1.654,10.046
4.8078,,,,1.245,-1.982,10.264
4.8078,,,,1.293,-2.236,10.364
4.8078,,,,1.393,-2.255,10.211
4.8078,,,,1.559,-2.021,10.139
4.8078,,,,1.611,-1.676,10.4
4.8078,,,,1.779,-1.267,10.192
4.8078,,,,1.822,-1.006,10.056
4.8078,,,,1.741,-0.606,9.725
4.8078,,,,1.714,-0.168,9.282
5.00785,,,,1.518,0.113,9.649
5.00785,,,,1.458,0.065,9.811
5.00785,,,,1.417,0.093,9.512
5.00785,,,,1.427,0.048,9.598
5.00785,,,,1.441,-0.074,9.85
5.00785,,,,1.489,-0.101,9.586
5.00785,,,,1.381,-0.23,9.716
5.00785,,,,1.307,-0.29,9.687
5.00785,,,,1.288,-0.35,9.689
5.00785,,,,1.353,-0.4,9.787
5.00785,,,,1.453,-0.393,9.708
5.00785,,,,1.324,-0.596,9.615
5.00785,,,,1.389,-0.754,9.785
5.00785,,,,1.283,-0.888,9.756
5.00785,,,,1.319,-0.869,9.68
5.00785,,,,1.089,-1.106,9.486
5.00785,,,,1.235,-0.879,9.301
5.00785,,,,1.255,-0.792,9.026
5.00785,,,,1.204,-0.685,9.002
5.00785,,,,1.245,-0.654,8.957
5.20796,,,,1.255,-0.397,8.859
5.20796,,,,1.233,-0.215,9.299
5.20796,,,,1.58,-0.256,9.242
5.20796,,,,1.293,-0.895,11.372
5.20796,,,,0.773,-0.5,10.039
5.20796,,,,0.852,-0.69,10.621
5.20796,,,,1.113,-0.567,10.446
5.20796,,,,0.946,-0.5,10.132
5.20796,,,,0.96,-0.472,10.027
5.20796,,,,0.601,-0.376,10.094
5.20796,,,,0.742,-0.22,10.293
5.20796,,,,0.611,-0.34,10.034
5.20796,,,,0.436,-0.407,10.111
5.20796,,,,0.206,-0.18,9.687
5.20796,,,,0.419,-0.026,10.156
5.20796,,,,0.378,-0.041,9.91
5.20796,,,,0.273,-0.192,9.934
5.20796,,,,0.232,-0.314,9.9
5.20796,,,,0.093,-0.273,9.838
5.20796,,,,0.091,-0.302,9.914
5.20796,,,,0.12,-0.46,9.819
5.40802,,,,0.175,-0.445,9.804
5.40802,,,,0.151,-0.175,9.737
5.40802,,,,0.113,-0.256,9.778
5.40802,,,,0.165,-0.254,9.773
5.40802,,,,0.163,-0.254,9.778
5.40802,,,,0.158,-0.244,9.855
5.40802,,,,0.17,-0.266,9.795
5.40802,,,,0.261,-0.28,9.84
5.40802,,,,0.273,-0.16,9.639
5.40802,,,,0.251,-0.292,9.558
5.40802,,,,0.261,-0.266,9.711
5.40802,,,,0.347,-0.247,9.57
5.40802,,,,0.235,-0.299,9.51
5.40802,,,,0.237,-0.223,9.802
5.40802,,,,0.249,-0.352,9.969
5.40802,,,,0.187,-0.438,9.833
5.40802,,,,0.208,-0.278,9.857
5.40802,,,,0.22,-0.23,9.893
5.40802,,,,0.244,-0.232,9.857
5.40802,,,,0.259,-0.237,9.742
5.40802,,,,0.263,-0.177,9.766
5.61,,,,0.28,-0.072,9.737
5.61,,,,0.33,-0.175,9.742
5.61,,,,0.294,-0.16,9.874
5.61,,,,0.266,-0.029,9.658
5.61,,,,0.278,-0.007,9.725
5.61,,,,0.22,-0.148,9.95
5.61,,,,0.204,-0.043,9.871
5.61,,,,0.175,-0.057,9.867
5.61,,,,0.218,-0.129,9.871
5.61,,,,0.211,-0.041,10.063
5.61,,,,0.184,-0.062,10.08
5.61,,,,0.211,-0.091,9.91
5.61,,,,0.184,-0.113,9.807
5.61,,,,0.043,-0.12,10.092
5.61,,,,-0.862,-0.158,9.912
5.61,,,,0.414,-0.108,10.051
5.61,,,,0.759,0.591,9.792
5.61,,,,-0.153,-0.453,9.85
5.61,,,,0.235,-0.014,9.943
5.61,,,,0.204,-0.124,10.106
5.61,,,,0.23,-0.038,9.898
5.81001,,,,0.024,-0.338,10.111
5.81001,,,,0.407,-0.362,10.156
5.81001,,,,-0.029,-1.209,10.127
5.81001,,,,0.67,-0.256,10.338
5.81001,,,,0.381,-0.491,10.463
5.81001,,,,0.424,-0.589,10.549
5.81001,,,,0.429,-0.52,10.436
5.81001,,,,0.474,-0.314,10.305
5.81001,,,,0.46,-0.05,10.367
5.81001,,,,0.702,0.206,10.242
5.81001,,,,0.601,0.314,10.096
5.81001,,,,0.651,0.496,10.242
5.81001,,,,0.725,0.836,10.156
5.81001,,,,0.699,1.128,9.967
5.81001,,,,0.718,1.547,10.084
5.81001,,,,0.704,1.903,9.828
5.81001,,,,0.809,2.169,9.424
5.81001,,,,0.807,2.492,9.084
5.81001,,,,0.745,2.655,9.052
5.81001,,,,0.711,2.844,9.0
6.01004,,,,0.51,2.114,8.844
6.01004,,,,0.407,1.721,8.756
6.01004,,,,0.342,1.334,8.818
6.01004,,,,0.347,0.85,9.201
6.01004,,,,0.287,0.278,9.349
6.01004,,,,0.184,-0.898,9.414
6.01004,,,,-0.01,-1.86,9.553
6.01004,,,,-0.113,-2.713,9.986
6.01004,,,,0.124,-3.68,10.23
6.01004,,,,-0.034,-4.662,10.467
6.01004,,,,-0.129,-5.301,10.736
6.01004,,,,-0.007,-5.485,10.69
6.01004,,,,0.036,-5.339,10.707
6.01004,,,,-0.034,-5.033,10.269
6.01004,,,,-0.053,-4.195,10.226
6.01004,,,,0.05,-2.887,10.075
6.01004,,,,0.165,-1.228,9.864
6.01004,,,,0.33,0.271,9.577
6.01004,,,,0.424,1.561,9.062
6.01004,,,,0.546,2.634,8.717
6.21017,,,,0.785,4.717,8.586
6.21017,,,,0.943,5.681,8.432
6.21017,,,,1.094,6.266,8.569
6.21017,,,,0.984,6.285,8.667
6.21017,,,,0.862,5.854,8.839
6.21017,,,,0.876,5.191,9.208
6.21017,,,,0.831,4.077,9.84
6.21017,,,,0.675,2.598,10.254
6.21017,,,,0.488,0.804,10.276
6.21017,,,,0.338,-0.838,10.341
6.21017,,,,0.113,-2.744,10.625
6.21017,,,,0.113,-4.094,10.901
6.21017,,,,0.089,-4.982,11.234
6.21017,,,,0.117,-5.612,11.095
6.21017,,,,0.129,-5.531,11.145
6.21017,,,,0.218,-5.411,11.155
6.21017,,,,0.287,-4.75,11.044
6.21017,,,,0.223,-3.828,10.757
6.21017,,,,0.292,-2.638,10.422
6.21017,,,,0.381,-1.039,10.226
6.21017,,,,0.496,0.558,10.092
6.4103,,,,0.582,2.488,8.95
6.4103,,,,0.663,3.579,8.665
6.4103,,,,0.68,4.262,8.447
6.4103,,,,0.56,4.901,8.317
6.4103,,,,0.627,5.234,8.538
6.4103,,,,0.543,5.114,8.662
6.4103,,,,0.558,4.532,8.957
6.4103,,,,0.273,3.632,8.942
6.4103,,,,0.127,2.344,9.134
6.4103,,,,0.192,0.936,9.359
6.4103,,,,0.28,-0.658,9.371
6.4103,,,,-0.055,-2.37,9.603
6.4103,,,,-0.048,-4.015,10.147
6.4103,,,,0.129,-5.114,10.302
6.4103,,,,0.156,-5.835,10.508
6.4103,,,,0.199,-6.366,10.745
6.4103,,,,0.266,-6.237,11.128
6.4103,,,,0.421,-5.373,11.234
6.4103,,,,0.393,-4.571,10.965
6.4103,,,,0.364,-3.048,10.709
6.4103,,,,0.455,-1.408,10.712
6.61037,,,,0.587,1.113,10.056
6.61037,,,,0.582,2.636,9.56
6.61037,,,,0.627,3.68,9.749
6.61037,,,,0.577,4.357,9.369
6.61037,,,,0.572,4.855,9.074
6.61037,,,,0.467,5.023,8.959
6.61037,,,,0.508,4.86,9.081
6.61037,,,,0.405,4.345,9.103
6.61037,,,,0.388,3.759,8.892
6.61037,,,,0.292,2.569,9.076
6.61037,,,,0.28,1.448,9.215
6.61037,,,,0.113,0.148,9.462
6.61037,,,,0.089,-1.209,9.582
6.61037,,,,0.103,-2.619,9.934
6.61037,,,,0.113,-3.546,10.151
6.61037,,,,0.16,-4.444,10.477
6.61037,,,,0.259,-4.968,10.649
6.61037,,,,0.395,-5.107,10.755
6.61037,,,,0.409,-4.743,10.47
6.61037,,,,0.551,-4.243,10.42
6.61037,,,,0.577,-3.558,10.125
6.81049,,,,0.433,-2.045,9.986
6.81049,,,,0.565,-0.836,9.953
6.81049,,,,0.577,0.436,9.89
6.81049,,,,0.579,1.472,9.601
6.81049,,,,0.508,2.413,9.208
6.81049,,,,0.563,3.175,9.096
6.81049,,,,0.651,3.704,9.359
6.81049,,,,0.737,3.926,9.268
6.81049,,,,0.503,3.881,9.237
6.81049,,,,0.503,3.579,9.536
6.81049,,,,0.412,3.254,9.474
6.81049,,,,0.378,2.83,9.61
6.81049,,,,0.314,2.231,9.498
6.81049,,,,0.393,1.279,9.725
6.81049,,,,0.251,0.261,9.761
6.81049,,,,0.251,-0.711,9.754
6.81049,,,,0.266,-1.458,9.771
6.81049,,,,0.268,-2.478,9.787
6.81049,,,,0.223,-3.445,9.934
6.81049,,,,0.199,-4.106,10.187
6.81049,,,,0.225,-4.709,10.3
7.0106,,,,0.278,-4.956,10.7
7.0106,,,,0.302,-4.594,10.738
7.0106,,,,0.163,-4.065,10.592
7.0106,,,,0.302,-3.522,10.173
7.0106,,,,0.227,-2.667,10.233
7.0106,,,,0.306,-1.549,10.072
7.0106,,,,0.498,-0.407,9.826
7.0106,,,,0.441,0.56,9.5
7.0106,,,,0.445,1.563,9.321
7.0106,,,,0.469,2.227,9.237
7.0106,,,,0.51,3.005,9.177
7.0106,,,,0.539,3.393,9.131
7.0106,,,,0.5,3.663,9.658
7.0106,,,,0.541,3.938,9.778
7.0106,,,,0.522,3.97,9.864
7.0106,,,,0.486,3.649,9.871
7.0106,,,,0.443,3.23,9.723
7.0106,,,,0.326,2.641,9.641
7.0106,,,,0.45,2.078,9.589
7.0106,,,,0.419,1.051,9.55
7.0106,,,,0.345,0.038,9.519
7.21069,,,,0.302,-1.441,9.527
7.21069,,,,0.294,-2.327,9.675
7.21069,,,,0.302,-3.278,9.826
7.21069,,,,0.086,-4.027,10.07
7.21069,,,,0.151,-4.611,10.185
7.21069,,,,0.18,-4.616,10.372
7.21069,,,,0.247,-4.41,10.491
7.21069,,,,0.455,-3.785,10.305
7.21069,,,,0.29,-3.163,10.195
7.21069,,,,0.326,-2.428,10.058
7.21069,,,,0.366,-1.494,10.003
7.21069,,,,0.46,-0.335,9.843
7.21069,,,,0.555,0.692,10.008
7.21069,,,,0.565,1.585,9.795
7.21069,,,,0.553,2.401,9.752
7.21069,,,,0.529,2.837,9.574
7.21069,,,,0.491,3.294,9.38
7.21069,,,,0.419,3.541,9.352
7.21069,,,,0.486,3.658,9.445
7.21069,,,,0.433,3.541,9.455
7.21069,,,,0.335,3.287,9.764
7.41075,,,,0.39,2.586,9.644
7.41075,,,,0.376,1.851,9.735
7.41075,,,,0.45,0.934,9.728
7.41075,,,,0.237,-0.024,9.764
7.41075,,,,0.213,-1.171,9.888
7.41075,,,,0.199,-2.308,9.907
7.41075,,,,0.17,-3.333,9.96
7.41075,,,,0.122,-4.331,10.154
7.41075,,,,0.091,-4.913,10.374
7.41075,,,,0.132,-5.119,10.381
7.41075,,,,0.294,-5.181,10.544
7.41075,,,,0.23,-4.719,10.266
7.41075,,,,0.215,-3.926,10.307
7.41075,,,,0.242,-2.947,9.991
7.41075,,,,0.273,-1.901,10.032
7.41075,,,,0.366,-0.675,9.833
7.41075,,,,0.472,0.816,9.878
7.41075,,,,0.548,2.014,9.493
7.41075,,,,0.472,3.057,9.17
7.41075,,,,0.582,3.728,8.945
7.41075,,,,0.524,4.106,8.878
7.61084,,,,0.407,4.432,9.031
7.61084,,,,0.369,4.429,9.28
7.61084,,,,0.163,4.02,9.21
7.61084,,,,0.28,3.493,9.222
7.61084,,,,0.275,2.71,9.534
7.61084,,,,0.247,1.853,9.471
7.61084,,,,0.129,0.63,9.766
7.61084,,,,0.05,-0.448,9.687
7.61084,,,,0.072,-1.458,9.883
7.61084,,,,0.045,-2.32,10.06
7.61084,,,,-0.019,-3.445,10.082
7.61084,,,,-0.038,-4.214,10.183
7.61084,,,,-0.007,-4.638,10.532
7.61084,,,,0.029,-4.966,10.64
7.61084,,,,0.148,-4.896,10.604
7.61084,,,,0.074,-4.434,10.57
7.61084,,,,0.153,-4.092,10.59
7.61084,,,,0.117,-3.618,10.374
7.61084,,,,0.065,-2.749,10.324
7.61084,,,,0.134,-1.592,10.24
7.61084,,,,0.292,-0.541,9.864
7.81412,,,,0.306,1.068,9.12
7.81412,,,,0.433,2.035,9.026
7.81412,,,,0.421,2.679,8.997
7.81412,,,,0.441,3.364,9.165
7.81412,,,,0.385,3.821,9.366
7.81412,,,,0.402,4.003,9.507
7.81412,,,,0.426,3.986,9.756
7.81412,,,,0.321,3.737,9.888
7.81412,,,,0.35,3.476,9.783
7.81412,,,,0.342,3.196,9.735
7.81412,,,,0.304,2.65,9.538
7.81412,,,,0.345,1.918,9.773
7.81412,,,,0.213,1.18,9.553
7.81412,,,,0.232,0.467,9.56
7.81412,,,,0.189,-0.311,9.67
7.81412,,,,0.16,-1.058,9.584
7.81412,,,,0.122,-1.951,9.567
7.81412,,,,0.01,-2.902,9.512
7.81412,,,,0.038,-3.661,9.744
7.81412,,,,0.132,-4.238,10.025
7.81412,,,,-0.062,-4.685,10.027
7.81412,,,,-0.081,-4.946,10.135
8.01421,,,,-0.038,-4.769,10.499
8.01421,,,,-0.113,-4.288,10.353
8.01421,,,,0.144,-3.603,10.173
8.01421,,,,0.168,-2.873,9.922
8.01421,,,,0.201,-2.105,9.701
8.01421,,,,0.261,-1.073,9.562
8.01421,,,,0.342,0.134,9.529
8.01421,,,,0.362,1.132,9.543
8.01421,,,,0.438,2.023,9.424
8.01421,,,,0.366,2.61,9.646
8.01421,,,,0.364,3.349,10.029
8.01421,,,,0.357,3.752,10.111
8.01421,,,,0.453,3.986,10.288
8.01421,,,,0.362,3.917,10.12
8.01421,,,,0.357,3.663,10.094
8.01421,,,,0.17,3.323,9.924
8.01421,,,,0.321,3.055,9.67
8.01421,,,,0.311,2.313,9.383
8.01421,,,,0.354,1.494,9.445
8.01421,,,,0.249,0.666,9.5
8.01421,,,,0.172,-0.127,9.467
8.21735,,,,0.16,-1.518,9.538
8.21735,,,,0.077,-2.605,9.445
8.21735,,,,0.041,-3.63,9.565
8.21735,,,,0.017,-4.391,10.12
8.21735,,,,0.026,-5.011,10.353
8.21735,,,,0.065,-5.258,10.432
8.21735,,,,0.034,-5.212,10.573
8.21735,,,,0.156,-4.762,10.573
8.21735,,,,0.199,-4.08,10.314
8.21735,,,,0.18,-3.409,10.211
8.21735,,,,0.177,-2.394,10.19
8.21735,,,,0.266,-1.295,10.156
8.21735,,,,0.294,-0.103,9.862
8.21735,,,,0.232,0.79,9.546
8.21735,,,,0.335,2.059,9.699
8.21735,,,,0.338,2.662,9.589
8.21735,,,,0.259,3.043,9.359
8.21735,,,,0.29,3.733,9.515
8.21735,,,,0.409,4.144,9.577
8.21735,,,,0.364,4.331,9.457
8.21735,,,,0.333,4.07,9.199
8.21735,,,,0.407,3.508,9.546
8.41735,,,,0.369,3.196,9.347
8.41735,,,,0.354,2.619,9.436
8.41735,,,,0.357,1.853,9.462
8.41735,,,,0.35,1.116,9.536
8.41735,,,,0.237,0.278,9.493
8.41735,,,,0.117,-0.826,9.39
8.41735,,,,0.132,-1.69,9.754
8.41735,,,,0.072,-2.552,9.852
8.41735,,,,0.091,-3.256,9.974
8.41735,,,,0.117,-4.35,10.094
8.41735,,,,0.007,-4.913,10.317
8.41735,,,,0.103,-5.157,10.195
8.41735,,,,0.148,-5.186,10.333
8.41735,,,,0.148,-4.958,10.523
8.41735,,,,0.249,-4.544,10.266
8.41735,,,,0.187,-3.778,10.168
8.41735,,,,0.239,-2.895,9.902
8.41735,,,,0.215,-1.788,9.649
8.41735,,,,0.285,-0.713,9.529
8.41735,,,,0.273,0.541,9.637
8.41735,,,,0.311,1.645,9.486
8.6174,,,,0.194,2.988,9.388
8.6174,,,,0.357,3.543,9.462
8.6174,,,,0.323,3.953,9.591
8.6174,,,,0.22,4.154,9.744
8.6174,,,,0.18,4.293,9.747
8.6174,,,,0.251,4.063,9.527
8.6174,,,,0.491,3.745,9.878
8.6174,,,,0.405,3.249,9.615
8.6174,,,,0.402,2.813,9.752
8.6174,,,,0.18,2.167,9.397
8.6174,,,,0.204,1.437,9.831
8.6174,,,,0.314,0.663,9.926
8.6174,,,,0.261,-0.232,9.761
8.6174,,,,0.158,-1.286,9.51
8.6174,,,,0.232,-2.138,9.859
8.6174,,,,0.213,-2.933,10.032
8.6174,,,,0.136,-3.761,10.372
8.6174,,,,0.101,-4.551,10.36
8.6174,,,,-0.01,-5.059,10.537
8.6174,,,,0.031,-5.078,10.7
8.6174,,,,0.062,-5.028,10.657
8.81745,,,,0.302,-4.192,10.166
8.81745,,,,0.194,-3.395,9.708
8.81745,,,,0.144,-2.552,9.632
8.81745,,,,0.0,-1.571,9.589
8.81745,,,,0.254,-0.532,9.495
8.81745,,,,0.189,0.759,9.39
8.81745,,,,0.445,1.994,9.651
8.81745,,,,0.163,2.837,9.711
8.81745,,,,0.335,3.503,9.632
8.81745,,,,0.103,3.859,9.567
8.81745,,,,0.187,3.955,9.694
8.81745,,,,0.177,4.068,9.771
8.81745,,,,0.151,3.922,9.491
8.81745,,,,0.139,3.457,9.392
8.81745,,,,0.385,2.935,9.165
8.81745,,,,0.218,2.145,8.93
8.81745,,,,0.342,1.551,8.796
8.81745,,,,0.333,0.814,8.849
8.81745,,,,0.369,0.05,8.722
8.81745,,,,0.35,-0.867,8.882
8.81745,,,,0.347,-1.348,9.105
9.01747,,,,0.419,-1.839,9.481
9.01747,,,,0.433,-2.107,9.613
9.01747,,,,0.512,-2.411,9.826
9.01747,,,,0.464,-2.33,9.936
9.01747,,,,0.472,-2.294,10.441
9.01747,,,,0.457,-2.054,11.665
9.01747,,,,0.577,-1.942,12.574
9.01747,,,,0.761,-1.604,13.585
9.01747,,,,0.546,-1.041,13.915
9.01747,,,,0.649,-0.771,14.322
9.01747,,,,0.776,-0.287,13.829
9.01747,,,,0.728,0.022,13.302
9.01747,,,,0.733,0.39,12.596
9.01747,,,,0.67,0.407,11.873
9.01747,,,,0.754,0.752,10.819
9.01747,,,,0.467,0.804,9.809
9.01747,,,,0.345,0.833,9.115
9.01747,,,,0.192,0.84,8.157
9.01747,,,,0.022,0.553,7.685
9.01747,,,,0.29,0.517,7.345
9.01747,,,,0.048,0.093,6.747
9.21756,,,,-0.122,-0.036,6.038
9.21756,,,,-0.086,-0.024,5.792
9.21756,,,,-0.22,-0.33,5.562
9.21756,,,,-0.235,-0.359,5.559
9.21756,,,,-0.275,-0.486,5.617
9.21756,,,,-0.201,-0.654,5.988
9.21756,,,,-0.333,-0.749,5.914
9.21756,,,,-0.448,-0.532,6.1
9.21756,,,,-0.11,-0.239,6.761
9.21756,,,,-0.17,0.306,7.786
9.21756,,,,-0.148,0.529,9.079
9.21756,,,,-0.036,0.493,10.343
9.21756,,,,0.201,0.831,11.533
9.21756,,,,0.34,0.771,13.01
9.21756,,,,0.505,0.572,13.74
9.21756,,,,0.766,0.443,14.329
9.21756,,,,1.051,0.196,14.521
9.21756,,,,1.223,0.041,14.483
9.21756,,,,1.185,-0.46,14.466
9.21756,,,,1.264,-0.503,14.454
9.21756,,,,1.221,-0.874,14.298
9.41771,,,,1.006,-1.152,13.467
9.41771,,,,0.912,-1.283,12.754
9.41771,,,,0.883,-1.322,12.038
9.41771,,,,0.577,-1.13,11.437
9.41771,,,,0.184,-1.041,10.432
9.41771,,,,0.012,-0.508,9.816
9.41771,,,,-0.002,-0.218,9.052
9.41771,,,,-0.237,0.249,8.581
9.41771,,,,-0.314,0.345,8.128
9.41771,,,,-0.424,0.536,7.597
9.41771,,,,-0.371,0.713,7.003
9.41771,,,,-0.321,0.814,6.299
9.41771,,,,-0.352,0.934,6.115
9.41771,,,,-0.381,0.881,5.918
9.41771,,,,-0.453,0.769,5.772
9.41771,,,,-0.51,0.591,5.76
9.41771,,,,-0.472,0.376,5.866
9.41771,,,,-0.532,0.172,5.938
9.41771,,,,-0.488,0.266,6.019
9.41771,,,,-0.457,-0.057,6.431
9.41771,,,,-0.455,-0.139,6.831
9.61773,,,,-0.304,-0.168,8.171
9.61773,,,,-0.297,-0.235,9.426
9.61773,,,,-0.103,-0.16,10.542
9.61773,,,,0.122,-0.256,11.509
9.61773,,,,0.34,-0.158,12.213
9.61773,,,,0.52,-0.215,12.984
9.61773,,,,0.711,-0.33,13.46
9.61773,,,,0.888,-0.599,14.085
9.61773,,,,0.833,-0.79,14.425
9.61773,,,,0.939,-0.73,14.588
9.61773,,,,0.962,-0.816,14.358
9.61773,,,,0.934,-1.065,14.004
9.61773,,,,0.876,-1.065,13.542
9.61773,,,,0.761,-1.006,13.106
9.61773,,,,0.582,-0.977,12.61
9.61773,,,,0.39,-0.934,11.72
9.61773,,,,0.22,-0.725,10.889
9.61773,,,,0.01,-0.522,10.01
9.61773,,,,-0.093,-0.172,9.151
9.61773,,,,-0.266,-0.278,8.523
9.61773,,,,-0.376,-0.069,7.903
9.81779,,,,-0.515,0.168,7.398
9.81779,,,,-0.608,0.256,6.895
9.81779,,,,-0.476,0.424,6.862
9.81779,,,,-0.611,0.215,6.543
9.81779,,,,-0.651,0.199,6.594
9.81779,,,,-0.749,0.18,6.136
9.81779,,,,-0.596,0.129,5.983
9.81779,,,,-0.565,-0.026,6.144
9.81779,,,,-0.527,-0.146,6.4
9.81779,,,,-0.45,-0.043,6.831
9.81779,,,,-0.453,-0.194,6.744
9.81779,,,,-0.35,-0.189,7.599
9.81779,,,,-0.182,-0.05,8.588
9.81779,,,,-0.132,-0.134,9.57
9.81779,,,,0.113,-0.287,10.695
9.81779,,,,0.335,0.014,12.014
9.81779,,,,0.498,-0.029,12.95
9.81779,,,,0.673,-0.148,13.453
9.81779,,,,0.836,-0.218,13.791
9.81779,,,,0.958,-0.333,14.394
9.81779,,,,1.049,-0.51,14.59
10.0178,,,,1.063,-0.577,14.38
10.0178,,,,1.001,-0.682,14.102
10.0178,,,,0.903,-0.8,13.503
10.0178,,,,0.792,-1.041,12.771
10.0178,,,,0.649,-0.943,12.016
10.0178,,,,0.448,-0.919,11.416
10.0178,,,,0.23,-0.781,10.551
10.0178,,,,0.05,-0.721,9.747
10.0178,,,,-0.122,-0.543,9.081
10.0178,,,,-0.273,-0.438,8.277
10.0178,,,,-0.409,-0.402,7.633
10.0178,,,,-0.448,-0.268,7.144
10.0178,,,,-0.532,-0.122,6.613
10.0178,,,,-0.565,0.103,6.39
10.0178,,,,-0.572,0.034,6.215
10.0178,,,,-0.579,0.057,6.254
10.0178,,,,-0.587,0.113,6.005
10.0178,,,,-0.553,0.165,5.885
10.0178,,,,-0.551,0.223,5.741
10.0178,,,,-0.467,0.249,6.136
10.0178,,,,-0.376,0.278,6.625
10.21791,,,,-0.39,0.275,7.64
10.21791,,,,-0.338,0.206,8.626
10.21791,,,,-0.247,0.225,9.665
10.21791,,,,0.122,0.285,10.987
10.21791,,,,0.45,0.208,12.39
10.21791,,,,0.67,0.148,13.199
10.21791,,,,0.936,-0.031,13.793
10.21791,,,,1.125,-0.184,14.494
10.21791,,,,1.314,-0.402,14.806
10.21791,,,,1.305,-0.622,14.906
10.21791,,,,1.235,-0.778,14.535
10.21791,,,,1.106,-1.113,13.666
10.21791,,,,1.018,-1.164,12.658
10.21791,,,,0.766,-1.159,11.526
10.21791,,,,0.481,-1.231,10.657
10.21791,,,,0.316,-1.142,9.888
10.21791,,,,0.038,-0.905,9.249
10.21791,,,,-0.144,-0.735,8.626
10.21791,,,,-0.321,-0.584,8.473
10.21791,,,,-0.524,-0.326,8.179
10.21791,,,,-0.718,0.017,7.803
10.41797,,,,-0.895,0.352,7.489
10.41797,,,,-1.065,0.577,7.214
10.41797,,,,-1.006,0.737,7.247
10.41797,,,,-1.065,0.773,7.379
10.41797,,,,-0.996,0.754,7.695
10.41797,,,,-0.986,0.67,8.078
10.41797,,,,-0.84,0.352,8.444
10.41797,,,,-0.711,0.144,8.574
10.41797,,,,-0.464,0.017,8.803
10.41797,,,,-0.261,-0.309,8.763
10.41797,,,,-0.086,-0.73,9.005
10.41797,,,,0.014,-1.037,9.459
10.41797,,,,0.065,-1.231,9.625
10.41797,,,,0.23,-1.489,9.764
10.41797,,,,0.287,-1.324,9.967
10.41797,,,,0.376,-1.089,10.743
10.41797,,,,0.342,-0.828,10.879
10.41797,,,,0.383,-0.809,11.114
10.41797,,,,0.304,-0.757,11.102
10.41797,,,,0.385,-0.622,11.195
10.41797,,,,0.488,-0.438,11.277
10.618,,,,1.29,0.28,11.454
10.618,,,,1.398,0.548,11.066
10.618,,,,1.573,0.725,10.74
10.618,,,,1.664,0.654,10.853
10.618,,,,1.532,0.687,10.731
10.618,,,,1.82,0.67,10.851
10.618,,,,1.958,0.639,10.489
10.618,,,,1.946,0.721,10.429
10.618,,,,1.937,0.646,10.329
10.618,,,,1.932,0.424,10.19
10.618,,,,1.633,0.232,10.147
10.618,,,,1.192,-0.127,9.986
10.618,,,,0.795,-0.464,9.555
10.618,,,,0.426,-0.642,9.012
10.618,,,,-0.156,-0.783,8.468
10.618,,,,-0.606,-0.871,8.229
10.618,,,,-0.989,-0.802,7.776
10.618,,,,-1.528,-0.575,8.045
10.618,,,,-1.75,-0.266,8.449
10.618,,,,-1.867,-0.057,9.404
10.618,,,,-2.021,0.043,10.089
10.81814,,,,-2.346,-0.055,10.343
10.81814,,,,-2.354,0.304,10.214
10.81814,,,,-2.09,0.323,10.204
10.81814,,,,-2.107,0.225,10.197
10.81814,,,,-1.772,0.074,9.936
10.81814,,,,-1.389,-0.084,9.728
10.81814,,,,-1.204,-0.278,9.443
10.81814,,,,-0.728,-0.194,9.086
10.81814,,,,-0.405,-0.055,9.22
10.81814,,,,-0.18,-0.309,9.498
10.81814,,,,0.034,-0.426,9.845
10.81814,,,,0.055,-0.448,10.106
10.81814,,,,0.634,-0.235,10.597
10.81814,,,,0.91,-0.194,10.604
10.81814,,,,1.657,-0.014,10.707
10.81814,,,,1.678,-0.103,10.657
10.81814,,,,1.733,0.041,10.367
10.81814,,,,1.944,0.204,10.144
10.81814,,,,2.128,0.467,10.376
10.81814,,,,2.097,0.436,10.135
10.81814,,,,2.291,0.455,10.211
11.01816,,,,1.956,0.352,10.118
11.01816,,,,1.736,0.373,9.828
11.01816,,,,1.458,0.357,9.96
11.01816,,,,0.96,0.383,10.013
11.01816,,,,0.759,0.247,9.754
11.01816,,,,0.17,0.156,9.558
11.01816,,,,-0.35,0.065,9.555
11.01816,,,,-0.716,-0.055,9.651
11.01816,,,,-1.202,-0.079,9.756
11.01816,,,,-1.46,-0.132,9.941
11.01816,,,,-1.745,-0.194,10.317
11.01816,,,,-2.054,-0.417,10.142
11.01816,,,,-2.045,-0.479,9.969
11.01816,,,,-2.215,-0.431,9.826
11.01816,,,,-2.16,-0.649,9.512
11.01816,,,,-2.071,-0.625,9.175
11.01816,,,,-1.702,-0.737,9.153
11.01816,,,,-1.561,-0.804,8.748
11.01816,,,,-1.231,-1.07,8.502
11.01816,,,,-0.998,-0.989,8.485
11.01816,,,,-0.503,-0.781,8.763
11.21831,,,,-0.192,-0.826,8.909
11.21831,,,,0.383,-0.644,9.306
11.21831,,,,0.378,-0.438,9.661
11.21831,,,,0.45,-0.153,10.058
11.21831,,,,0.622,0.024,10.477
11.21831,,,,0.74,0.093,10.927
11.21831,,,,1.279,0.302,11.384
11.21831,,,,1.468,0.357,11.243
11.21831,,,,1.578,0.608,10.817
11.21831,,,,1.721,0.699,10.633
11.21831,,,,1.729,0.757,10.645
11.21831,,,,1.805,0.579,10.367
11.21831,,,,1.662,0.587,10.525
11.21831,,,,1.439,0.529,10.362
11.21831,,,,1.166,0.304,10.001
11.21831,,,,0.704,0.057,9.711
11.21831,,,,0.558,0.215,9.376
11.21831,,,,0.239,0.055,9.285
11.21831,,,,-0.084,0.053,9.251
11.21831,,,,-0.309,-0.048,9.019
11.21831,,,,-0.546,-0.084,9.069
11.41833,,,,-1.156,-0.378,8.978
11.41833,,,,-1.403,-0.364,9.33
11.41833,,,,-1.362,-0.321,9.797
11.41833,,,,-1.607,-0.28,9.996
11.41833,,,,-1.616,-0.393,10.424
11.41833,,,,-1.633,-0.572,10.47
11.41833,,,,-1.551,-0.649,10.276
11.41833,,,,-1.429,-0.57,9.989
11.41833,,,,-1.188,-0.505,9.689
11.41833,,,,-1.092,-0.67,9.577
11.41833,,,,-0.783,-0.694,9.397
11.41833,,,,-0.601,-0.589,9.419
11.41833,,,,-0.34,-0.618,9.661
11.41833,,,,-0.306,-0.443,9.591
11.41833,,,,0.187,-0.335,9.735
11.41833,,,,0.534,-0.237,9.84
11.41833,,,,0.685,-0.271,9.902
11.41833,,,,0.898,-0.256,9.706
11.41833,,,,1.305,-0.206,9.835
11.41833,,,,1.542,-0.01,9.814
11.41833,,,,1.743,0.201,10.171
11.61848,,,,1.674,0.314,9.969
11.61848,,,,1.674,0.273,9.929
11.61848,,,,1.365,0.251,10.101
11.61848,,,,1.401,0.304,10.221
11.61848,,,,1.255,0.201,10.257
11.61848,,,,1.104,0.235,10.326
11.61848,,,,1.202,0.242,10.3
11.61848,,,,0.769,0.019,10.077
11.61848,,,,0.441,-0.388,9.876
11.61848,,,,1.015,0.35,9.653
11.61848,,,,0.575,0.136,9.716
11.61848,,,,0.043,-0.081,9.871
11.61848,,,,-0.275,0.089,9.998
11.61848,,,,-0.692,-0.105,10.151
11.61848,,,,-1.118,-0.417,10.142
11.61848,,,,-0.869,0.084,9.807
11.61848,,,,-1.468,-0.239,10.058
11.61848,,,,-1.755,-0.453,10.056
11.61848,,,,-1.918,-0.158,9.828
11.61848,,,,-2.169,-0.261,9.931
11.61848,,,,-2.26,-0.141,9.979
11.81856,,,,-2.265,-0.218,9.78
11.81856,,,,-2.318,-0.204,9.457
11.81856,,,,-2.298,-0.479,9.457
11.81856,,,,-2.21,-0.529,9.069
11.81856,,,,-1.987,-0.51,8.851
11.81856,,,,-1.496,-0.275,8.559
11.81856,,,,-1.429,-0.52,8.681
11.81856,,,,-1.29,-0.577,8.751
11.81856,,,,-0.984,-0.687,9.007
11.81856,,,,-0.745,-0.608,9.22
11.81856,,,,-0.541,-0.656,9.582
11.81856,,,,-0.299,-0.639,10.307
11.81856,,,,-0.065,-0.493,10.436
11.81856,,,,0.0,-0.364,10.391
11.81856,,,,0.457,-0.522,10.388
11.81856,,,,0.539,-0.436,10.513
11.81856,,,,0.74,-0.156,10.511
11.81856,,,,0.91,-0.218,10.46
11.81856,,,,0.994,-0.323,10.348
11.81856,,,,1.113,-0.347,10.195
11.81856,,,,1.147,-0.409,9.821
12.01985,,,,1.128,-0.448,9.653
12.01985,,,,0.989,-0.242,9.594
12.01985,,,,0.843,-0.304,9.572
12.01985,,,,0.668,-0.474,9.555
12.01985,,,,0.218,-0.268,9.594
12.01985,,,,0.041,-0.175,9.452
12.01985,,,,-0.335,-0.113,9.596
12.01985,,,,-0.651,-0.105,9.914
12.01985,,,,-0.845,-0.045,10.075
12.01985,,,,-1.058,-0.192,9.998
12.01985,,,,-1.235,-0.12,10.264
12.01985,,,,-1.42,-0.204,9.965
12.01985,,,,-1.607,-0.254,9.886
12.01985,,,,-1.805,-0.35,9.929
12.01985,,,,-1.975,-0.445,10.106
12.01985,,,,-2.136,-0.649,10.171
12.01985,,,,-2.452,-0.704,9.886
12.01985,,,,-2.291,-0.702,9.941
12.01985,,,,-2.294,-0.702,9.687
12.01985,,,,-2.131,-0.833,9.668
12.01985,,,,-2.064,-0.824,9.438
12.21986,,,,-1.918,-0.91,9.175
12.21986,,,,-1.748,-0.943,9.273
12.21986,,,,-1.676,-0.984,9.199
12.21986,,,,-1.362,-0.915,9.098
12.21986,,,,-1.137,-0.953,9.282
12.21986,,,,-0.977,-0.833,9.261
12.21986,,,,-0.745,-0.532,9.625
12.21986,,,,-0.563,-0.613,9.771
12.21986,,,,-0.199,-0.476,9.78
12.21986,,,,0.029,-0.273,9.732
12.21986,,,,0.345,-0.156,9.955
12.21986,,,,0.601,0.105,10.046
12.21986,,,,0.711,0.031,10.326
12.21986,,,,0.91,0.254,10.293
12.21986,,,,1.166,0.364,10.525
12.21986,,,,1.109,0.431,10.348
12.21986,,,,1.082,0.433,10.312
12.21986,,,,1.214,0.462,10.293
12.21986,,,,1.173,0.39,10.123
12.21986,,,,1.07,0.29,9.989
12.21986,,,,0.718,0.091,9.641
12.41994,,,,0.342,0.014,9.416
12.41994,,,,0.067,0.007,9.213
12.41994,,,,-0.249,-0.148,9.333
12.41994,,,,-0.493,-0.077,9.493
12.41994,,,,-0.737,-0.057,9.833
12.41994,,,,-0.972,-0.014,10.18
12.41994,,,,-1.274,-0.273,10.317
12.41994,,,,-1.528,-0.371,10.58
12.41994,,,,-1.693,-0.426,10.47
12.41994,,,,-1.903,-0.5,10.161
12.41994,,,,-2.061,-0.661,10.022
12.41994,,,,-2.174,-0.759,10.036
12.41994,,,,-2.267,-0.903,9.953
12.41994,,,,-2.229,-1.068,9.871
12.41994,,,,-2.195,-1.214,9.852
12.41994,,,,-2.083,-1.25,9.625
12.41994,,,,-1.879,-1.355,9.306
12.41994,,,,-1.829,-1.386,9.136
12.41994,,,,-1.664,-1.223,9.285
12.41994,,,,-1.465,-1.18,9.5
12.41994,,,,-1.223,-1.216,9.634
12.62295,,,,-0.898,-0.907,9.867
12.62295,,,,-0.663,-0.74,9.924
12.62295,,,,-0.551,-0.546,9.653
12.62295,,,,-0.371,-0.524,9.661
12.62295,,,,-0.299,-0.369,9.723
12.62295,,,,0.026,-0.165,9.773
12.62295,,,,0.187,-0.18,9.531
12.62295,,,,0.292,-0.034,9.603
12.62295,,,,0.512,-0.105,9.586
12.62295,,,,0.555,0.098,9.325
12.62295,,,,0.761,0.244,9.345
12.62295,,,,0.848,0.256,9.433
12.62295,,,,0.936,0.359,9.206
12.62295,,,,1.001,0.323,9.311
12.62295,,,,0.955,0.249,9.57
12.62295,,,,0.905,0.122,9.749
12.62295,,,,0.912,0.199,9.85
12.62295,,,,0.508,0.077,9.946
12.62295,,,,0.23,0.096,10.154
12.62295,,,,0.036,0.089,10.319
12.62295,,,,-0.28,0.115,10.58
12.62295,,,,-0.484,-0.105,10.669
12.82299,,,,-0.613,-0.002,10.391
12.82299,,,,-0.9,-0.208,10.175
12.82299,,,,-1.046,-0.369,9.694
12.82299,,,,-1.24,-0.302,9.584
12.82299,,,,-1.413,-0.469,9.481
12.82299,,,,-1.611,-0.613,9.641
12.82299,,,,-1.858,-0.764,9.845
12.82299,,,,-1.875,-0.687,10.005
12.82299,,,,-2.186,-0.761,10.01
12.82299,,,,-2.246,-0.8,10.02
12.82299,,,,-2.265,-0.769,10.285
12.82299,,,,-2.272,-0.814,10.195
12.82299,,,,-2.265,-0.876,10.259
12.82299,,,,-1.975,-0.943,10.111
12.82299,,,,-1.841,-0.955,9.823
12.82299,,,,-1.575,-0.91,9.639
12.82299,,,,-1.35,-0.776,9.555
12.82299,,,,-1.178,-1.003,9.481
12.82299,,,,-1.034,-1.044,9.366
12.82299,,,,-0.807,-0.97,9.471
12.82299,,,,-0.63,-0.967,9.347
13.02305,,,,-0.237,-0.697,9.567
13.02305,,,,-0.23,-0.582,9.369
13.02305,,,,-0.072,-0.464,9.275
13.02305,,,,-0.077,-0.429,9.491
13.02305,,,,0.05,-0.187,9.191
13.02305,,,,0.139,-0.134,9.182
13.02305,,,,0.175,0.034,9.29
13.02305,,,,0.259,0.184,9.371
13.02305,,,,0.249,0.189,9.285
13.02305,,,,0.347,0.393,9.309
13.02305,,,,0.383,0.512,9.301
13.02305,,,,0.409,0.646,9.591
13.02305,,,,0.311,0.484,9.692
13.02305,,,,0.297,0.555,9.764
13.02305,,,,0.141,0.575,9.989
13.02305,,,,-0.024,0.472,10.25
13.02305,,,,-0.285,0.347,10.432
13.02305,,,,-0.467,0.314,10.968
13.02305,,,,-0.606,0.105,11.444
13.02305,,,,-0.867,-0.026,11.25
13.02305,,,,-0.962,-0.16,10.97
13.22624,,,,-0.946,-0.206,11.159
13.22624,,,,-1.061,-0.373,11.155
13.22624,,,,-1.046,-0.488,10.676
13.22624,,,,-1.068,-0.539,10.281
13.22624,,,,-1.07,-0.668,10.005
13.22624,,,,-1.073,-0.912,9.747
13.22624,,,,-0.484,0.206,9.843
13.22624,,,,-0.931,-1.379,8.667
13.22624,,,,-0.713,-1.188,9.323
13.22624,,,,-0.639,-1.025,9.029
13.22624,,,,-0.678,-0.936,8.811
13.22624,,,,-0.692,-0.792,8.921
13.22624,,,,-0.697,-0.785,9.17
13.22624,,,,-0.608,-0.852,9.376
13.22624,,,,-0.591,-0.747,9.668
13.22624,,,,-0.436,-0.812,9.845
13.22624,,,,-0.318,-0.429,9.67
13.22624,,,,-0.342,-0.603,9.658
13.22624,,,,-0.163,-0.211,9.503
13.22624,,,,-0.096,-0.117,9.476
13.22624,,,,-0.098,-0.029,9.321
13.22624,,,,-0.18,-0.002,9.306
13.42628,,,,-0.175,-0.041,9.615
13.42628,,,,-0.242,-0.01,9.488
13.42628,,,,-0.287,-0.139,9.486
13.42628,,,,-0.275,0.045,9.445
13.42628,,,,-0.22,-0.079,9.505
13.42628,,,,-0.402,-0.108,9.426
13.42628,,,,-0.601,0.05,9.244
13.42628,,,,-0.539,0.01,9.194
13.42628,,,,-0.5,0.007,9.378
13.42628,,,,-0.445,-0.057,9.445
13.42628,,,,-0.45,-0.108,9.459
13.42628,,,,-0.448,-0.132,9.436
13.42628,,,,-0.383,-0.297,9.555
13.42628,,,,-0.335,-0.024,9.091
13.42628,,,,-0.338,-0.215,8.945
13.42628,,,,-0.153,-0.22,9.246
13.42628,,,,-0.134,-0.419,9.007
13.42628,,,,-0.17,-0.522,8.847
13.42628,,,,-0.266,-0.39,8.282
13.42628,,,,-0.326,-0.651,8.492
13.62638,,,,-0.283,-0.294,8.016
13.62638,,,,-0.172,-0.244,7.973
13.62638,,,,0.077,-0.254,8.768
13.62638,,,,0.144,-0.278,9.424
13.62638,,,,0.146,-0.371,10.606
13.62638,,,,0.244,-0.342,11.111
13.62638,,,,0.558,-0.383,11.602
13.62638,,,,0.673,-0.421,11.317
13.62638,,,,0.807,-0.385,11.31
13.62638,,,,0.967,-0.383,11.205
13.62638,,,,1.144,-0.577,11.475
13.62638,,,,1.281,-0.129,11.542
13.62638,,,,0.802,-0.539,11.583
13.62638,,,,1.482,-0.328,14.025
13.62638,,,,0.886,-0.563,10.862
13.62638,,,,0.646,-0.804,10.309
13.62638,,,,0.95,-0.352,9.689
13.62638,,,,0.972,-0.362,9.555
13.62638,,,,0.725,-0.558,9.685
13.62638,,,,0.579,-0.721,9.529
13.62638,,,,0.678,-0.673,9.225
13.82638,,,,0.014,0.101,9.687
13.82638,,,,-0.23,0.407,10.534
13.82638,,,,0.426,-0.084,10.647
13.82638,,,,0.309,-0.105,10.523
13.82638,,,,0.409,0.007,10.197
13.82638,,,,0.589,-0.038,10.02
13.82638,,,,0.39,0.067,10.214
13.82638,,,,0.275,0.12,10.127
13.82638,,,,0.625,-0.113,10.736
13.82638,,,,1.027,-0.654,11.617
13.82638,,,,0.986,-0.46,12.134
13.82638,,,,0.702,-0.06,11.7
13.82638,,,,0.833,-0.453,11.305
13.82638,,,,1.044,-0.364,11.365
13.82638,,,,1.116,-0.036,11.198
13.82638,,,,1.032,-0.177,10.415
13.82638,,,,0.972,-0.383,9.728
13.82638,,,,0.915,-0.496,8.964
13.82638,,,,0.903,-0.285,8.255
13.82638,,,,0.723,-0.084,7.594
14.02962,,,,0.694,-0.453,7.319
14.02962,,,,0.747,-0.18,6.874
14.02962,,,,0.781,-0.294,6.812
14.02962,,,,0.302,-0.663,6.857
14.02962,,,,-0.409,-0.536,5.99
14.02962,,,,0.816,-0.294,6.725
14.02962,,,,0.467,-0.553,6.381
14.02962,,,,0.436,-0.17,6.96
14.02962,,,,0.208,-0.405,7.111
14.02962,,,,0.347,-0.371,7.446
14.02962,,,,-0.151,0.539,3.46
14.02962,,,,-0.338,-0.508,19.613
14.02962,,,,15.361,1.152,19.613
14.02962,,,,-1.264,0.893,10.195
14.02962,,,,0.323,0.172,9.682
14.02962,,,,-0.479,0.845,9.95
14.02962,,,,0.759,0.67,9.653
14.02962,,,,-0.012,0.613,9.89
14.02962,,,,-0.031,0.357,9.723
14.02962,,,,0.402,-0.642,9.74
14.02962,,,,-0.163,-0.165,9.986
14.02962,,,,-0.278,-0.225,9.91
14.2328,,,,-0.196,0.06,9.653
14.2328,,,,-0.16,0.287,9.797
14.2328,,,,-0.23,0.184,9.924
14.2328,,,,-0.232,0.385,9.776
14.2328,,,,-0.251,0.328,9.847
14.2328,,,,-0.249,0.378,9.752
14.2328,,,,-0.268,0.388,9.795
14.2328,,,,-0.242,0.395,9.718
14.2328,,,,-0.184,0.371,9.898
14.2328,,,,-0.266,0.364,9.902
14.2328,,,,-0.177,0.321,9.653
14.2328,,,,-0.189,0.417,9.749
14.2328,,,,-0.199,0.352,9.838
14.2328,,,,-0.187,0.321,9.898
14.2328,,,,-0.168,0.376,9.855
14.2328,,,,-0.199,0.302,9.663
14.2328,,,,-0.199,0.328,9.931
14.2328,,,,-0.182,0.421,9.811
14.2328,,,,-0.177,0.455,9.823
14.2328,,,,-0.244,0.426,9.699
14.2328,,,,-0.132,0.306,9.902
14.2328,,,,-0.304,0.22,9.816
14.43289,,,,-0.074,0.304,9.78
14.43289,,,,-0.055,0.369,9.924
14.43289,,,,0.019,0.52,9.926
14.43289,,,,0.716,0.728,10.341
14.43289,,,,0.608,0.527,10.647
14.43289,,,,0.414,0.206,10.609
14.43289,,,,0.85,0.06,11.487
14.43289,,,,0.948,0.9,10.726
14.43289,,,,0.505,0.333,10.697
14.43289,,,,0.826,0.481,10.903
14.43289,,,,0.802,0.278,10.599
14.43289,,,,0.85,0.469,10.458
14.43289,,,,0.898,0.699,10.104
14.43289,,,,1.176,0.905,10.099
14.43289,,,,0.95,0.323,9.797
14.43289,,,,0.843,0.192,9.227
14.43289,,,,0.891,0.201,9.031
14.43289,,,,0.783,0.113,8.528
14.43289,,,,0.718,0.23,8.119
14.43289,,,,0.508,0.249,7.623
14.63303,,,,0.378,-0.005,6.874
14.63303,,,,0.28,-0.115,6.804
14.63303,,,,0.223,-0.17,7.005
14.63303,,,,0.304,-0.208,7.465
14.63303,,,,0.304,-0.012,8.413
14.63303,,,,0.515,-0.043,9.129
14.63303,,,,0.491,-0.153,9.761
14.63303,,,,0.792,0.318,10.604
14.63303,,,,0.728,-0.455,19.613
14.63303,,,,1.329,0.136,16.984
14.63303,,,,-1.166,-0.371,11.425
14.63303,,,,-0.357,0.244,10.688
14.63303,,,,1.946,-0.316,12.696
14.63303,,,,1.798,-0.239,13.099
14.63303,,,,0.895,0.69,12.215
14.63303,,,,0.948,-0.345,11.535
14.63303,,,,0.943,0.002,10.59
14.63303,,,,0.9,0.026,9.785
14.63303,,,,0.91,-0.283,8.753
14.63303,,,,0.613,-0.268,7.815
14.83309,,,,0.206,-0.333,5.983
14.83309,,,,0.333,0.002,5.303
14.83309,,,,0.146,0.026,4.867
14.83309,,,,0.139,-0.144,4.999
14.83309,,,,-0.036,-0.069,5.215
14.83309,,,,0.022,0.158,6.457
14.83309,,,,0.488,0.381,8.617
14.83309,,,,0.548,0.132,10.834
14.83309,,,,0.742,0.038,11.507
14.83309,,,,-0.807,2.354,11.744
14.83309,,,,-0.436,-0.292,9.761
14.83309,,,,-0.421,0.572,10.149
14.83309,,,,1.676,0.656,10.628
14.83309,,,,2.105,0.204,12.704
14.83309,,,,0.608,-1.099,13.745
14.83309,,,,0.673,0.278,12.107
14.83309,,,,0.536,-0.148,10.685
14.83309,,,,0.666,-0.17,9.804
14.83309,,,,0.527,-0.16,9.091
14.83309,,,,0.553,-0.122,9.364
15.03317,,,,0.371,0.101,9.529
15.03317,,,,0.436,0.062,9.574
15.03317,,,,0.455,0.029,9.38
15.03317,,,,0.354,0.072,9.199
15.03317,,,,0.462,0.335,8.914
15.03317,,,,0.515,0.007,8.95
15.03317,,,,0.498,-0.034,8.938
15.03317,,,,0.522,0.237,8.674
15.03317,,,,0.491,0.302,8.504
15.03317,,,,0.524,0.235,8.313
15.03317,,,,0.479,0.227,8.54
15.03317,,,,0.532,0.192,8.363
15.03317,,,,0.512,0.108,8.48
15.03317,,,,0.464,-0.024,8.849
15.03317,,,,0.515,-0.278,9.007
15.03317,,,,0.431,-0.129,9.153
15.03317,,,,0.512,-0.005,9.158
15.03317,,,,0.512,0.031,9.005
15.03317,,,,0.496,0.01,8.832
15.03317,,,,0.436,0.05,8.612
15.03317,,,,0.388,-0.122,8.552
15.23331,,,,0.426,0.024,8.42
15.23331,,,,0.445,0.108,8.554
15.23331,,,,0.421,-0.055,8.811
15.23331,,,,0.333,0.096,9.041
15.23331,,,,0.539,0.397,9.867
15.23331,,,,0.802,0.357,11.109
15.23331,,,,0.69,0.438,13.032
15.23331,,,,-1.312,-0.69,13.74
15.23331,,,,0.814,1.049,11.66
15.23331,,,,-0.632,0.017,10.309
15.23331,,,,1.324,0.215,10.515
15.23331,,,,1.132,-0.165,11.593
15.23331,,,,0.761,0.17,11.167
15.23331,,,,0.603,-0.407,10.87
15.23331,,,,0.558,-0.194,10.07
15.23331,,,,0.464,-0.05,9.093
15.23331,,,,0.402,-0.156,8.612
15.23331,,,,0.611,-0.067,8.001
15.23331,,,,0.249,-0.101,7.525
15.23331,,,,0.204,-0.019,7.614
15.23331,,,,0.134,0.091,7.501
15.43336,,,,0.239,0.417,8.631
15.43336,,,,0.488,0.409,10.97
15.43336,,,,1.044,1.176,19.613
15.43336,,,,2.037,0.79,12.881
15.43336,,,,-1.283,0.35,9.886
15.43336,,,,1.408,0.306,10.673
15.43336,,,,1.42,-0.383,12.105
15.43336,,,,0.886,0.402,11.782
15.43336,,,,0.508,-0.275,11.234
15.43336,,,,0.651,-0.335,10.937
15.43336,,,,0.709,0.098,10.173
15.43336,,,,0.555,0.038,9.579
15.43336,,,,0.522,-0.256,9.567
15.43336,,,,0.441,-0.196,9.814
15.43336,,,,0.462,0.026,9.843
15.43336,,,,0.455,-0.074,9.962
15.43336,,,,0.381,-0.055,10.07
15.43336,,,,0.347,0.014,9.603
15.43336,,,,0.553,0.072,9.088
15.43336,,,,0.548,0.069,8.71
15.63646,,,,0.555,0.247,8.394
15.63646,,,,0.661,0.273,8.353
15.63646,,,,0.625,0.302,8.571
15.63646,,,,0.448,0.429,8.447
15.63646,,,,0.407,0.292,8.27
15.63646,,,,0.357,0.036,8.296
15.63646,,,,0.251,0.014,7.853
15.63646,,,,0.311,0.187,7.774
15.63646,,,,0.285,0.247,7.518
15.63646,,,,0.235,0.211,7.42
15.63646,,,,0.278,0.163,7.343
15.63646,,,,0.23,0.093,7.204
15.63646,,,,0.172,0.168,7.59
15.63646,,,,0.347,0.108,8.282
15.63646,,,,0.278,0.637,19.613
15.63646,,,,-6.369,2.025,10.06
15.63646,,,,0.455,-0.043,9.835
15.63646,,,,-0.242,-0.019,9.831
15.63646,,,,0.165,0.141,9.78
15.63646,,,,0.263,0.23,9.886
15.63646,,,,0.122,-0.005,9.663
15.63646,,,,0.208,0.175,9.639
15.83655,,,,0.443,0.156,9.711
15.83655,,,,0.304,-0.06,9.876
15.83655,,,,0.453,0.136,9.84
15.83655,,,,-0.275,0.218,9.833
15.83655,,,,-0.335,0.239,9.941
15.83655,,,,-0.072,0.218,9.855
15.83655,,,,0.048,0.194,9.797
15.83655,,,,0.11,0.371,9.694
15.83655,,,,-0.089,0.239,9.85
15.83655,,,,-0.081,0.378,9.847
15.83655,,,,0.263,0.148,9.811
15.83655,,,,0.239,0.053,9.67
15.83655,,,,0.306,0.148,9.776
15.83655,,,,0.244,0.108,9.874
15.83655,,,,0.199,0.098,9.768
15.83655,,,,0.335,0.017,9.802
15.83655,,,,0.007,0.165,9.869
15.83655,,,,0.192,0.022,9.802
15.83655,,,,0.153,0.014,9.821
15.83655,,,,0.189,0.158,9.876
15.83655,,,,0.232,0.124,9.864
16.03668,,,,0.153,0.029,9.716
16.03668,,,,0.098,0.184,9.78
16.03668,,,,0.022,0.115,9.776
16.03668,,,,0.048,0.132,9.883
16.03668,,,,0.172,0.199,9.694
16.03668,,,,0.168,0.158,9.864
16.03668,,,,0.144,0.175,9.89
16.03668,,,,0.218,0.239,9.742
16.03668,,,,0.16,0.168,9.78
16.03668,,,,0.189,0.065,9.821
16.03668,,,,0.263,0.22,9.883
16.03668,,,,0.333,0.299,9.697
16.03668,,,,0.251,0.227,9.799
16.03668,,,,0.151,0.184,9.821
16.03668,,,,0.28,0.287,9.864
16.03668,,,,0.407,0.263,9.713
16.03668,,,,0.333,0.426,9.783
16.03668,,,,0.206,0.16,9.79
16.03668,,,,0.388,0.206,9.819
16.03668,,,,0.405,0.359,9.902
16.23669,,,,0.39,0.163,9.943
16.23669,,,,0.311,0.453,9.735
16.23669,,,,0.285,0.637,9.776
16.23669,,,,0.187,0.275,9.732
16.23669,,,,0.474,0.278,9.821
16.23669,,,,0.347,0.29,9.706
16.23669,,,,2.61,0.644,10.515
16.23669,,,,0.287,0.261,10.238
16.23669,,,,0.546,0.208,9.646
16.23669,,,,0.223,0.278,9.316
16.23669,,,,0.618,0.122,10.02
16.23669,,,,0.666,0.757,9.881
16.23669,,,,0.716,0.773,10.106
16.23669,,,,0.8,0.172,10.151
16.23669,,,,1.099,0.599,9.831
16.23669,,,,1.259,-0.73,9.838
16.23669,,,,1.137,-0.486,9.601
16.23669,,,,0.56,0.474,9.373
16.23669,,,,1.077,0.486,9.584
16.23669,,,,1.051,0.539,9.783
16.23669,,,,0.958,0.371,9.792
16.43674,,,,1.087,0.457,9.708
16.43674,,,,1.161,0.412,9.799
16.43674,,,,1.123,0.412,9.735
16.43674,,,,1.24,0.326,9.689
16.43674,,,,1.171,0.369,9.811
16.43674,,,,1.211,0.383,9.689
16.43674,,,,1.197,0.385,9.747
16.43674,,,,1.207,0.378,9.756
16.43674,,,,1.252,0.397,9.752
16.43674,,,,1.195,0.362,9.773
16.43674,,,,1.209,0.388,9.723
16.43674,,,,1.24,0.347,9.618
16.43674,,,,1.197,0.371,9.835
16.43674,,,,1.223,0.457,9.737
16.43674,,,,1.226,0.448,9.728
16.43674,,,,1.221,0.369,9.627
16.43674,,,,1.274,0.378,9.72
16.43674,,,,1.204,0.373,9.744
16.43674,,,,1.25,0.431,9.646
16.43674,,,,1.252,0.4,9.833
16.43674,,,,1.257,0.357,9.694
16.63683,,,,1.252,0.371,9.723
16.63683,,,,1.281,0.393,9.744
16.63683,,,,1.264,0.385,9.864
16.63683,,,,1.274,0.4,9.797
16.63683,,,,1.262,0.34,9.874
16.63683,,,,1.288,0.345,9.735
16.63683,,,,1.293,0.397,9.764
16.63683,,,,1.35,0.347,9.613
16.63683,,,,1.283,0.373,9.814
16.63683,,,,1.31,0.383,9.759
16.63683,,,,1.341,0.366,9.754
16.63683,,,,1.25,0.426,9.776
16.63683,,,,1.269,0.39,9.761
16.63683,,,,1.267,0.445,9.687
16.63683,,,,1.341,0.352,9.586
16.63683,,,,1.314,0.376,9.603
16.63683,,,,1.288,0.326,9.761
16.63683,,,,1.283,0.433,9.783
16.63683,,,,1.331,0.383,9.701
16.63683,,,,1.334,0.419,9.732
16.83696,,,,1.343,0.357,9.795
16.83696,,,,1.314,0.383,9.653
16.83696,,,,1.307,0.366,9.606
16.83696,,,,1.31,0.385,9.646
16.83696,,,,1.305,0.383,9.783
16.83696,,,,1.314,0.385,9.804
16.83696,,,,1.317,0.335,9.764
16.83696,,,,1.326,0.371,9.701
16.83696,,,,1.348,0.381,9.653
16.83696,,,,1.317,0.35,9.716
16.83696,,,,1.331,0.378,9.517
16.83696,,,,1.355,0.335,9.776
16.83696,,,,1.322,0.373,9.795
16.83696,,,,1.372,0.378,9.845
16.83696,,,,1.322,0.388,9.634
16.83696,,,,1.336,0.366,9.764
16.83696,,,,1.307,0.388,9.855
16.83696,,,,1.331,0.438,9.711
16.83696,,,,1.31,0.443,9.689
16.83696,,,,1.319,0.373,9.85
16.83696,,,,1.369,0.402,9.986
17.03711,,,,3.438,0.73,10.204
17.03711,,,,0.532,0.474,9.802
17.03711,,,,0.031,0.136,9.584
17.03711,,,,1.015,0.601,10.166
17.03711,,,,0.625,0.931,10.036
17.03711,,,,0.661,0.055,11.492
17.03711,,,,-0.151,0.51,10.518
17.03711,,,,0.781,0.503,10.424
17.03711,,,,0.524,0.127,10.096
17.03711,,,,0.773,0.249,9.567
17.03711,,,,0.429,0.036,9.685
17.03711,,,,0.572,0.639,10.027
17.03711,,,,0.905,1.061,9.946
17.03711,,,,0.381,1.111,9.778
17.03711,,,,0.407,0.678,9.771
17.03711,,,,0.285,0.175,10.072
17.03711,,,,0.761,0.764,9.85
17.03711,,,,0.342,0.225,10.132
17.03711,,,,0.965,-0.084,9.984
17.03711,,,,0.929,0.512,10.221
17.23997,,,,0.675,0.373,10.017
17.23997,,,,0.673,-0.479,9.653
17.23997,,,,0.053,0.045,9.534
17.23997,,,,0.034,-0.555,9.196
17.23997,,,,0.917,0.35,9.922
17.23997,,,,0.97,0.378,9.704
17.23997,,,,0.922,0.534,9.756
17.23997,,,,0.84,0.407,9.689
17.23997,,,,0.907,0.608,9.792
17.23997,,,,0.989,0.192,9.752
17.23997,,,,1.022,0.582,9.771
17.23997,,,,0.962,0.311,9.675
17.23997,,,,0.962,0.417,9.673
17.23997,,,,1.01,0.431,9.792
17.23997,,,,1.008,0.441,9.783
17.23997,,,,0.95,0.414,9.725
17.23997,,,,0.97,0.395,9.632
17.23997,,,,0.953,0.469,9.902
17.23997,,,,0.994,0.342,9.785
17.23997,,,,0.972,0.433,9.79
17.23997,,,,1.018,0.362,9.72
17.23997,,,,0.984,0.407,9.867
17.44006,,,,0.967,0.431,9.749
17.44006,,,,0.989,0.433,9.835
17.44006,,,,0.982,0.438,9.811
17.44006,,,,0.977,0.419,9.673
17.44006,,,,0.996,0.429,9.802
17.44006,,,,0.982,0.448,9.735
17.44006,,,,0.994,0.441,9.615
17.44006,,,,0.986,0.335,9.656
17.44006,,,,0.989,0.424,9.73
17.44006,,,,0.989,0.433,9.823
17.44006,,,,0.974,0.402,9.584
17.44006,,,,1.001,0.476,9.708
17.44006,,,,1.027,0.472,9.783
17.44006,,,,0.97,0.429,9.756
17.44006,,,,1.025,0.407,9.67
17.44006,,,,1.003,0.402,9.706
17.44006,,,,1.018,0.385,9.787
17.44006,,,,1.015,0.409,9.764
17.44006,,,,0.986,0.453,9.776
17.44006,,,,0.958,0.4,9.61
17.44006,,,,1.03,0.417,9.819
17.64019,,,,1.022,0.402,9.785
17.64019,,,,1.022,0.424,9.732
17.64019,,,,1.013,0.311,9.737
17.64019,,,,1.01,0.448,9.776
17.64019,,,,1.022,0.438,9.783
17.64019,,,,0.994,0.45,9.675
17.64019,,,,1.02,0.402,9.627
17.64019,,,,1.049,0.46,9.756
17.64019,,,,0.998,0.4,9.759
17.64019,,,,1.034,0.33,9.673
17.64019,,,,1.018,0.412,9.701
17.64019,,,,1.01,0.385,9.754
17.64019,,,,1.013,0.414,9.759
17.64019,,,,1.03,0.457,9.761
17.64019,,,,1.032,0.409,9.653
17.64019,,,,1.025,0.405,9.785
17.64019,,,,1.223,0.321,9.689
17.64019,,,,1.075,0.393,9.78
17.64019,,,,1.053,0.436,9.759
17.64019,,,,1.01,0.4,9.826
17.64019,,,,1.013,0.369,9.699
17.84022,,,,1.006,0.378,9.761
17.84022,,,,1.01,0.412,9.697
17.84022,,,,1.03,0.412,9.718
17.84022,,,,1.068,0.412,9.826
17.84022,,,,0.977,0.369,9.711
17.84022,,,,0.996,0.4,9.682
17.84022,,,,1.02,0.455,9.692
17.84022,,,,1.032,0.429,9.716
17.84022,,,,1.032,0.309,9.694
17.84022,,,,0.994,0.464,9.615
17.84022,,,,1.001,0.433,9.735
17.84022,,,,1.02,0.364,9.804
17.84022,,,,1.001,0.388,9.799
17.84022,,,,1.027,0.45,9.804
17.84022,,,,1.006,0.436,9.804
17.84022,,,,0.982,0.414,9.711
17.84022,,,,1.027,0.426,9.661
17.84022,,,,1.008,0.381,9.823
17.84022,,,,1.046,0.453,9.728
17.84022,,,,1.01,0.357,9.658
17.84022,,,,1.03,0.309,9.78
18.04034,,,,1.037,0.409,9.821
18.04034,,,,1.032,0.328,9.682
18.04034,,,,1.018,0.393,9.675
18.04034,,,,1.08,0.438,9.783
18.04034,,,,1.034,0.436,9.754
18.04034,,,,1.041,0.429,9.802
18.04034,,,,1.063,0.407,9.744
18.04034,,,,1.056,0.438,9.85
18.04034,,,,1.039,0.321,9.761
18.04034,,,,1.015,0.448,9.785
18.04034,,,,1.02,0.424,9.713
18.04034,,,,1.068,0.421,9.814
18.04034,,,,1.03,0.453,9.764
18.04034,,,,1.053,0.369,9.776
18.04034,,,,1.041,0.381,9.871
18.04034,,,,1.022,0.409,9.732
18.04034,,,,1.015,0.362,9.629
18.04034,,,,1.046,0.433,9.692
18.04034,,,,1.061,0.4,9.768
18.04034,,,,1.037,0.388,9.878
18.24037,,,,1.089,0.371,9.771
18.24037,,,,1.001,0.385,9.72
18.24037,,,,1.065,0.443,9.826
18.24037,,,,1.037,0.424,9.732
18.24037,,,,1.03,0.388,9.756
18.24037,,,,1.046,0.4,9.728
18.24037,,,,1.034,0.407,9.823
18.24037,,,,1.07,0.429,9.764
18.24037,,,,0.927,0.397,9.787
18.24037,,,,1.003,0.426,9.67
18.24037,,,,1.041,0.357,9.811
18.24037,,,,1.046,0.431,9.644
18.24037,,,,1.065,0.445,9.792
18.24037,,,,1.063,0.421,9.718
18.24037,,,,1.018,0.431,9.874
18.24037,,,,1.056,0.457,9.795
18.24037,,,,1.015,0.328,9.589
18.24037,,,,1.08,0.436,9.706
18.24037,,,,1.039,0.369,9.766
18.24037,,,,0.919,0.306,9.773
18.24037,,,,1.073,0.45,9.589
18.44044,,,,1.039,0.436,9.716
18.44044,,,,1.08,0.421,9.72
18.44044,,,,1.061,0.417,9.802
18.44044,,,,1.049,0.4,9.67
18.44044,,,,1.015,0.33,9.797
18.44044,,,,1.08,0.393,9.742
18.44044,,,,1.08,0.385,9.804
18.44044,,,,1.03,0.393,9.744
18.44044,,,,1.041,0.397,9.766
18.44044,,,,1.046,0.436,9.718
18.44044,,,,1.02,0.352,9.795
18.44044,,,,1.099,0.373,9.723
18.44044,,,,1.073,0.407,9.847
18.44044,,,,1.049,0.424,9.855
18.44044,,,,1.051,0.433,9.675
18.44044,,,,1.02,0.381,9.766
18.44044,,,,1.192,0.431,9.708
18.44044,,,,1.044,0.409,9.742
18.44044,,,,1.07,0.436,9.776
18.44044,,,,1.027,0.395,9.888
18.44044,,,,0.931,0.405,9.701
18.64044,,,,1.061,0.443,9.759
18.64044,,,,1.192,0.417,9.773
18.64044,,,,1.03,0.419,9.752
18.64044,,,,1.053,0.429,9.732
18.64044,,,,1.046,0.421,9.857
18.64044,,,,1.034,0.441,9.773
18.64044,,,,1.034,0.417,9.847
18.64044,,,,0.924,0.376,9.771
18.64044,,,,1.065,0.405,9.61
18.64044,,,,1.053,0.429,9.601
18.64044,,,,1.015,0.383,9.843
18.64044,,,,1.058,0.424,9.78
18.64044,,,,1.058,0.455,9.728
18.64044,,,,1.082,0.373,9.852
18.64044,,,,1.034,0.397,9.747
18.64044,,,,1.065,0.354,9.869
18.64044,,,,1.063,0.424,9.656
18.64044,,,,1.094,0.4,9.867
18.64044,,,,1.056,0.376,9.852
18.64044,,,,1.061,0.393,9.914
18.64044,,,,1.056,0.39,9.771
18.84341,,,,1.202,0.395,9.855
18.84341,,,,1.027,0.445,9.51
18.84341,,,,1.046,0.39,9.864
18.84341,,,,1.214,0.373,9.802
18.84341,,,,1.061,0.412,9.677
18.84341,,,,1.027,0.414,9.728
18.84341,,,,1.061,0.366,9.838
18.84341,,,,1.044,0.357,9.847
18.84341,,,,1.101,0.35,9.673
18.84341,,,,1.085,0.45,9.73
18.84341,,,,1.068,0.407,9.749
18.84341,,,,1.056,0.438,9.752
18.84341,,,,1.068,0.385,9.795
18.84341,,,,1.039,0.371,9.768
18.84341,,,,1.039,0.426,9.761
18.84341,,,,0.934,0.402,9.754
18.84341,,,,1.08,0.421,9.78
18.84341,,,,1.073,0.409,9.811
18.84341,,,,1.058,0.385,9.823
18.84341,,,,1.073,0.366,9.749
18.84341,,,,1.051,0.366,9.685
18.84341,,,,1.051,0.326,9.747
19.04348,,,,1.085,0.407,9.807
19.04348,,,,1.204,0.436,9.713
19.04348,,,,1.082,0.421,9.934
19.04348,,,,1.041,0.453,9.689
19.04348,,,,1.092,0.412,9.68
19.04348,,,,1.027,0.417,9.811
19.04348,,,,1.046,0.45,9.766
19.04348,,,,1.075,0.419,9.72
19.04348,,,,1.053,0.405,9.989
19.04348,,,,1.041,0.431,9.869
19.04348,,,,1.073,0.373,9.697
19.04348,,,,1.027,0.421,9.79
19.04348,,,,1.053,0.431,9.723
19.04348,,,,1.051,0.316,9.792
19.04348,,,,1.085,0.362,9.752
19.04348,,,,1.037,0.369,9.814
19.04348,,,,1.056,0.364,9.799
19.04348,,,,1.058,0.419,9.572
19.04348,,,,1.049,0.321,9.591
19.04348,,,,1.058,0.354,9.658
19.04348,,,,1.065,0.448,9.804
19.24348,,,,1.068,0.409,9.718
19.24348,,,,1.025,0.357,9.711
19.24348,,,,1.065,0.378,9.754
19.24348,,,,1.087,0.419,9.857
19.24348,,,,1.082,0.376,9.675
19.24348,,,,1.061,0.431,9.91
19.24348,,,,0.986,0.395,9.754
19.24348,,,,1.025,0.414,9.658
19.24348,,,,1.039,0.443,9.783
19.24348,,,,1.063,0.383,9.785
19.24348,,,,1.211,0.405,9.816
19.24348,,,,1.08,0.39,9.708
19.24348,,,,1.085,0.433,9.515
19.24348,,,,1.046,0.35,9.732
19.24348,,,,1.104,0.429,9.859
19.24348,,,,1.058,0.388,9.713
19.24348,,,,1.046,0.405,9.68
19.24348,,,,1.092,0.412,9.835
19.24348,,,,1.046,0.438,9.804
19.24348,,,,0.934,0.431,9.744
19.24348,,,,1.087,0.388,9.649
19.44358,,,,1.109,0.388,9.871
19.44358,,,,1.041,0.409,9.771
19.44358,,,,1.049,0.373,9.658
19.44358,,,,1.061,0.436,9.771
19.44358,,,,1.082,0.318,9.771
19.44358,,,,1.065,0.385,9.809
19.44358,,,,1.056,0.407,9.847
19.44358,,,,1.216,0.371,9.78
19.44358,,,,1.065,0.4,9.78
19.44358,,,,1.068,0.407,9.792
19.44358,,,,1.219,0.371,9.864
19.44358,,,,1.092,0.366,9.689
19.44358,,,,1.025,0.383,9.505
19.44358,,,,1.075,0.397,9.627
19.44358,,,,1.063,0.371,9.665
19.44358,,,,1.101,0.45,9.694
19.44358,,,,1.07,0.4,9.651
19.44358,,,,1.149,0.378,9.713
19.44358,,,,1.08,0.364,9.697
19.44358,,,,1.063,0.357,9.524
19.44358,,,,1.073,0.409,9.764
19.64366,,,,0.936,0.429,9.665
19.64366,,,,1.065,0.383,9.922
19.64366,,,,1.092,0.424,9.828
19.64366,,,,1.046,0.433,9.785
19.64366,,,,1.075,0.414,9.682
19.64366,,,,1.08,0.397,9.876
19.64366,,,,1.056,0.417,9.74
19.64366,,,,1.063,0.414,9.816
19.64366,,,,1.039,0.438,9.759
19.64366,,,,1.109,0.373,9.67
19.64366,,,,1.082,0.412,9.529
19.64366,,,,1.051,0.433,9.804
19.64366,,,,0.934,0.381,9.778
19.64366,,,,1.07,0.402,9.677
19.64366,,,,1.053,0.39,9.878
19.64366,,,,1.046,0.431,9.852
19.64366,,,,1.097,0.388,9.85
19.64366,,,,1.068,0.366,9.697
19.64366,,,,1.092,0.397,9.819
19.64366,,,,1.034,0.433,9.634
19.64366,,,,1.058,0.34,9.776
19.84376,,,,1.065,0.395,9.713
19.84376,,,,1.089,0.378,9.752
19.84376,,,,1.109,0.412,9.773
19.84376,,,,1.094,0.366,9.725
19.84376,,,,1.097,0.335,9.73
19.84376,,,,1.073,0.4,9.687
19.84376,,,,1.075,0.429,9.826
19.84376,,,,1.094,0.402,9.811
19.84376,,,,1.221,0.378,9.732
19.84376,,,,1.075,0.45,9.553
19.84376,,,,1.058,0.381,9.797
19.84376,,,,0.936,0.359,9.665
19.84376,,,,1.214,0.314,9.668
19.84376,,,,1.087,0.426,9.768
19.84376,,,,1.085,0.388,9.893
19.84376,,,,1.085,0.39,9.682
19.84376,,,,1.092,0.395,9.697
19.84376,,,,1.065,0.407,9.687
19.84376,,,,1.046,0.376,9.874
19.84376,,,,1.221,0.45,9.771
19.84376,,,,1.089,0.393,9.754
20.04385,,,,1.049,0.431,9.725
20.04385,,,,1.077,0.441,9.732
20.04385,,,,1.063,0.371,9.761
20.04385,,,,1.044,0.395,9.754
20.04385,,,,0.924,0.397,9.802
20.04385,,,,1.104,0.457,9.795
20.04385,,,,1.051,0.378,9.773
20.04385,,,,1.058,0.438,9.84
20.04385,,,,1.111,0.366,9.661
20.04385,,,,1.068,0.405,9.73
20.04385,,,,1.063,0.421,9.905
20.04385,,,,1.085,0.381,9.634
20.04385,,,,1.082,0.417,9.663
20.04385,,,,1.056,0.397,9.742
20.04385,,,,1.099,0.405,9.716
20.04385,,,,1.085,0.424,9.816
20.04385,,,,0.939,0.39,9.819
20.04385,,,,1.094,0.426,9.756
20.04385,,,,1.089,0.381,9.689
20.04385,,,,1.087,0.419,9.711
20.04385,,,,1.092,0.369,9.768
20.24399,,,,1.065,0.371,9.766
20.24399,,,,1.075,0.407,9.833
20.24399,,,,1.132,0.412,9.795
20.24399,,,,1.073,0.364,9.694
20.24399,,,,1.068,0.393,9.694
20.24399,,,,1.068,0.421,9.778
20.24399,,,,1.08,0.362,9.797
20.24399,,,,1.195,0.4,9.519
20.24399,,,,1.097,0.388,9.728
20.24399,,,,1.092,0.412,9.84
20.24399,,,,1.092,0.393,9.649
20.24399,,,,1.051,0.4,9.749
20.24399,,,,1.073,0.376,9.91
20.24399,,,,1.051,0.397,9.883
20.24399,,,,1.221,0.424,9.701
20.24399,,,,1.097,0.419,9.766
20.24399,,,,1.08,0.407,9.895
20.24399,,,,1.221,0.455,9.795
20.24399,,,,1.073,0.441,9.682
20.24399,,,,1.068,0.412,9.752
20.24399,,,,1.085,0.412,9.759
20.4441,,,,1.077,0.436,9.776
20.4441,,,,1.123,0.4,9.747
20.4441,,,,0.943,0.402,9.675
20.4441,,,,1.039,0.314,9.867
20.4441,,,,1.223,0.395,9.653
20.4441,,,,1.211,0.4,9.711
20.4441,,,,1.125,0.393,9.5
20.4441,,,,1.118,0.4,9.795
20.4441,,,,1.209,0.385,9.74
20.4441,,,,1.085,0.373,9.663
20.4441,,,,1.109,0.414,9.855
20.4441,,,,0.919,0.393,9.759
20.4441,,,,1.216,0.33,9.728
20.4441,,,,1.116,0.364,9.735
20.4441,,,,1.116,0.443,9.787
20.4441,,,,1.221,0.388,9.785
20.4441,,,,1.092,0.385,9.756
20.4441,,,,1.085,0.431,9.72
20.4441,,,,1.13,0.4,9.902
20.4441,,,,1.154,0.381,9.804
20.4441,,,,1.099,0.443,9.718
20.64412,,,,1.073,0.436,9.732
20.64412,,,,1.211,0.362,9.749
20.64412,,,,0.941,0.354,9.663
20.64412,,,,1.104,0.342,9.79
20.64412,,,,1.12,0.414,9.914
20.64412,,,,1.082,0.393,9.843
20.64412,,,,1.063,0.33,9.847
20.64412,,,,1.135,0.328,9.692
20.64412,,,,1.097,0.352,9.752
20.64412,,,,1.068,0.385,9.744
20.64412,,,,1.077,0.311,9.759
20.64412,,,,1.077,0.388,9.761
20.64412,,,,1.101,0.366,9.783
20.64412,,,,1.092,0.393,9.697
20.64412,,,,1.223,0.431,9.668
20.64412,,,,1.087,0.448,9.771
20.64412,,,,1.116,0.397,9.84
20.64412,,,,1.082,0.429,9.665
20.64412,,,,1.056,0.397,9.673
20.64412,,,,1.037,0.364,9.613
20.64412,,,,1.089,0.409,9.809
20.8473,,,,1.063,0.362,9.689
20.8473,,,,1.104,0.347,9.797
20.8473,,,,0.924,0.362,9.764
20.8473,,,,1.209,0.373,9.874
20.8473,,,,1.118,0.417,9.79
20.8473,,,,1.068,0.412,9.783
20.8473,,,,1.015,0.393,9.79
20.8473,,,,1.077,0.385,9.519
20.8473,,,,1.094,0.342,9.768
20.8473,,,,1.046,0.39,9.792
20.8473,,,,1.104,0.35,9.797
20.8473,,,,1.07,0.457,9.627
20.8473,,,,1.128,0.383,9.95
20.8473,,,,1.08,0.407,9.737
20.8473,,,,1.049,0.431,9.74
20.8473,,,,1.085,0.352,9.574
20.8473,,,,1.109,0.414,9.828
20.8473,,,,0.931,0.445,9.744
20.8473,,,,1.116,0.373,9.78
20.8473,,,,1.109,0.431,9.759
20.8473,,,,1.085,0.414,9.78
20.8473,,,,1.099,0.445,9.809
21.04739,,,,1.118,0.407,9.749
21.04739,,,,1.099,0.306,9.517
21.04739,,,,1.094,0.436,9.682
21.04739,,,,1.097,0.433,9.843
21.04739,,,,1.111,0.393,9.864
21.04739,,,,1.018,0.342,9.704
21.04739,,,,1.097,0.385,9.701
21.04739,,,,1.113,0.385,9.685
21.04739,,,,0.922,0.419,9.723
21.04739,,,,1.154,0.4,9.771
21.04739,,,,1.092,0.436,9.725
21.04739,,,,1.085,0.405,9.914
21.04739,,,,1.082,0.417,9.823
21.04739,,,,1.085,0.424,9.716
21.04739,,,,1.085,0.448,9.701
21.04739,,,,1.058,0.433,9.759
21.04739,,,,1.221,0.426,9.783
21.04739,,,,1.13,0.424,9.687
21.04739,,,,1.099,0.373,9.673
21.04739,,,,1.075,0.438,9.84
21.04739,,,,1.113,0.369,9.847
21.24753,,,,1.101,0.443,9.68
21.24753,,,,1.089,0.39,9.699
21.24753,,,,1.101,0.448,9.653
21.24753,,,,1.08,0.381,9.704
21.24753,,,,1.101,0.402,9.761
21.24753,,,,1.111,0.383,9.797
21.24753,,,,1.109,0.426,9.73
21.24753,,,,1.128,0.407,9.725
21.24753,,,,1.104,0.424,9.761
21.24753,,,,1.075,0.393,9.795
21.24753,,,,1.118,0.395,9.907
21.24753,,,,1.092,0.431,9.811
21.24753,,,,1.087,0.371,9.615
21.24753,,,,1.065,0.438,9.799
21.24753,,,,1.104,0.378,9.778
21.24753,,,,1.089,0.378,9.823
21.24753,,,,1.104,0.371,9.78
21.24753,,,,1.109,0.441,10.008
21.24753,,,,1.106,0.366,9.661
21.24753,,,,1.077,0.445,9.697
21.44767,,,,1.092,0.409,9.728
21.44767,,,,1.097,0.429,9.51
21.44767,,,,1.087,0.443,9.888
21.44767,,,,1.092,0.388,9.747
21.44767,,,,1.097,0.443,9.73
21.44767,,,,1.149,0.376,9.658
21.44767,,,,1.149,0.405,9.787
21.44767,,,,1.097,0.424,9.744
21.44767,,,,0.929,0.333,9.596
21.44767,,,,1.065,0.419,9.773
21.44767,,,,1.097,0.412,9.816
21.44767,,,,1.094,0.417,9.653
21.44767,,,,1.123,0.402,9.694
21.44767,,,,1.075,0.364,9.926
21.44767,,,,1.123,0.414,9.761
21.44767,,,,1.099,0.357,9.641
21.44767,,,,1.135,0.383,9.665
21.44767,,,,1.118,0.472,9.754
21.44767,,,,1.116,0.402,9.835
21.44767,,,,0.958,0.45,9.708
21.64778,,,,1.099,0.433,9.845
21.64778,,,,1.111,0.405,9.749
21.64778,,,,1.106,0.393,9.764
21.64778,,,,1.087,0.39,9.744
21.64778,,,,1.101,0.328,9.744
21.64778,,,,1.097,0.393,9.756
21.64778,,,,1.094,0.402,9.859
21.64778,,,,1.104,0.383,9.718
21.64778,,,,1.101,0.378,9.79
21.64778,,,,1.08,0.373,9.752
21.64778,,,,1.144,0.388,9.855
21.64778,,,,1.13,0.419,9.792
21.64778,,,,0.962,0.453,9.776
21.64778,,,,1.104,0.352,9.728
21.64778,,,,1.101,0.417,9.809
21.64778,,,,1.113,0.335,9.792
21.64778,,,,0.922,0.457,9.629
21.64778,,,,1.113,0.366,9.797
21.64778,,,,1.12,0.417,9.685
21.64778,,,,1.104,0.371,9.737
21.64778,,,,1.101,0.383,9.67
21.84782,,,,1.101,0.395,9.524
21.84782,,,,1.123,0.378,9.79
21.84782,,,,1.137,0.397,9.864
21.84782,,,,1.097,0.371,9.816
21.84782,,,,1.082,0.419,9.541
21.84782,,,,1.106,0.419,9.888
21.84782,,,,1.092,0.314,9.72
21.84782,,,,1.085,0.397,9.704
21.84782,,,,1.125,0.354,9.706
21.84782,,,,1.08,0.402,9.615
21.84782,,,,1.104,0.4,9.708
21.84782,,,,1.132,0.39,9.524
21.84782,,,,1.111,0.385,9.761
21.84782,,,,1.118,0.388,9.838
21.84782,,,,1.106,0.409,9.699
21.84782,,,,1.099,0.402,9.704
21.84782,,,,1.118,0.412,9.764
21.84782,,,,1.149,0.39,9.79
21.84782,,,,1.061,0.441,9.773
21.84782,,,,1.077,0.412,9.708
21.84782,,,,1.099,0.409,9.859
22.04785,,,,1.101,0.453,9.603
22.04785,,,,1.085,0.414,9.562
22.04785,,,,1.116,0.412,9.627
22.04785,,,,1.12,0.364,9.725
22.04785,,,,1.089,0.402,9.689
22.04785,,,,1.111,0.429,9.756
22.04785,,,,1.156,0.395,9.874
22.04785,,,,1.111,0.409,9.759
22.04785,,,,1.104,0.359,9.656
22.04785,,,,1.106,0.402,9.773
22.04785,,,,1.104,0.419,9.828
22.04785,,,,1.089,0.338,9.718
22.04785,,,,1.116,0.429,9.735
22.04785,,,,1.104,0.388,9.711
22.04785,,,,1.113,0.381,9.682
22.04785,,,,1.123,0.385,9.773
22.04785,,,,1.087,0.419,9.67
22.04785,,,,1.089,0.455,9.804
22.04785,,,,0.939,0.373,9.752
22.04785,,,,1.089,0.429,9.771
22.04785,,,,1.135,0.39,9.658
22.24797,,,,1.118,0.373,9.699
22.24797,,,,1.106,0.453,9.917
22.24797,,,,1.097,0.433,9.847
22.24797,,,,1.111,0.445,9.881
22.24797,,,,1.125,0.366,9.802
22.24797,,,,1.082,0.402,9.869
22.24797,,,,1.104,0.4,9.79
22.24797,,,,1.111,0.431,9.507
22.24797,,,,1.075,0.417,9.756
22.24797,,,,1.087,0.364,9.766
22.24797,,,,1.147,0.364,9.855
22.24797,,,,1.132,0.383,9.768
22.24797,,,,1.118,0.409,9.776
22.24797,,,,1.13,0.381,9.79
22.24797,,,,1.104,0.397,9.589
22.24797,,,,1.12,0.405,9.697
22.24797,,,,1.104,0.407,9.859
22.24797,,,,1.111,0.364,9.89
22.24797,,,,1.087,0.438,9.795
22.24797,,,,1.147,0.402,9.699
22.24797,,,,1.13,0.429,9.773
22.44807,,,,1.061,0.421,9.735
22.44807,,,,1.097,0.393,9.785
22.44807,,,,1.087,0.424,9.653
22.44807,,,,1.109,0.388,9.883
22.44807,,,,1.12,0.318,9.864
22.44807,,,,1.111,0.405,9.787
22.44807,,,,1.077,0.443,9.768
22.44807,,,,0.931,0.388,9.778
22.44807,,,,0.927,0.388,9.771
22.44807,,,,1.087,0.395,9.895
22.44807,,,,1.123,0.393,9.809
22.44807,,,,1.097,0.364,9.653
22.44807,,,,1.12,0.393,9.776
22.44807,,,,1.149,0.397,9.778
22.44807,,,,1.125,0.376,9.725
22.44807,,,,1.118,0.417,9.787
22.44807,,,,1.104,0.414,9.902
22.44807,,,,1.104,0.397,9.723
22.44807,,,,1.123,0.359,9.773
22.44807,,,,1.137,0.455,9.699
22.44807,,,,1.094,0.4,9.859
22.64821,,,,1.125,0.345,9.869
22.64821,,,,1.109,0.409,9.658
22.64821,,,,1.142,0.409,9.689
22.64821,,,,1.147,0.409,9.737
22.64821,,,,1.132,0.443,9.725
22.64821,,,,1.104,0.345,9.732
22.64821,,,,1.104,0.419,9.926
22.64821,,,,1.104,0.424,9.764
22.64821,,,,1.089,0.445,9.749
22.64821,,,,1.08,0.357,9.737
22.64821,,,,1.128,0.405,9.771
22.64821,,,,1.118,0.393,9.737
22.64821,,,,1.087,0.376,9.764
22.64821,,,,1.092,0.385,9.728
22.64821,,,,1.113,0.342,9.742
22.64821,,,,1.085,0.455,9.519
22.64821,,,,1.13,0.414,9.749
22.64821,,,,1.087,0.464,9.694
22.64821,,,,1.156,0.417,9.725
22.64821,,,,1.154,0.407,9.694
22.64821,,,,1.128,0.373,9.871
22.84853,,,,1.104,0.443,9.929
22.84853,,,,1.113,0.438,9.704
22.84853,,,,1.13,0.388,9.761
22.84853,,,,1.123,0.433,9.716
22.84853,,,,1.089,0.397,9.816
22.84853,,,,1.092,0.373,9.694
22.84853,,,,1.135,0.453,9.701
22.84853,,,,1.113,0.397,9.761
22.84853,,,,1.08,0.381,9.876
22.84853,,,,1.097,0.46,9.785
22.84853,,,,1.116,0.385,9.723
22.84853,,,,1.099,0.472,9.713
22.84853,,,,1.101,0.436,9.792
22.84853,,,,1.132,0.388,9.91
22.84853,,,,1.123,0.395,9.804
22.84853,,,,1.085,0.407,9.72
22.84853,,,,1.109,0.421,9.68
22.84853,,,,1.135,0.362,9.855
22.84853,,,,1.128,0.402,9.843
22.84853,,,,1.137,0.407,9.601
22.84853,,,,1.073,0.419,9.752
23.04867,,,,1.111,0.405,9.689
23.04867,,,,1.077,0.402,9.905
23.04867,,,,1.111,0.426,9.797
23.04867,,,,1.075,0.443,9.74
23.04867,,,,1.073,0.395,9.867
23.04867,,,,1.104,0.364,9.835
23.04867,,,,1.12,0.393,9.735
23.04867,,,,1.109,0.417,9.831
23.04867,,,,1.135,0.381,9.761
23.04867,,,,1.085,0.385,9.826
23.04867,,,,1.113,0.405,9.685
23.04867,,,,1.113,0.366,9.773
23.04867,,,,1.094,0.4,9.735
23.04867,,,,1.116,0.316,9.79
23.04867,,,,1.07,0.366,9.685
23.04867,,,,1.147,0.455,9.802
23.04867,,,,1.109,0.424,9.795
23.04867,,,,1.137,0.333,9.79
23.04867,,,,1.08,0.373,9.68
23.04867,,,,1.092,0.39,9.91
23.04867,,,,1.089,0.402,9.847
23.24881,,,,1.109,0.441,9.78
23.24881,,,,1.135,0.429,9.864
23.24881,,,,1.082,0.362,9.68
23.24881,,,,1.092,0.455,9.574
23.24881,,,,1.14,0.369,9.72
23.24881,,,,1.111,0.388,9.761
23.24881,,,,1.12,0.342,9.778
23.24881,,,,1.082,0.467,9.596
23.24881,,,,1.149,0.409,9.811
23.24881,,,,1.128,0.376,9.814
23.24881,,,,1.116,0.419,9.787
23.24881,,,,1.089,0.39,9.73
23.24881,,,,1.128,0.385,9.766
23.24881,,,,1.137,0.366,9.809
23.24881,,,,1.12,0.431,9.704
23.24881,,,,1.13,0.369,9.78
23.24881,,,,1.142,0.395,9.764
23.24881,,,,1.159,0.424,9.716
23.24881,,,,1.113,0.388,9.764
23.24881,,,,1.144,0.405,9.89
23.24881,,,,1.12,0.436,9.783
23.44891,,,,1.12,0.376,9.742
23.44891,,,,1.13,0.39,9.754
23.44891,,,,1.104,0.388,9.799
23.44891,,,,1.125,0.4,9.656
23.44891,,,,1.12,0.373,9.84
23.44891,,,,1.135,0.402,9.807
23.44891,,,,1.097,0.376,9.792
23.44891,,,,1.123,0.373,9.799
23.44891,,,,1.123,0.393,9.651
23.44891,,,,1.118,0.362,9.598
23.44891,,,,1.137,0.4,9.795
23.44891,,,,1.118,0.376,9.665
23.44891,,,,1.106,0.4,9.773
23.44891,,,,1.097,0.352,9.73
23.44891,,,,1.106,0.395,9.711
23.44891,,,,1.128,0.393,9.754
23.44891,,,,1.065,0.347,9.531
23.44891,,,,1.101,0.421,9.857
23.44891,,,,1.111,0.385,9.819
23.44891,,,,1.077,0.45,9.5
23.44891,,,,1.082,0.448,9.768
23.64972,,,,1.128,0.366,9.713
23.64972,,,,1.125,0.402,9.847
23.64972,,,,1.101,0.433,9.713
23.64972,,,,1.092,0.395,9.778
23.64972,,,,1.12,0.436,9.833
23.64972,,,,1.109,0.328,9.869
23.64972,,,,1.147,0.39,9.68
23.64972,,,,1.097,0.39,9.773
23.64972,,,,1.159,0.314,9.79
23.64972,,,,1.116,0.395,9.802
23.64972,,,,1.125,0.39,9.749
23.64972,,,,1.094,0.431,9.759
23.64972,,,,1.116,0.333,9.802
23.64972,,,,1.077,0.409,9.795
23.64972,,,,1.154,0.417,9.795
23.64972,,,,1.154,0.362,9.735
23.64972,,,,1.147,0.481,9.749
23.64972,,,,1.116,0.426,9.809
23.64972,,,,1.125,0.417,9.819
23.64972,,,,1.097,0.366,9.78
23.64972,,,,1.137,0.345,9.79
23.84978,,,,1.137,0.395,9.771
23.84978,,,,1.101,0.4,9.914
23.84978,,,,1.058,0.441,9.665
23.84978,,,,1.125,0.39,9.735
23.84978,,,,1.132,0.326,9.692
23.84978,,,,1.161,0.33,9.735
23.84978,,,,1.106,0.409,9.74
23.84978,,,,1.109,0.417,9.562
23.84978,,,,1.101,0.388,9.771
23.84978,,,,1.113,0.419,9.826
23.84978,,,,1.082,0.4,9.785
23.84978,,,,1.142,0.405,9.871
23.84978,,,,1.216,0.409,9.85
23.84978,,,,1.128,0.433,9.658
23.84978,,,,1.13,0.402,9.503
23.84978,,,,1.116,0.378,9.761
23.84978,,,,1.13,0.335,9.759
23.84978,,,,1.113,0.397,9.744
23.84978,,,,1.104,0.45,9.857
23.84978,,,,1.156,0.417,9.823
23.84978,,,,1.104,0.405,9.778
24.05302,,,,1.111,0.409,9.912
24.05302,,,,1.101,0.388,9.766
24.05302,,,,1.12,0.405,9.728
24.05302,,,,1.106,0.436,9.706
24.05302,,,,1.156,0.405,9.754
24.05302,,,,1.118,0.405,9.809
24.05302,,,,1.156,0.326,9.706
24.05302,,,,1.14,0.417,9.756
24.05302,,,,1.111,0.359,9.785
24.05302,,,,1.135,0.352,9.764
24.05302,,,,1.12,0.383,9.74
24.05302,,,,1.12,0.378,9.701
24.05302,,,,1.135,0.429,9.711
24.05302,,,,1.092,0.393,9.766
24.05302,,,,1.142,0.407,9.802
24.05302,,,,1.116,0.4,9.725
24.05302,,,,1.132,0.407,9.802
24.05302,,,,1.125,0.421,9.79
24.05302,,,,1.156,0.323,9.773
24.05302,,,,1.101,0.431,9.785
24.05302,,,,1.099,0.433,9.704
24.05302,,,,1.159,0.426,9.766
24.25408,,,,1.113,0.417,9.776
24.25408,,,,1.116,0.445,9.613
24.25408,,,,1.116,0.424,9.716
24.25408,,,,1.065,0.4,9.682
24.25408,,,,1.125,0.395,9.756
24.25408,,,,1.12,0.431,9.74
24.25408,,,,1.097,0.409,9.613
24.25408,,,,1.176,0.412,9.718
24.25408,,,,1.111,0.429,9.723
24.25408,,,,1.173,0.39,9.723
24.25408,,,,1.118,0.457,9.694
24.25408,,,,1.113,0.395,9.74
24.25408,,,,1.125,0.383,9.783
24.25408,,,,1.132,0.373,9.754
24.25408,,,,1.152,0.421,9.728
24.25408,,,,1.113,0.345,9.749
24.25408,,,,1.128,0.383,9.838
24.25408,,,,1.089,0.431,9.797
24.25408,,,,1.123,0.395,9.785
24.25408,,,,1.101,0.338,9.773
24.25408,,,,1.14,0.388,9.821
24.45655,,,,1.161,0.426,9.802
24.45655,,,,1.149,0.424,9.661
24.45655,,,,1.116,0.4,9.704
24.45655,,,,1.111,0.397,9.699
24.45655,,,,1.106,0.385,9.91
24.45655,,,,1.099,0.412,9.56
24.45655,,,,1.104,0.417,9.754
24.45655,,,,1.123,0.378,9.665
24.45655,,,,1.154,0.364,9.704
24.45655,,,,1.109,0.397,9.819
24.45655,,,,1.094,0.33,9.74
24.45655,,,,1.099,0.409,9.737
24.45655,,,,1.159,0.426,9.804
24.45655,,,,1.082,0.407,9.816
24.45655,,,,1.123,0.431,9.701
24.45655,,,,1.14,0.441,9.766
24.45655,,,,1.116,0.378,9.759
24.45655,,,,1.144,0.395,9.761
24.45655,,,,1.13,0.347,9.517
24.45655,,,,1.14,0.373,9.742
24.45655,,,,1.104,0.395,9.577
24.45655,,,,1.104,0.342,9.574
24.6594,,,,1.12,0.409,9.768
24.6594,,,,1.116,0.362,9.716
24.6594,,,,1.092,0.4,9.783
24.6594,,,,1.07,0.381,9.797
24.6594,,,,1.111,0.409,9.675
24.6594,,,,1.13,0.381,9.572
24.6594,,,,1.137,0.381,9.68
24.6594,,,,1.132,0.407,9.685
24.6594,,,,1.113,0.421,9.912
24.6594,,,,1.087,0.397,9.96
24.6594,,,,1.097,0.433,9.771
24.6594,,,,1.159,0.357,9.759
24.6594,,,,1.097,0.359,9.85
24.6594,,,,1.097,0.421,9.78
24.6594,,,,1.156,0.412,9.754
24.6594,,,,1.132,0.395,9.579
24.6594,,,,1.123,0.383,9.799
24.6594,,,,1.14,0.373,9.773
24.6594,,,,1.087,0.376,9.594
24.6594,,,,1.161,0.407,9.814
24.6594,,,,1.128,0.381,9.649
24.6594,,,,1.092,0.381,9.737
24.8602,,,,1.068,0.431,9.704
24.8602,,,,1.161,0.402,9.838
24.8602,,,,1.111,0.376,9.704
24.8602,,,,1.106,0.464,9.677
24.8602,,,,1.101,0.409,9.867
24.8602,,,,1.144,0.431,9.749
24.8602,,,,1.132,0.421,9.754
24.8602,,,,1.109,0.357,9.73
24.8602,,,,1.14,0.407,9.749
24.8602,,,,1.113,0.436,9.713
24.8602,,,,1.12,0.376,9.716
24.8602,,,,1.113,0.433,9.677
24.8602,,,,1.111,0.359,9.754
24.8602,,,,1.089,0.419,9.843
24.8602,,,,1.142,0.433,9.816
24.8602,,,,1.099,0.388,9.744
24.8602,,,,1.128,0.397,9.795
24.8602,,,,1.094,0.366,9.639
24.8602,,,,1.164,0.424,9.883
25.06031,,,,1.109,0.417,9.754
25.06031,,,,1.149,0.362,9.768
25.06031,,,,1.12,0.409,9.742
25.06031,,,,1.171,0.395,9.768
25.06031,,,,1.12,0.412,9.776
25.06031,,,,1.106,0.39,9.749
25.06031,,,,1.135,0.393,9.797
25.06031,,,,1.106,0.409,9.708
25.06031,,,,1.135,0.376,9.797
25.06031,,,,1.147,0.357,9.73
25.06031,,,,1.104,0.369,9.783
25.06031,,,,1.132,0.412,9.713
25.06031,,,,1.118,0.417,9.594
25.06031,,,,1.128,0.39,9.917
25.06031,,,,1.149,0.397,9.704
25.06031,,,,1.113,0.369,9.776
25.06031,,,,1.152,0.443,9.5
25.06031,,,,1.13,0.424,9.843
25.06031,,,,1.101,0.393,9.819
25.06031,,,,1.13,0.429,9.685
25.06031,,,,1.135,0.448,9.656
25.26031,,,,1.097,0.333,9.744
25.26031,,,,1.113,0.397,9.663
25.26031,,,,1.135,0.359,9.802
25.26031,,,,1.144,0.409,9.845
25.26031,,,,1.123,0.448,9.713
25.26031,,,,1.171,0.383,9.522
25.26031,,,,1.092,0.412,9.665
25.26031,,,,1.111,0.321,9.634
25.26031,,,,1.132,0.426,9.828
25.26031,,,,1.109,0.421,9.742
25.26031,,,,1.099,0.335,9.787
25.26031,,,,1.128,0.429,9.682
25.26031,,,,1.137,0.4,9.785
25.26031,,,,1.123,0.402,9.768
25.26031,,,,1.118,0.421,9.697
25.26031,,,,1.113,0.414,9.764
25.26031,,,,1.118,0.39,9.653
25.26031,,,,1.118,0.457,9.768
25.26031,,,,1.13,0.419,9.701
25.26031,,,,1.106,0.405,9.759
25.26031,,,,1.147,0.376,9.833
25.46042,,,,1.14,0.464,9.687
25.46042,,,,1.149,0.35,9.787
25.46042,,,,1.101,0.39,9.665
25.46042,,,,1.152,0.409,9.704
25.46042,,,,1.152,0.405,9.838
25.46042,,,,1.116,0.383,9.802
25.46042,,,,1.154,0.338,9.922
25.46042,,,,1.128,0.33,9.874
25.46042,,,,1.171,0.433,9.668
25.46042,,,,1.152,0.378,9.898
25.46042,,,,1.097,0.393,9.761
25.46042,,,,1.089,0.407,9.692
25.46042,,,,1.152,0.381,9.792
25.46042,,,,1.068,0.409,9.766
25.46042,,,,1.135,0.433,9.84
25.46042,,,,1.111,0.35,9.701
25.46042,,,,1.082,0.352,9.941
25.46042,,,,1.101,0.441,9.84
25.46042,,,,1.13,0.436,9.718
25.46042,,,,1.14,0.426,9.55
25.46042,,,,1.101,0.421,9.814
25.66046,,,,1.132,0.357,9.618
25.66046,,,,1.123,0.357,9.685
25.66046,,,,1.111,0.4,9.768
25.66046,,,,1.113,0.409,9.787
25.66046,,,,1.123,0.378,9.687
25.66046,,,,1.156,0.383,9.797
25.66046,,,,1.13,0.448,9.699
25.66046,,,,1.149,0.359,9.747
25.66046,,,,1.109,0.395,9.843
25.66046,,,,1.144,0.323,9.78
25.66046,,,,1.109,0.342,9.802
25.66046,,,,1.14,0.407,9.776
25.66046,,,,1.128,0.402,9.867
25.66046,,,,1.113,0.412,9.749
25.66046,,,,1.149,0.376,9.766
25.66046,,,,1.125,0.4,9.742
25.66046,,,,1.109,0.45,9.816
25.66046,,,,1.137,0.366,9.677
25.66046,,,,1.125,0.4,9.766
25.66046,,,,1.152,0.414,9.78
25.66046,,,,1.166,0.33,9.878
25.86351,,,,1.159,0.424,9.768
25.86351,,,,1.142,0.357,9.761
25.86351,,,,1.092,0.407,9.747
25.86351,,,,1.125,0.397,9.766
25.86351,,,,1.125,0.395,9.852
25.86351,,,,1.142,0.417,9.656
25.86351,,,,1.087,0.373,9.795
25.86351,,,,1.128,0.34,9.67
25.86351,,,,1.12,0.407,9.783
25.86351,,,,1.123,0.429,9.732
25.86351,,,,1.111,0.443,9.711
25.86351,,,,1.152,0.376,9.694
25.86351,,,,1.135,0.45,9.685
25.86351,,,,1.104,0.405,9.828
25.86351,,,,1.109,0.421,9.754
25.86351,,,,1.113,0.383,9.701
25.86351,,,,1.109,0.4,9.749
25.86351,,,,1.12,0.364,9.692
25.86351,,,,1.152,0.448,9.68
25.86351,,,,1.125,0.45,9.79
25.86351,,,,1.142,0.388,9.84
25.86351,,,,1.104,0.383,9.589
26.0661,,,,1.118,0.424,9.72
26.0661,,,,1.125,0.431,9.732
26.0661,,,,1.125,0.45,9.795
26.0661,,,,1.092,0.385,9.673
26.0661,,,,1.118,0.388,9.826
26.0661,,,,1.118,0.431,9.823
26.0661,,,,1.132,0.433,9.689
26.0661,,,,1.132,0.393,9.85
26.0661,,,,1.109,0.378,9.766
26.0661,,,,1.125,0.424,9.754
26.0661,,,,1.116,0.417,9.835
26.0661,,,,1.111,0.393,9.797
26.0661,,,,1.08,0.335,9.747
26.0661,,,,1.104,0.388,9.862
26.0661,,,,1.118,0.412,9.728
26.0661,,,,1.144,0.45,9.704
26.0661,,,,1.147,0.35,9.778
26.0661,,,,1.118,0.405,9.814
26.0661,,,,1.171,0.326,9.701
26.0661,,,,1.137,0.338,9.732
26.0661,,,,1.123,0.39,9.629
26.0661,,,,1.113,0.424,9.725
26.26617,,,,1.14,0.402,9.776
26.26617,,,,1.149,0.424,9.776
26.26617,,,,1.168,0.438,9.687
26.26617,,,,1.149,0.381,9.78
26.26617,,,,1.118,0.448,9.783
26.26617,,,,1.109,0.417,9.682
26.26617,,,,1.111,0.333,9.72
26.26617,,,,1.12,0.421,9.785
26.26617,,,,1.156,0.445,9.615
26.26617,,,,1.106,0.342,9.72
26.26617,,,,1.147,0.371,9.737
26.26617,,,,1.116,0.441,9.639
26.26617,,,,1.104,0.395,9.716
26.26617,,,,1.094,0.419,9.799
26.26617,,,,1.137,0.359,9.668
26.26617,,,,1.118,0.395,9.888
26.26617,,,,1.111,0.4,9.732
26.26617,,,,1.164,0.421,9.699
26.26617,,,,1.142,0.424,9.783
26.26617,,,,1.116,0.371,9.845
26.26617,,,,1.125,0.385,9.723
26.46629,,,,1.116,0.381,9.527
26.46629,,,,1.154,0.395,9.787
26.46629,,,,1.12,0.393,9.752
26.46629,,,,1.082,0.311,9.802
26.46629,,,,1.14,0.436,9.723
26.46629,,,,1.161,0.443,9.711
26.46629,,,,1.142,0.373,9.797
26.46629,,,,0.948,0.429,9.831
26.46629,,,,1.132,0.407,9.764
26.46629,,,,1.149,0.385,9.735
26.46629,,,,1.08,0.393,9.665
26.46629,,,,1.101,0.388,9.72
26.46629,,,,1.12,0.381,9.761
26.46629,,,,1.137,0.347,9.862
26.46629,,,,1.125,0.412,9.677
26.46629,,,,1.109,0.412,9.886
26.46629,,,,1.166,0.395,9.878
26.46629,,,,1.128,0.306,9.665
26.46629,,,,1.111,0.424,9.608
26.46629,,,,1.109,0.395,9.883
26.46629,,,,1.094,0.409,9.785
26.66636,,,,1.104,0.366,9.728
26.66636,,,,1.109,0.448,9.713
26.66636,,,,1.128,0.376,9.74
26.66636,,,,1.116,0.385,9.783
26.66636,,,,1.111,0.414,9.924
26.66636,,,,1.109,0.328,9.759
26.66636,,,,1.111,0.306,9.716
26.66636,,,,1.104,0.431,9.728
26.66636,,,,1.113,0.385,9.828
26.66636,,,,1.161,0.383,9.759
26.66636,,,,1.135,0.438,9.512
26.66636,,,,1.12,0.405,9.73
26.66636,,,,1.111,0.378,9.699
26.66636,,,,1.156,0.429,9.792
26.66636,,,,1.152,0.371,9.773
26.66636,,,,1.113,0.438,9.675
26.66636,,,,1.14,0.409,9.756
26.66636,,,,1.118,0.448,9.74
26.66636,,,,1.137,0.357,9.699
26.66636,,,,1.104,0.421,9.759
26.66636,,,,1.099,0.397,9.792
26.86944,,,,1.123,0.419,9.685
26.86944,,,,1.104,0.405,9.84
26.86944,,,,1.154,0.412,9.644
26.86944,,,,1.128,0.376,9.742
26.86944,,,,1.094,0.438,9.675
26.86944,,,,1.118,0.438,9.821
26.86944,,,,1.178,0.441,9.799
26.86944,,,,1.13,0.417,9.754
26.86944,,,,1.128,0.369,9.771
26.86944,,,,1.113,0.405,9.79
26.86944,,,,1.125,0.342,9.699
26.86944,,,,1.125,0.393,9.675
26.86944,,,,1.14,0.393,9.759
26.86944,,,,1.092,0.431,9.673
26.86944,,,,1.12,0.431,9.759
26.86944,,,,1.14,0.409,9.73
26.86944,,,,1.123,0.424,9.768
26.86944,,,,1.104,0.448,9.713
26.86944,,,,1.135,0.371,9.723
26.86944,,,,1.082,0.438,9.665
26.86944,,,,1.12,0.412,9.787
26.86944,,,,1.159,0.421,9.737
27.06947,,,,1.111,0.369,9.797
27.06947,,,,1.109,0.409,9.792
27.06947,,,,1.142,0.364,9.843
27.06947,,,,1.152,0.438,9.627
27.06947,,,,1.137,0.441,9.811
27.06947,,,,1.144,0.419,9.685
27.06947,,,,1.159,0.393,9.658
27.06947,,,,1.144,0.45,9.663
27.06947,,,,1.137,0.362,9.692
27.06947,,,,1.14,0.441,9.692
27.06947,,,,1.132,0.39,9.73
27.06947,,,,1.101,0.378,9.665
27.06947,,,,1.123,0.409,9.833
27.06947,,,,1.159,0.378,9.531
27.06947,,,,1.128,0.388,9.778
27.06947,,,,1.104,0.402,9.819
27.06947,,,,1.14,0.419,9.73
27.06947,,,,1.123,0.4,9.802
27.06947,,,,1.132,0.421,9.776
27.06947,,,,1.152,0.33,9.589
27.06947,,,,1.147,0.455,9.711
27.27279,,,,1.113,0.433,9.572
27.27279,,,,1.118,0.436,9.833
27.27279,,,,1.142,0.383,9.773
27.27279,,,,1.118,0.388,9.689
27.27279,,,,1.128,0.393,9.905
27.27279,,,,1.149,0.445,9.706
27.27279,,,,1.154,0.438,9.744
27.27279,,,,1.135,0.417,9.694
27.27279,,,,1.118,0.405,9.886
27.27279,,,,1.12,0.393,9.517
27.27279,,,,1.106,0.381,9.819
27.27279,,,,1.142,0.453,9.749
27.27279,,,,1.092,0.414,9.699
27.27279,,,,1.101,0.409,9.764
27.27279,,,,1.132,0.429,9.814
27.27279,,,,1.113,0.409,9.756
27.27279,,,,1.12,0.414,9.692
27.27279,,,,1.156,0.426,9.527
27.27279,,,,1.099,0.4,9.759
27.27279,,,,1.14,0.412,9.785
27.27279,,,,1.156,0.457,9.656
27.27279,,,,1.128,0.443,9.744
27.47597,,,,1.089,0.393,9.802
27.47597,,,,1.116,0.316,9.723
27.47597,,,,1.154,0.412,9.622
27.47597,,,,1.161,0.448,9.747
27.47597,,,,1.097,0.443,9.665
27.47597,,,,1.149,0.366,9.84
27.47597,,,,1.13,0.431,9.761
27.47597,,,,1.135,0.407,9.701
27.47597,,,,1.104,0.412,9.62
27.47597,,,,1.132,0.407,9.752
27.47597,,,,1.135,0.405,9.718
27.47597,,,,1.135,0.388,9.685
27.47597,,,,1.125,0.354,9.629
27.47597,,,,1.171,0.5,9.833
27.47597,,,,1.092,0.448,9.766
27.47597,,,,1.125,0.601,9.783
27.47597,,,,1.132,0.309,9.72
27.47597,,,,1.142,0.397,9.73
27.47597,,,,1.109,0.541,9.725
27.47597,,,,1.106,0.419,9.737
27.47597,,,,1.13,0.45,9.752
27.47597,,,,0.658,0.931,9.1
27.67601,,,,0.486,1.061,9.718
27.67601,,,,0.96,0.979,9.943
27.67601,,,,1.171,0.46,9.45
27.67601,,,,0.74,0.67,9.596
27.67601,,,,1.135,0.527,9.629
27.67601,,,,1.173,-0.771,10.278
27.67601,,,,1.369,-0.716,9.965
27.67601,,,,0.192,0.563,9.543
27.67601,,,,0.694,0.553,10.206
27.67601,,,,0.996,0.206,10.178
27.67601,,,,0.735,0.321,10.125
27.67601,,,,0.658,0.409,9.843
27.67601,,,,0.565,-0.01,9.785
27.67601,,,,1.051,0.158,9.864
27.67601,,,,0.91,0.771,9.84
27.67601,,,,0.292,0.244,9.507
27.67601,,,,0.996,0.515,10.036
27.67601,,,,0.56,-0.407,9.819
27.67601,,,,1.006,0.804,9.869
27.67601,,,,1.041,0.18,9.541
27.87889,,,,0.661,0.606,9.838
27.87889,,,,0.52,0.163,9.73
27.87889,,,,0.943,0.479,9.989
27.87889,,,,1.283,0.819,9.867
27.87889,,,,0.414,0.002,9.857
27.87889,,,,0.354,-0.215,9.744
27.87889,,,,1.085,-0.656,10.216
27.87889,,,,0.915,-0.874,9.735
27.87889,,,,0.079,0.371,9.079
27.87889,,,,1.044,0.618,9.069
27.87889,,,,1.259,0.153,10.209
27.87889,,,,1.152,0.251,9.977
27.87889,,,,1.118,0.433,9.515
27.87889,,,,0.996,0.508,9.72
27.87889,,,,1.223,0.481,9.653
27.87889,,,,1.223,0.448,9.725
27.87889,,,,1.142,0.33,9.776
27.87889,,,,1.166,0.429,9.838
27.87889,,,,1.097,0.345,9.867
27.87889,,,,1.058,0.611,9.742
27.87889,,,,10.719,1.441,6.397
27.87889,,,,3.462,-0.582,11.226
28.07891,,,,-1.223,0.608,8.818
28.07891,,,,1.518,0.388,8.648
28.07891,,,,1.638,0.412,8.914
28.07891,,,,0.35,0.225,11.037
28.07891,,,,1.168,0.474,9.345
28.07891,,,,1.283,0.371,9.776
28.07891,,,,1.089,0.424,10.063
28.07891,,,,1.489,0.029,9.481
28.07891,,,,0.476,0.503,10.173
28.07891,,,,1.039,0.266,9.929
28.07891,,,,1.159,0.256,9.766
28.07891,,,,1.211,0.376,9.764
28.07891,,,,1.171,0.39,9.974
28.07891,,,,1.147,0.448,9.821
28.07891,,,,0.986,0.388,9.718
28.07891,,,,1.13,0.429,9.538
28.07891,,,,1.049,0.438,9.773
28.07891,,,,0.953,0.431,9.835
28.07891,,,,1.075,0.347,9.862
28.07891,,,,1.125,0.455,9.558
28.07891,,,,1.094,0.407,9.754
28.27903,,,,1.147,0.445,9.742
28.27903,,,,1.12,0.436,9.756
28.27903,,,,1.101,0.431,9.673
28.27903,,,,1.113,0.39,9.754
28.27903,,,,1.132,0.431,9.78
28.27903,,,,1.135,0.433,9.773
28.27903,,,,1.118,0.455,9.653
28.27903,,,,1.13,0.409,9.673
28.27903,,,,1.099,0.457,9.862
28.27903,,,,1.111,0.436,9.747
28.27903,,,,1.135,0.443,9.843
28.27903,,,,1.07,0.342,9.656
28.27903,,,,1.109,0.484,9.833
28.27903,,,,1.099,0.431,9.759
28.27903,,,,1.113,0.326,9.785
28.27903,,,,1.099,0.443,9.773
28.27903,,,,1.104,0.424,9.864
28.27903,,,,1.13,0.46,9.795
28.27903,,,,1.109,0.429,9.72
28.27903,,,,1.08,0.469,9.773
28.47915,,,,1.118,0.412,9.744
28.47915,,,,1.099,0.453,9.754
28.47915,,,,1.161,0.414,9.759
28.47915,,,,1.132,0.603,9.656
28.47915,,,,1.14,0.395,9.859
28.47915,,,,1.094,0.405,9.792
28.47915,,,,1.106,0.335,9.74
28.47915,,,,1.106,0.414,9.529
28.47915,,,,1.111,0.419,9.771
28.47915,,,,1.118,0.378,9.687
28.47915,,,,1.111,0.359,9.668
28.47915,,,,1.118,0.421,9.713
28.47915,,,,1.137,0.467,9.692
28.47915,,,,1.099,0.445,9.79
28.47915,,,,1.101,0.306,9.673
28.47915,,,,1.113,0.402,9.831
28.47915,,,,1.113,0.457,9.802
28.47915,,,,1.123,0.378,9.778
28.47915,,,,1.128,0.443,9.558
28.47915,,,,1.106,0.424,9.799
28.67921,,,,1.111,0.486,9.855
28.67921,,,,1.132,0.4,9.749
28.67921,,,,1.116,0.362,9.761
28.67921,,,,1.106,0.417,9.821
28.67921,,,,1.111,0.534,9.687
28.67921,,,,1.106,0.402,9.704
28.67921,,,,1.099,0.373,9.689
28.67921,,,,1.085,0.441,9.613
28.67921,,,,1.118,0.515,9.591
28.67921,,,,1.12,0.512,10.144
28.67921,,,,1.221,0.309,9.859
28.67921,,,,1.188,0.402,9.622
28.67921,,,,1.144,0.582,9.503
28.67921,,,,1.063,0.429,9.658
28.67921,,,,1.104,0.354,9.816
28.67921,,,,1.113,0.512,9.687
28.67921,,,,1.068,0.467,9.914
28.67921,,,,1.132,0.457,9.567
28.67921,,,,1.168,0.443,9.706
28.67921,,,,1.168,0.431,9.823
28.87932,,,,1.123,0.438,9.96
28.87932,,,,1.168,0.362,9.701
28.87932,,,,1.14,0.431,9.529
28.87932,,,,1.144,0.438,9.649
28.87932,,,,1.135,0.56,9.646
28.87932,,,,1.089,0.611,9.73
28.87932,,,,1.075,0.385,9.922
28.87932,,,,1.077,0.385,9.759
28.87932,,,,1.101,0.426,9.718
28.87932,,,,1.135,0.323,9.68
28.87932,,,,1.137,0.424,10.025
28.87932,,,,1.14,0.419,9.867
28.87932,,,,1.135,0.373,9.78
28.87932,,,,1.092,0.441,9.663
28.87932,,,,1.125,0.407,9.852
28.87932,,,,1.101,0.453,9.697
28.87932,,,,1.168,0.407,9.778
28.87932,,,,1.089,0.438,9.708
28.87932,,,,1.135,0.436,9.742
28.87932,,,,1.111,0.445,9.756
28.87932,,,,1.094,0.445,9.759
29.07933,,,,1.123,0.453,9.689
29.07933,,,,1.132,0.457,9.682
29.07933,,,,1.161,0.405,9.742
29.07933,,,,1.13,0.421,9.778
29.07933,,,,1.111,0.393,9.732
29.07933,,,,1.13,0.57,9.718
29.07933,,,,1.089,0.474,9.773
29.07933,,,,1.085,0.424,9.716
29.07933,,,,1.159,0.333,9.665
29.07933,,,,1.113,0.371,9.692
29.07933,,,,1.113,0.424,9.625
29.07933,,,,1.132,0.45,9.708
29.07933,,,,1.125,0.402,9.792
29.07933,,,,1.12,0.474,9.603
29.07933,,,,1.159,0.405,9.847
29.07933,,,,1.14,0.453,9.773
29.07933,,,,1.128,0.39,9.697
29.07933,,,,1.13,0.445,9.778
29.07933,,,,1.109,0.4,9.78
29.07933,,,,1.101,0.359,9.888
29.07933,,,,1.123,0.433,9.776
29.27934,,,,1.12,0.306,9.802
29.27934,,,,1.13,0.402,9.838
29.27934,,,,1.106,0.402,9.878
29.27934,,,,1.12,0.426,9.586
29.27934,,,,1.113,0.39,9.608
29.27934,,,,1.123,0.453,9.747
29.27934,,,,1.128,0.433,9.661
29.27934,,,,1.137,0.445,9.701
29.27934,,,,1.085,0.405,9.79
29.27934,,,,1.113,0.414,9.665
29.27934,,,,1.13,0.407,9.747
29.27934,,,,1.118,0.457,9.766
29.27934,,,,1.13,0.419,9.826
29.27934,,,,1.125,0.426,9.72
29.27934,,,,1.137,0.45,9.72
29.27934,,,,1.061,0.407,9.553
29.27934,,,,1.147,0.419,9.898
29.27934,,,,1.099,0.436,9.807
29.27934,,,,1.214,0.457,9.744
29.27934,,,,1.14,0.424,9.761
29.27934,,,,1.152,0.45,9.993
29.47938,,,,1.12,0.409,9.682
29.47938,,,,1.12,0.395,9.85
29.47938,,,,1.118,0.445,9.725
29.47938,,,,1.142,0.409,9.747
29.47938,,,,1.125,0.448,9.699
29.47938,,,,1.113,0.45,9.792
29.47938,,,,1.125,0.333,9.816
29.47938,,,,1.159,0.424,9.531
29.47938,,,,1.164,0.445,9.658
29.47938,,,,1.111,0.421,9.838
29.47938,,,,1.161,0.438,9.744
29.47938,,,,1.104,0.333,9.725
29.47938,,,,1.111,0.448,9.795
29.47938,,,,1.118,0.405,9.855
29.47938,,,,1.149,0.321,9.716
29.47938,,,,1.077,0.431,9.79
29.47938,,,,1.144,0.405,9.871
29.47938,,,,1.075,0.421,9.881
29.47938,,,,1.106,0.431,9.802
29.47938,,,,1.109,0.4,9.728
29.47938,,,,1.14,0.436,9.823
