timestamp,frequency_hz
[1758212791416369318],6.29
[1758212791423536402],6.29
[1758212791430564839],6.29
[1758212791437268693],6.29
[1758212791443983173],6.29
[1758212791450670985],6.29
[1758212791457387808],6.29
[1758212791464248225],6.29
[1758212791470937391],6.29
[1758212791478127756],6.29
[1758212791484413173],6.29
[1758212791491009631],6.29
[1758212791497480777],6.29
[1758212791504031975],6.29
[1758212791510693641],6.29
[1758212791517185256],6.29
[1758212791522523120],6.29
[1758212791527670933],6.29
[1758212791532848537],6.29
[1758212791537975777],6.29
[1758212791543114058],6.29
[1758212791548232495],6.29
[1758212791553460152],6.29
[1758212791558583693],6.29
[1758212791563797235],6.29
[1758212791568911714],6.29
[1758212791574042443],6.29
[1758212791579156245],6.29
[1758212791584333537],6.29
[1758212791589460464],6.29
[1758212791594678120],6.29
[1758212791599799423],6.29
[1758212791604896610],6.29
[1758212791609997079],6.29
[1758212791615265412],6.29
[1758212791620418016],6.29
[1758212791625896298],6.29
[1758212791631109214],6.29
[1758212791636262495],6.29
[1758212791641385777],6.29
[1758212791646527547],6.29
[1758212791651626975],6.29
[1758212791656752808],6.29
[1758212791661880100],6.29
[1758212791667112183],6.29
[1758212791672375360],6.29
[1758212791677515568],6.29
[1758212791682691350],6.29
[1758212791687798016],6.29
[1758212791692975100],6.29
[1758212791698088277],6.29
[1758212791703232756],6.29
[1758212791708349787],6.29
[1758212791713551506],6.29
[1758212791718736193],6.29
[1758212791723873329],6.29
[1758212791729375464],6.29
[1758212791734616818],6.29
[1758212791739747339],6.29
[1758212791744883537],6.29
[1758212791749992443],6.29
[1758212791755138329],6.29
[1758212791760268537],6.29
[1758212791765472912],6.29
[1758212791770675516],6.29
[1758212791776037235],6.29
[1758212791781190620],6.29
[1758212791786364058],6.29
[1758212791791558172],6.29
[1758212791796717704],6.29
[1758212791801830204],6.29
[1758212791806969787],6.29
[1758212791812097495],6.29
[1758212791817390204],6.29
[1758212791822588225],6.29
[1758212791827701506],6.29
[1758212791832849318],6.29
[1758212791838337547],6.29
[1758212791843574787],6.29
[1758212791848677652],6.29
[1758212791853817860],6.29
[1758212791858930360],6.29
[1758212791864131454],6.29
[1758212791869247027],6.29
[1758212791874391402],6.29
[1758212791879507027],6.29
[1758212791884717287],6.29
[1758212791889836610],6.29
[1758212791894974943],6.29
[1758212791900082652],6.29
[1758212791905199266],6.29
[1758212791910318277],6.29
[1758212791915574214],6.29
[1758212791920727912],6.29
[1758212791925951349],6.29
[1758212791931070152],6.29
[1758212791936220308],6.29
[1758212791941759318],6.29
[1758212791947008589],6.29
[1758212791952192756],6.29
[1758212791957346193],6.29
[1758212791962594214],6.29
[1758212791967837652],6.29
[1758212791972976922],6.29
[1758212791978079787],6.29
[1758212791983239162],6.29
[1758212791988435933],6.29
[1758212791993566454],6.29
[1758212791998667027],6.29
[1758212792003791662],6.29
[1758212792008893224],6.29
[1758212792014071558],6.29
[1758212792019243745],6.29
[1758212792024425464],6.29
[1758212792029526506],6.29
[1758212792034652704],6.29
[1758212792039766818],6.29
[1758212792044887079],6.29
[1758212792050385933],6.29
[1758212792055615881],6.29
[1758212792062726922],6.29
[1758212792067926818],6.29
[1758212792073038797],6.29
[1758212792078142651],6.29
[1758212792083302808],6.29
[1758212792088434891],6.29
[1758212792093701297],6.29
[1758212792098818693],6.29
[1758212792103955568],6.29
[1758212792109071714],6.29
[1758212792114279370],6.29
[1758212792119430724],6.29
[1758212792124576297],6.29
[1758212792129727547],6.29
[1758212792135003485],6.29
[1758212792140098797],6.29
[1758212792145213797],6.29
[1758212792150322183],6.29
[1758212792155876558],6.29
[1758212792161090204],6.29
[1758212792166277860],6.29
[1758212792171375204],6.29
[1758212792176504110],6.29
[1758212792181626141],6.29
[1758212792186741766],6.29
[1758212792191834110],6.29
[1758212792197102026],6.29
[1758212792202299995],6.29
[1758212792207430568],6.29
[1758212792212727235],6.29
[1758212792217980047],6.29
[1758212792223111454],6.29
[1758212792228217964],6.29
[1758212792233374162],6.29
[1758212792238524370],6.29
[1758212792243664839],6.29
[1758212792248765256],6.29
[1758212792253916141],6.29
[1758212792259439266],6.29
[1758212792264742860],6.29
[1758212792269849839],6.29
[1758212792274984162],6.29
[1758212792280072964],6.29
[1758212792285192703],6.29
[1758212792290335047],6.29
[1758212792295504110],6.29
[1758212792300613901],6.29
[1758212792305824370],6.29
[1758212792310934891],6.29
[1758212792316116506],6.29
[1758212792321212703],6.29
[1758212792326347756],6.29
[1758212792331424735],6.29
[1758212792336550776],6.29
[1758212792341661922],6.29
[1758212792346819891],6.29
[1758212792351887339],6.29
[1758212792357006662],6.29
[1758212792362724422],6.29
[1758212792368015881],6.29
[1758212792373162287],6.29
[1758212792378255047],6.29
[1758212792383374162],6.29
[1758212792388513016],6.29
[1758212792393667964],6.29
[1758212792398786766],6.29
[1758212792403950776],6.29
[1758212792409162026],6.29
[1758212792414459995],6.29
[1758212792419635724],6.29
[1758212792424807912],6.29
[1758212792429934006],6.29
[1758212792435077183],6.29
[1758212792440178276],6.29
[1758212792445317703],6.29
[1758212792450430151],6.29
[1758212792455564891],6.29
[1758212792460674422],6.29
[1758212792465880933],6.29
[1758212792471393589],6.29
[1758212792476623276],6.29
[1758212792481724735],6.29
[1758212792486834943],6.29
[1758212792491934370],6.29
[1758212792497083485],6.29
[1758212792502346089],6.29
[1758212792507492026],6.29
[1758212792512733901],6.29
[1758212792517976974],6.29
[1758212792523118537],6.29
[1758212792528232339],6.29
[1758212792533363068],6.29
[1758212792538502391],6.29
[1758212792543610776],6.29
[1758212792548722391],6.29
[1758212792553869578],6.29
[1758212792558979578],6.29
[1758212792564189683],6.29
[1758212792569298641],6.29
[1758212792575873433],6.29
[1758212792581249318],6.29
[1758212792587510724],6.29
[1758212792592830776],6.29
[1758212792597945776],6.29
[1758212792603075203],6.29
[1758212792608178328],6.29
[1758212792613372443],6.29
[1758212792618523433],6.29
[1758212792623655880],6.29
[1758212792628756349],6.29
[1758212792633974214],6.29
[1758212792639106870],6.29
[1758212792644234110],6.29
[1758212792649341401],6.29
[1758212792654459787],6.29
[1758212792659574266],6.29
[1758212792664781245],6.29
[1758212792671918068],6.29
[1758212792677092755],6.29
[1758212792682666558],6.29
[1758212792687890151],6.29
[1758212792693015672],6.29
[1758212792698119370],6.29
[1758212792703263172],6.29
[1758212792708381245],6.29
[1758212792713652599],6.29
[1758212792718887860],6.29
[1758212792724032651],6.29
[1758212792729156193],6.29
[1758212792734279005],6.29
[1758212792739384995],6.29
[1758212792744498641],6.29
[1758212792749596089],6.29
[1758212792754770516],6.29
[1758212792759973589],6.29
[1758212792765167026],6.29
[1758212792770338380],6.29
[1758212792775470099],6.29
[1758212792780570776],6.29
[1758212792786086922],6.29
[1758212792791318432],6.29
[1758212792796453276],6.29
[1758212792801559630],6.29
[1758212792806679943],6.29
[1758212792811795255],6.29
[1758212792817007130],6.29
[1758212792822204995],6.29
[1758212792827394526],6.29
[1758212792832585828],6.29
[1758212792837787182],6.29
[1758212792843064839],6.29
[1758212792848179214],6.29
[1758212792853307078],6.29
[1758212792858413849],6.29
[1758212792863624995],6.29
[1758212792868736453],6.29
[1758212792873882912],6.29
[1758212792879005568],6.29
[1758212792884140620],6.29
[1758212792889258432],6.29
[1758212792894781662],6.29
[1758212792900009266],6.29
[1758212792905130880],6.29
[1758212792910244318],6.29
[1758212792915454214],6.29
[1758212792920548380],6.29
[1758212792925673641],6.29
[1758212792930774839],6.29
[1758212792935953693],6.29
[1758212792941150047],6.29
[1758212792946279266],6.29
[1758212792951380203],6.29
[1758212792956503953],6.29
[1758212792961652130],6.29
[1758212792966838224],6.29
[1758212792971940307],6.29
[1758212792977071662],6.29
[1758212792982254943],6.29
[1758212792987379370],6.29
[1758212792992622130],6.29
[1758212792998117859],6.29
[1758212793003355672],6.29
[1758212793008519318],6.29
[1758212793013745828],6.29
[1758212793018860464],6.29
[1758212793023965047],6.29
[1758212793029129578],6.29
[1758212793034304578],6.29
[1758212793039411037],6.29
[1758212793044561714],6.29
[1758212793049791193],6.29
[1758212793054935880],6.29
[1758212793060062339],6.29
[1758212793065277912],6.29
[1758212793070406922],6.29
[1758212793075581609],0.07
[1758212793081446609],0.07
[1758212793086615307],0.07
[1758212793091729266],0.07
[1758212793096879891],0.07
[1758212793101978432],0.07
[1758212793108367443],0.07
[1758212793113683745],0.07
[1758212793120055307],0.07
[1758212793125298745],0.07
[1758212793130408380],0.07
[1758212793135535620],0.07
[1758212793140624682],0.07
[1758212793145730932],0.07
[1758212793150832026],0.07
[1758212793155970672],0.07
[1758212793161104682],0.07
[1758212793166360359],0.07
[1758212793171471714],0.07
[1758212793176601036],0.07
[1758212793181708172],0.07
[1758212793186839161],0.07
[1758212793191938484],0.07
[1758212793197044734],0.07
[1758212793202222026],0.07
[1758212793207384370],0.07
[1758212793212639630],0.07
[1758212793219474630],0.07
[1758212793224751141],0.07
[1758212793229879474],0.07
[1758212793235102599],6.27
[1758212793240930255],6.27
[1758212793246092234],6.27
[1758212793251199370],6.27
[1758212793256365151],6.27
[1758212793261526297],6.27
[1758212793266821661],6.27
[1758212793271932286],6.27
[1758212793277044943],6.27
[1758212793282190568],6.27
[1758212793287328589],6.27
[1758212793292501974],6.27
[1758212793297622859],6.27
[1758212793302816245],6.27
[1758212793307928901],6.27
[1758212793313133484],6.27
[1758212793318283120],6.27
[1758212793324054839],6.27
[1758212793331083380],6.27
[1758212793336431036],6.27
[1758212793341564214],6.27
[1758212793346708745],6.27
[1758212793351819005],6.27
[1758212793356943536],6.27
[1758212793362065255],6.27
[1758212793367351453],6.27
[1758212793372685151],6.27
[1758212793377853641],6.27
[1758212793383003380],6.27
[1758212793388107651],6.27
[1758212793393264370],6.33
[1758212793399037807],6.33
[1758212793404214266],6.33
[1758212793409332755],6.33
[1758212793414606401],6.33
[1758212793419842859],6.33
[1758212793426036141],6.33
[1758212793432537755],6.33
[1758212793437909474],6.33
[1758212793444240203],6.33
[1758212793449475099],6.33
[1758212793454615984],6.33
[1758212793459749318],6.33
[1758212793464967963],6.33
[1758212793470080099],6.33
[1758212793475210255],6.33
[1758212793480315880],6.33
[1758212793485493953],6.33
[1758212793490667547],6.33
[1758212793495797391],6.33
[1758212793500951193],6.33
[1758212793506086453],6.33
[1758212793511194266],6.33
[1758212793516375828],6.33
[1758212793521540568],6.33
[1758212793526705776],6.33
[1758212793531800047],6.33
[1758212793538334422],6.33
[1758212793543667182],6.33
[1758212793548927651],6.38
[1758212793556629526],6.38
[1758212793561900932],6.38
[1758212793567118432],6.38
[1758212793572276401],6.38
[1758212793577406036],6.38
[1758212793582554161],6.38
[1758212793587666922],6.38
[1758212793592842338],6.38
[1758212793597935620],6.38
[1758212793603029734],6.38
[1758212793608131401],6.38
[1758212793613317443],6.38
[1758212793618416713],6.38
[1758212793623534370],6.38
[1758212793628640984],6.38
[1758212793633757390],6.38
[1758212793638855568],6.38
[1758212793644343745],6.38
[1758212793649548276],6.38
[1758212793654697286],6.38
[1758212793659890620],6.38
[1758212793665454213],6.38
[1758212793670595568],6.38
[1758212793675729995],6.38
[1758212793680847651],6.38
[1758212793686043172],6.38
[1758212793691257026],6.38
[1758212793696399265],6.38
[1758212793701564943],6.38
[1758212793706745672],6.38
[1758212793712689995],6.38
[1758212793717927026],6.38
[1758212793723103224],6.38
[1758212793728226870],6.38
[1758212793733340099],6.38
[1758212793738437338],6.38
[1758212793743584109],6.38
[1758212793749755463],6.38
[1758212793755443588],6.38
[1758212793760704057],6.38
[1758212793765908172],6.38
[1758212793771008432],6.38
[1758212793776125463],6.38
[1758212793781222755],6.38
[1758212793786334109],6.38
[1758212793791437234],6.38
[1758212793796579995],6.38
[1758212793801743432],6.38
[1758212793806963901],6.38
[1758212793812137078],6.38
[1758212793817398640],6.38
[1758212793822587442],6.38
[1758212793827719265],6.38
[1758212793832910151],6.38
[1758212793838019942],6.38
[1758212793843155724],6.38
[1758212793848263953],6.38
[1758212793853443380],6.38
[1758212793858571922],6.38
[1758212793864484995],6.53
[1758212793869765099],6.53
[1758212793875184213],6.53
[1758212793880346140],6.53
[1758212793885497026],6.53
[1758212793890587495],6.53
[1758212793895707547],6.53
[1758212793900812963],6.53
[1758212793905993797],6.53
[1758212793911222130],6.53
[1758212793916409057],6.53
[1758212793921601349],6.53
[1758212793926757078],6.53
[1758212793931887963],6.53
[1758212793937000567],6.53
[1758212793942110151],6.53
[1758212793947299370],6.53
[1758212793952544265],6.53
[1758212793957663953],6.53
[1758212793962897442],6.53
[1758212793968026245],9.14
[1758212793975153484],9.14
[1758212793980861088],9.14
[1758212793986123172],9.14
[1758212793991225307],9.14
[1758212793996350411],9.14
[1758212794001446245],9.14
[1758212794006542338],9.14
[1758212794011645567],9.14
[1758212794016861036],9.14
[1758212794022039057],18.9
[1758212794028002234],18.9
[1758212794033149161],18.9
[1758212794038241244],18.9
[1758212794043357703],18.9
[1758212794048511817],18.9
[1758212794053641140],18.9
[1758212794058746661],18.9
[1758212794063967494],18.9
[1758212794069174838],18.9
[1758212794074419630],18.9
[1758212794080570619],18.9
[1758212794086441922],18.9
[1758212794091663953],18.9
[1758212794096795724],18.9
[1758212794101885203],18.9
[1758212794107010932],18.9
[1758212794112158640],18.9
[1758212794117354682],18.9
[1758212794122608484],18.9
[1758212794127796765],18.9
[1758212794133100880],5461.33
[1758212794140218328],5461.33
[1758212794145469474],5461.33
[1758212794150576765],5461.33
[1758212794155706922],5461.33
[1758212794160828119],5461.33
[1758212794166025359],5461.33
[1758212794171139526],5461.33
[1758212794176315672],23.31
[1758212794182099474],23.31
[1758212794188792547],23.31
[1758212794194058953],23.31
[1758212794199166505],23.31
[1758212794204288380],23.31
[1758212794209412651],23.31
[1758212794214617338],23.31
[1758212794219721505],23.31
[1758212794224905411],23.31
[1758212794230061401],23.31
[1758212794235271713],23.31
[1758212794240364265],23.31
[1758212794245459422],23.31
[1758212794250637442],23.31
[1758212794255848536],23.31
[1758212794260994526],23.31
[1758212794266230880],23.31
[1758212794271335932],23.31
[1758212794276464630],23.31
[1758212794281564265],23.31
[1758212794286667755],23.31
[1758212794293169421],23.31
[1758212794298523588],5370.43
[1758212794304373328],5370.43
[1758212794309520463],5370.43
[1758212794314727651],5370.43
[1758212794319846609],5370.43
[1758212794325023692],5370.43
[1758212794330177078],5370.43
[1758212794335408901],27.11
[1758212794341322130],27.11
[1758212794346482286],27.11
[1758212794351590255],27.11
[1758212794356730203],27.11
[1758212794365152130],27.11
[1758212794370337234],27.11
[1758212794375519109],27.11
[1758212794380620515],27.11
[1758212794385831713],27.11
[1758212794390984526],27.11
[1758212794397233224],27.11
[1758212794403871349],27.11
[1758212794409194317],27.11
[1758212794414398224],27.11
[1758212794419510724],27.11
[1758212794424699682],27.11
[1758212794429821661],27.11
[1758212794434950151],27.11
[1758212794440053901],27.11
[1758212794445273276],27.11
[1758212794450493119],27.11
[1758212794456545671],5391.14
[1758212794461786505],5391.14
[1758212794467011349],5391.14
[1758212794472193744],5391.14
[1758212794477360671],5391.14
[1758212794482533484],5391.14
[1758212794487664473],5391.14
[1758212794492943223],23.78
[1758212794498929421],23.78
[1758212794504106348],23.78
[1758212794509751609],23.78
[1758212794515000984],23.78
[1758212794520950151],23.78
[1758212794526109734],23.78
[1758212794531247911],23.78
[1758212794536401661],23.78
[1758212794541581140],23.78
[1758212794546846921],23.78
[1758212794551965515],23.78
[1758212794557075932],23.78
[1758212794562254942],23.78
[1758212794567481921],23.78
[1758212794572687911],23.78
[1758212794577833796],23.78
[1758212794583007963],23.78
[1758212794588256140],23.78
[1758212794593393848],23.78
[1758212794598536088],23.78
[1758212794603772442],9.03
[1758212794609607703],9.03
[1758212794614830723],9.03
[1758212794621338484],9.03
[1758212794626649578],9.03
[1758212794631747651],9.03
[1758212794636831661],9.03
[1758212794641928119],9.03
[1758212794647077651],9.03
[1758212794652287703],20.62
[1758212794659072026],20.62
[1758212794665386921],20.62
[1758212794670605776],20.62
[1758212794675743901],20.62
[1758212794680841140],20.62
[1758212794685953432],20.62
[1758212794691020411],20.62
[1758212794696091661],20.62
[1758212794701184317],20.62
[1758212794706366973],20.62
[1758212794711591817],20.62
[1758212794716770567],20.62
[1758212794722287442],20.62
[1758212794727524005],20.62
[1758212794733793640],20.62
[1758212794739007598],20.62
[1758212794744144786],20.62
[1758212794749254161],20.62
[1758212794754371505],20.62
[1758212794759491244],20.62
[1758212794764740671],5262.61
[1758212794772806036],5262.61
[1758212794778269525],5262.61
[1758212794783433848],5262.61
[1758212794788561921],5262.61
[1758212794793715411],5262.61
[1758212794798815046],5262.61
[1758212794803942703],5262.61
[1758212794809114994],23.08
[1758212794815940255],23.08
[1758212794821176348],23.08
[1758212794826325723],23.08
[1758212794832865098],23.08
[1758212794839218380],23.08
[1758212794844485463],23.08
[1758212794849596348],23.08
[1758212794854708588],23.08
[1758212794859809578],23.08
[1758212794864987078],23.08
[1758212794870118900],23.08
[1758212794875259942],23.08
[1758212794880366973],23.08
[1758212794885565775],23.08
[1758212794890690307],23.08
[1758212794895875515],23.08
[1758212794900972442],23.08
[1758212794906110671],23.08
[1758212794911221921],23.08
[1758212794916443900],23.08
[1758212794921622963],5475.59
[1758212794927483327],5475.59
[1758212794934104786],5475.59
[1758212794939436505],5475.59
[1758212794944650202],5475.59
[1758212794949755411],5475.59
[1758212794954902911],5475.59
[1758212794960033015],5475.59
[1758212794965296192],23.0
[1758212794970941088],23.0
[1758212794976101244],23.0
[1758212794981216713],23.0
[1758212794986377494],23.0
[1758212794991478848],23.0
[1758212794996603380],23.0
[1758212795001662911],23.0
[1758212795006773692],23.0
[1758212795011880202],23.0
[1758212795017090775],23.0
[1758212795022250619],23.0
[1758212795027372442],23.0
[1758212795032554213],23.0
[1758212795037656400],23.0
[1758212795043490567],23.0
[1758212795048662911],23.0
[1758212795054064421],23.0
[1758212795059187859],23.0
[1758212795064384838],23.0
[1758212795069496244],23.0
[1758212795074602963],23.0
[1758212795079706557],23.0
[1758212795084939317],23.0
[1758212795090143848],23.0
[1758212795095256452],23.0
[1758212795100339577],23.0
[1758212795105469786],23.0
[1758212795110571921],23.0
[1758212795115764213],23.0
[1758212795120934109],6.42
[1758212795128701296],6.42
[1758212795134169369],6.42
[1758212795139303588],6.42
[1758212795144417442],6.42
[1758212795150577338],6.42
[1758212795156217859],6.42
[1758212795161338692],6.42
[1758212795166531713],6.42
[1758212795171635879],6.42
[1758212795176742234],6.42
[1758212795181834734],6.42
[1758212795186955046],6.42
[1758212795192085515],6.42
[1758212795197330984],6.42
[1758212795202518015],6.42
[1758212795207635932],6.42
[1758212795212865463],6.42
[1758212795217979421],6.42
[1758212795223086244],6.42
[1758212795228204057],6.42
[1758212795233448744],8.9
[1758212795239278275],8.9
[1758212795244426296],8.9
[1758212795249541140],8.9
[1758212795254676192],8.9
[1758212795260831973],8.9
[1758212795267375046],8.9
[1758212795272843379],8.9
[1758212795278033067],22.34
[1758212795284741817],22.34
[1758212795289993692],22.34
[1758212795295115463],22.34
[1758212795300215775],22.34
[1758212795305337702],22.34
[1758212795310444109],22.34
[1758212795315624369],22.34
[1758212795320733067],22.34
[1758212795325882338],22.34
[1758212795331088900],22.34
[1758212795336219004],22.34
[1758212795341319525],22.34
[1758212795346438119],22.34
[1758212795351553223],22.34
[1758212795356656921],22.34
[1758212795361760359],22.34
[1758212795366954577],22.34
[1758212795372657181],22.34
[1758212795377916192],22.34
[1758212795383014161],22.34
[1758212795388127077],22.34
[1758212795393287390],22.34
[1758212795398405254],22.34
[1758212795403527442],22.34
[1758212795408654056],22.34
[1758212795413897129],22.34
[1758212795419129838],22.34
[1758212795424263900],22.34
[1758212795429373067],22.34
[1758212795435077598],22.34
[1758212795440266661],6.17
[1758212795445870723],6.17
[1758212795451007494],6.17
[1758212795456189473],6.17
[1758212795461323223],6.17
[1758212795466545515],6.17
[1758212795471654942],6.17
[1758212795477992077],6.17
[1758212795484506452],6.17
[1758212795489786921],6.17
[1758212795495000359],6.17
[1758212795500095411],6.17
[1758212795505213848],6.17
[1758212795510312806],6.17
[1758212795515475827],6.17
[1758212795520575723],6.17
[1758212795525734056],6.17
[1758212795530852338],6.17
[1758212795536081244],6.17
[1758212795541192494],6.17
[1758212795546355098],6.17
[1758212795551534109],5377.31
[1758212795558636869],5377.31
[1758212795565014942],5377.31
[1758212795570218067],5377.31
[1758212795575455306],5377.31
[1758212795580569994],5377.31
[1758212795585693692],5377.31
[1758212795592154629],5377.31
[1758212795597503640],21.92
[1758212795603313067],21.92
[1758212795608437077],21.92
[1758212795613628744],21.92
[1758212795618732963],21.92
[1758212795623834681],21.92
[1758212795628932129],21.92
[1758212795634095671],21.92
[1758212795639296504],21.92
[1758212795644417233],21.92
[1758212795649528536],21.92
[1758212795654654213],21.92
[1758212795659774369],21.92
[1758212795664982286],21.92
[1758212795670081921],21.92
[1758212795675209942],21.92
[1758212795680313536],21.92
[1758212795685413431],21.92
[1758212795690497286],21.92
[1758212795695655254],21.92
[1758212795701173952],21.92
[1758212795707403431],21.92
[1758212795713481817],8.78
[1758212795718763588],8.78
[1758212795723865775],8.78
[1758212795728956088],8.78
[1758212795734129004],8.78
[1758212795739231504],8.78
[1758212795744333431],8.78
[1758212795749473588],25.6
[1758212795757193223],25.6
[1758212795762742963],25.6
[1758212795767922129],25.6
[1758212795773073796],25.6
[1758212795778272598],25.6
[1758212795783399369],25.6
[1758212795788514473],25.6
[1758212795793633692],25.6
[1758212795798743431],25.6
[1758212795804007233],25.6
[1758212795809602285],25.6
[1758212795814814160],25.6
[1758212795819945619],25.6
[1758212795826370619],25.6
[1758212795831639108],25.6
[1758212795836862598],25.6
[1758212795841969942],25.6
[1758212795847093692],25.6
[1758212795852265410],25.6
[1758212795857398535],25.6
[1758212795862656973],8.92
[1758212795869385150],8.92
[1758212795874654577],8.92
[1758212795879774525],8.92
[1758212795884900619],8.92
[1758212795890000723],8.92
[1758212795895112442],8.92
[1758212795900210827],8.92
[1758212795905377910],8.92
[1758212795911169733],21.13
[1758212795916480046],21.13
[1758212795922965254],21.13
[1758212795928189004],21.13
[1758212795933744056],21.13
[1758212795938852650],21.13
[1758212795943984681],21.13
[1758212795949127702],21.13
[1758212795954250931],21.13
[1758212795959363796],21.13
[1758212795964596608],21.13
[1758212795969794160],21.13
[1758212795975030619],21.13
[1758212795980138067],21.13
[1758212795985269160],21.13
[1758212795990376869],21.13
[1758212795995494942],21.13
[1758212796000610983],21.13
[1758212796005771869],21.13
[1758212796010957702],21.13
[1758212796016250827],21.13
[1758212796021440358],21.13
[1758212796027025827],21.13
[1758212796033416035],21.13
[1758212796040504577],5461.33
[1758212796045796712],5461.33
[1758212796050904212],5461.33
[1758212796056057233],5461.33
[1758212796061179681],5461.33
[1758212796066426348],37.64
[1758212796071963275],37.64
[1758212796077144265],37.64
[1758212796082410098],37.64
[1758212796087887390],37.64
[1758212796093047910],37.64
[1758212796098165515],37.64
[1758212796103281296],37.64
[1758212796108398483],37.64
[1758212796113583379],37.64
[1758212796118697806],37.64
[1758212796123854942],37.64
[1758212796129066556],37.64
[1758212796135641140],37.64
[1758212796140890202],37.64
[1758212796146041452],37.64
[1758212796151453119],37.64
[1758212796156617129],37.64
[1758212796161727962],37.64
[1758212796166930358],37.64
[1758212796172053744],37.64
[1758212796177321765],8.93
[1758212796184173327],8.93
[1758212796189393796],8.93
[1758212796194510515],8.93
[1758212796199619629],8.93
[1758212796204752390],8.93
[1758212796209861817],8.93
[1758212796215025515],8.93
[1758212796220150619],8.93
[1758212796225346764],21.19
[1758212796232334421],21.19
[1758212796237916035],21.19
[1758212796243048275],21.19
[1758212796248156504],21.19
[1758212796253318223],21.19
[1758212796259535306],21.19
[1758212796265091452],21.19
[1758212796270208587],21.19
[1758212796275334004],21.19
[1758212796280430410],21.19
[1758212796285533171],21.19
[1758212796290643119],21.19
[1758212796295777650],21.19
[1758212796300949525],21.19
[1758212796306198327],21.19
[1758212796311326921],21.19
[1758212796316513014],21.19
[1758212796321625306],21.19
[1758212796326760931],21.19
[1758212796331910462],21.19
[1758212796337118327],8.96
[1758212796342974785],8.96
[1758212796349464577],8.96
[1758212796354693692],8.96
[1758212796359822858],8.96
[1758212796365024837],8.96
[1758212796371421348],8.96
[1758212796376626452],8.96
[1758212796381894160],22.28
[1758212796389542389],22.28
[1758212796395015462],22.28
[1758212796400164733],22.28
[1758212796405290723],22.28
[1758212796410422285],22.28
[1758212796415637858],22.28
[1758212796420737858],22.28
[1758212796425833639],22.28
[1758212796430943900],22.28
[1758212796436138535],22.28
[1758212796441322181],22.28
[1758212796446439421],22.28
[1758212796451586296],22.28
[1758212796457234004],22.28
[1758212796462426348],22.28
[1758212796467608275],22.28
[1758212796472782285],22.28
[1758212796478211556],22.28
[1758212796483330983],22.28
[1758212796488454369],22.28
[1758212796493674681],5384.22
[1758212796501660046],5384.22
[1758212796507110410],5384.22
[1758212796512320306],5384.22
[1758212796517525775],5384.22
[1758212796522733483],5384.22
[1758212796527893796],5384.22
[1758212796533021035],5384.22
[1758212796538195931],23.0
[1758212796545952337],23.0
[1758212796551445410],23.0
[1758212796556684264],23.0
[1758212796561888379],23.0
[1758212796567408327],23.0
[1758212796572591296],23.0
[1758212796577692025],23.0
[1758212796582866816],23.0
[1758212796589122962],23.0
[1758212796594689733],23.0
[1758212796599807233],23.0
[1758212796604926348],23.0
[1758212796610035619],23.0
[1758212796615207858],23.0
[1758212796620316608],23.0
[1758212796625454369],23.0
[1758212796630580358],23.0
[1758212796635830046],23.0
[1758212796640964160],23.0
[1758212796646088066],23.0
[1758212796651240098],8.85
[1758212796657992806],8.85
[1758212796664340618],8.85
[1758212796669601400],8.85
[1758212796675048587],8.85
[1758212796680171504],8.85
[1758212796685304785],8.85
[1758212796690422754],8.85
[1758212796696767910],8.85
[1758212796702043952],19.7
[1758212796708860931],19.7
[1758212796715206191],19.7
[1758212796720415827],19.7
[1758212796725525566],19.7
[1758212796730627806],19.7
[1758212796735776087],19.7
[1758212796740954264],19.7
[1758212796746081868],19.7
[1758212796751193952],19.7
[1758212796756386868],19.7
[1758212796761631139],19.7
[1758212796766840723],19.7
[1758212796771951816],19.7
[1758212796777087129],19.7
[1758212796782642493],19.7
[1758212796787779056],19.7
[1758212796792940254],19.7
[1758212796798059368],19.7
[1758212796803214733],5475.59
[1758212796810572233],5475.59
[1758212796816973014],5475.59
[1758212796822282910],5475.59
[1758212796827428118],5475.59
[1758212796832617754],5475.59
[1758212796837769577],5475.59
[1758212796842925983],5475.59
[1758212796848053379],5475.59
[1758212796853275671],20.19
[1758212796860873327],20.19
[1758212796866436035],20.19
[1758212796871576243],20.19
[1758212796876651973],20.19
[1758212796881752077],20.19
[1758212796886899681],20.19
[1758212796893190514],20.19
[1758212796899665566],20.19
[1758212796904909733],20.19
[1758212796910033014],20.19
[1758212796915500410],20.19
[1758212796920614056],20.19
[1758212796925745775],20.19
[1758212796930851660],20.19
[1758212796935979577],20.19
[1758212796941107129],20.19
[1758212796946339108],20.19
[1758212796951455566],20.19
[1758212796956581035],20.19
[1758212796961700931],20.19
[1758212796966968743],8.72
[1758212796974777858],8.72
[1758212796980029056],8.72
[1758212796985160150],8.72
[1758212796990345410],8.72
[1758212796995516504],8.72
[1758212797000689577],8.72
[1758212797006257910],8.72
[1758212797011469160],8.72
[1758212797017884108],20.12
[1758212797023720931],20.12
[1758212797028839368],20.12
[1758212797034003900],20.12
[1758212797039137233],20.12
[1758212797044253223],20.12
[1758212797049353483],20.12
[1758212797054479629],20.12
[1758212797059651243],20.12
[1758212797064897233],20.12
[1758212797070010358],20.12
[1758212797075130306],20.12
[1758212797080248275],20.12
[1758212797085372233],20.12
[1758212797090477597],20.12
[1758212797095598118],20.12
[1758212797100701920],20.12
[1758212797105808483],20.12
[1758212797112367077],20.12
[1758212797118777181],20.12
[1758212797125223587],20.12
[1758212797130472545],5675.65
[1758212797136603379],5675.65
[1758212797141755879],5675.65
[1758212797146897702],5675.65
[1758212797152000775],5675.65
[1758212797157102702],5675.65
[1758212797162318483],30.47
[1758212797170563847],30.47
[1758212797176909420],30.47
[1758212797182198847],30.47
[1758212797187339212],30.47
[1758212797192490775],30.47
[1758212797197596868],30.47
[1758212797202757806],30.47
[1758212797207888118],30.47
[1758212797213155722],30.47
[1758212797218641608],30.47
[1758212797223771712],30.47
[1758212797228875045],30.47
[1758212797235115566],30.47
[1758212797241435618],30.47
[1758212797247946347],30.47
[1758212797253199889],30.47
[1758212797258337702],30.47
[1758212797263550462],30.47
[1758212797268652806],30.47
[1758212797273765983],30.47
[1758212797278955045],8.67
[1758212797284569941],8.67
[1758212797289726920],8.67
[1758212797295174004],8.67
[1758212797300325983],8.67
[1758212797305440983],8.67
[1758212797310547649],8.67
[1758212797315752858],8.67
[1758212797320886243],23.77
[1758212797326675410],23.77
[1758212797331811972],23.77
[1758212797337031504],23.77
[1758212797342218639],23.77
[1758212797347346295],23.77
[1758212797353065306],23.77
[1758212797358204212],23.77
[1758212797363371504],23.77
[1758212797368511712],23.77
[1758212797373645462],23.77
[1758212797378738952],23.77
[1758212797383820983],23.77
[1758212797388920149],23.77
[1758212797394082493],23.77
[1758212797399276816],23.77
[1758212797404403066],23.77
[1758212797409511399],23.77
[1758212797414724316],23.77
[1758212797419839889],23.77
[1758212797424960358],23.77
[1758212797430070462],23.77
[1758212797436764472],8.65
[1758212797442550202],8.65
[1758212797447682545],8.65
[1758212797452894420],8.65
[1758212797459134420],8.65
[1758212797464757493],8.65
[1758212797469893743],8.65
[1758212797475033535],8.65
[1758212797480184577],22.92
[1758212797486772441],22.92
[1758212797491981556],22.92
[1758212797497058066],22.92
[1758212797502202389],22.92
[1758212797507328587],22.92
[1758212797512480566],22.92
[1758212797517621764],22.92
[1758212797522787545],22.92
[1758212797527896504],22.92
[1758212797533086556],22.92
[1758212797538286191],22.92
[1758212797544794576],22.92
[1758212797550019889],22.92
[1758212797555171712],22.92
[1758212797560339108],22.92
[1758212797565624576],22.92
[1758212797571074837],22.92
[1758212797576219264],22.92
[1758212797581320722],22.92
[1758212797586469056],22.92
[1758212797591703483],22.92
[1758212797596921608],5398.07
[1758212797602794889],5398.07
[1758212797607939785],5398.07
[1758212797613111035],5398.07
[1758212797618223274],5398.07
[1758212797623384420],5398.07
[1758212797628505306],5398.07
[1758212797633711608],5398.07
[1758212797638948587],23.92
[1758212797644703118],23.92
[1758212797649817597],23.92
[1758212797654927701],23.92
[1758212797660048899],23.92
[1758212797665275097],23.92
[1758212797670380774],23.92
[1758212797675484316],23.92
[1758212797680813222],23.92
[1758212797686260254],23.92
[1758212797691376868],23.92
[1758212797696500931],23.92
[1758212797701615149],23.92
[1758212797706724837],23.92
[1758212797711838118],23.92
[1758212797717058379],23.92
[1758212797722267649],23.92
[1758212797727478118],23.92
[1758212797732668951],23.92
[1758212797737785879],23.92
[1758212797742985097],23.92
[1758212797748102649],9.14
[1758212797755889264],9.14
[1758212797762384733],9.14
[1758212797767902649],9.14
[1758212797773065045],9.14
[1758212797778180097],9.14
[1758212797783331972],9.14
[1758212797788492441],9.14
[1758212797793930358],9.14
[1758212797799105670],9.14
[1758212797806339212],9.14
[1758212797811953795],9.14
[1758212797818244264],9.14
[1758212797824815618],13.1
[1758212797831453066],13.1
[1758212797837847649],13.1
[1758212797844135410],13.1
[1758212797849369993],13.1
[1758212797854508483],13.1
[1758212797859920253],13.1
[1758212797865136660],13.1
[1758212797870245931],13.1
[1758212797875348222],13.1
[1758212797880459837],13.1
[1758212797885629420],13.1
[1758212797890850774],13.1
[1758212797895971035],13.1
[1758212797901204160],13.1
[1758212797906342493],13.1
[1758212797911561556],11.48
[1758212797918352024],11.48
[1758212797923620566],11.48
[1758212797928748170],11.48
[1758212797933875514],11.48
[1758212797939034837],11.48
[1758212797944191920],11.48
[1758212797949315462],11.48
[1758212797954518170],23.29
[1758212797961286191],23.29
[1758212797967663430],23.29
[1758212797974200983],23.29
[1758212797979426660],23.29
[1758212797984559420],23.29
[1758212797989710722],23.29
[1758212797994837493],23.29
[1758212797999923274],23.29
[1758212798005039628],23.29
[1758212798012448118],23.29
[1758212798017959160],23.29
[1758212798023104212],23.29
[1758212798028211764],23.29
[1758212798033333899],23.29
[1758212798038499628],23.29
[1758212798043640566],23.29
[1758212798048752493],23.29
[1758212798053914264],23.29
[1758212798059145930],23.29
[1758212798064362805],23.29
[1758212798069550305],23.29
[1758212798075184524],5412.01
[1758212798081032076],5412.01
[1758212798086170930],5412.01
[1758212798091274524],5412.01
[1758212798096407805],5412.01
[1758212798101560358],5412.01
[1758212798106717962],5412.01
[1758212798113146139],26.1
[1758212798119335670],26.1
[1758212798124785566],26.1
[1758212798129910358],26.1
[1758212798134996139],26.1
[1758212798140106191],26.1
[1758212798145273222],26.1
[1758212798150371347],26.1
[1758212798155477389],26.1
[1758212798160609472],26.1
[1758212798165919160],26.1
[1758212798171066868],26.1
[1758212798176179368],26.1
[1758212798181434420],26.1
[1758212798186586035],26.1
[1758212798191684472],26.1
[1758212798196796243],26.1
[1758212798201904212],26.1
[1758212798207033951],26.1
[1758212798212183899],26.1
[1758212798217370045],26.1
[1758212798222567180],9.17
[1758212798229440722],9.17
[1758212798234968535],9.17
[1758212798240092753],9.17
[1758212798245239732],9.17
[1758212798250354680],9.17
[1758212798255524107],9.17
[1758212798260631555],9.17
[1758212798265839837],9.17
[1758212798271006712],20.67
[1758212798279301399],20.67
[1758212798284899055],20.67
[1758212798290046868],20.67
[1758212798295162337],20.67
[1758212798300264107],20.67
[1758212798305411087],20.67
[1758212798310524368],20.67
[1758212798315695253],20.67
[1758212798320805253],20.67
[1758212798326063743],20.67
[1758212798331225410],20.67
[1758212798336351503],20.67
[1758212798343793274],20.67
[1758212798349110149],20.67
[1758212798354259680],20.67
[1758212798359370878],20.67
[1758212798364562597],20.67
[1758212798369726712],20.67
[1758212798374870722],20.67
[1758212798379999003],20.67
[1758212798385758795],8.77
[1758212798391022805],8.77
[1758212798396452389],8.77
[1758212798401554732],8.77
[1758212798406696347],8.77
[1758212798411809159],8.77
[1758212798416985149],8.77
[1758212798422093222],8.77
[1758212798427273482],23.28
[1758212798435522701],23.28
[1758212798441064264],23.28
[1758212798446252337],23.28
[1758212798452567701],23.28
[1758212798459222389],23.28
[1758212798465684941],23.28
[1758212798472060670],23.28
[1758212798477325462],23.28
[1758212798482505409],23.28
[1758212798487630774],23.28
[1758212798492834316],23.28
[1758212798497957909],23.28
[1758212798503446555],23.28
[1758212798508602389],23.28
[1758212798513866920],23.28
[1758212798519103222],23.28
[1758212798524215149],23.28
[1758212798529326399],23.28
[1758212798534472180],23.28
[1758212798539681920],5440.08
[1758212798546574107],5440.08
[1758212798551770670],5440.08
[1758212798556900305],5440.08
[1758212798562009524],5440.08
[1758212798567614732],5440.08
[1758212798572865045],5440.08
[1758212798577991920],5440.08
[1758212798583176191],5440.08
[1758212798588822493],23.02
[1758212798594004732],23.02
[1758212798599109107],23.02
[1758212798604263274],23.02
[1758212798610812649],23.02
[1758212798617196920],23.02
[1758212798622491607],23.02
[1758212798627625461],23.02
[1758212798632793534],23.02
[1758212798637908899],23.02
[1758212798643083378],23.02
[1758212798648208430],23.02
[1758212798653354420],23.02
[1758212798658522701],23.02
[1758212798663798691],23.02
[1758212798668915930],23.02
[1758212798675405982],23.02
[1758212798680684628],23.02
[1758212798685813691],23.02
[1758212798690917805],23.02
[1758212798696109784],23.02
[1758212798702476399],8.4
[1758212798709337649],8.4
[1758212798715760878],8.4
[1758212798722390045],8.4
[1758212798727889941],8.4
[1758212798733036920],8.4
[1758212798738151711],8.4
[1758212798743312024],24.48
[1758212798749915930],24.48
[1758212798755184524],24.48
[1758212798760339993],24.48
[1758212798765555930],24.48
[1758212798770648014],24.48
[1758212798775756816],24.48
[1758212798783277805],24.48
[1758212798788452805],24.48
[1758212798793694316],24.48
[1758212798798798378],24.48
[1758212798803921451],24.48
[1758212798809020045],24.48
[1758212798814205097],24.48
[1758212798819310201],24.48
[1758212798824463743],24.48
[1758212798829882180],24.48
[1758212798835074472],24.48
[1758212798840315982],24.48
[1758212798845467701],24.48
[1758212798850601868],24.48
[1758212798855807441],8.88
[1758212798862540982],8.88
[1758212798868026086],8.88
[1758212798873183118],8.88
[1758212798878302441],8.88
[1758212798883424888],8.88
[1758212798889814368],8.88
[1758212798895078170],8.88
[1758212798900248899],22.5
[1758212798907007857],22.5
[1758212798913612961],22.5
[1758212798918849836],22.5
[1758212798923984524],22.5
[1758212798929092649],22.5
[1758212798934230305],22.5
[1758212798940434159],22.5
[1758212798947057701],22.5
[1758212798952372753],22.5
[1758212798957501659],22.5
[1758212798962731191],22.5
[1758212798967899941],22.5
[1758212798973009732],22.5
[1758212798978113951],22.5
[1758212798983260826],22.5
[1758212798988422128],22.5
[1758212798993664472],22.5
[1758212798999175357],22.5
[1758212799004325618],22.5
[1758212799009453430],22.5
[1758212799014703378],5454.23
[1758212799020453482],5454.23
[1758212799025585253],5454.23
[1758212799030690409],5454.23
[1758212799035823274],5454.23
[1758212799041025618],5454.23
[1758212799046216868],5454.23
[1758212799051739732],5454.23
[1758212799056980618],23.77
[1758212799062674107],23.77
[1758212799067876451],23.77
[1758212799073008951],23.77
[1758212799078126659],23.77
[1758212799083353222],23.77
[1758212799088523638],23.77
[1758212799093782857],23.77
[1758212799098920565],23.77
[1758212799104399628],23.77
[1758212799109566555],23.77
[1758212799114758065],23.77
[1758212799119863743],23.77
[1758212799125005461],23.77
[1758212799130117440],23.77
[1758212799135242180],23.77
[1758212799140354420],23.77
[1758212799145523586],23.77
[1758212799150752649],23.77
[1758212799155890149],23.77
[1758212799161392232],23.77
[1758212799166617128],23.77
[1758212799171779263],8.7
[1758212799178580305],8.7
[1758212799184933013],8.7
[1758212799191260305],8.7
[1758212799197571190],8.7
[1758212799204079993],8.7
[1758212799209351763],8.7
[1758212799216107857],8.7
[1758212799222453013],19.5
[1758212799229133534],19.5
[1758212799234384368],19.5
[1758212799239492597],19.5
[1758212799244619003],19.5
[1758212799249745305],19.5
[1758212799254845670],19.5
[1758212799259954472],19.5
[1758212799265156295],19.5
[1758212799270605305],19.5
[1758212799275874784],19.5
[1758212799280991711],19.5
[1758212799286111972],19.5
[1758212799291215722],19.5
[1758212799296344003],19.5
[1758212799301444472],19.5
[1758212799306574420],19.5
[1758212799311688117],19.5
[1758212799316918586],19.5
[1758212799322556347],19.5
[1758212799327759732],5412.01
[1758212799335738274],5412.01
[1758212799341209888],5412.01
[1758212799346375826],5412.01
[1758212799351552909],5412.01
[1758212799356704836],5412.01
[1758212799361819576],5412.01
[1758212799367019836],5412.01
[1758212799373788795],22.62
[1758212799379177440],22.62
[1758212799384433378],22.62
[1758212799389549472],22.62
[1758212799394686763],22.62
[1758212799399787701],22.62
[1758212799404906972],22.62
[1758212799410021920],22.62
[1758212799415256451],22.62
[1758212799420473951],22.62
[1758212799425699940],22.62
[1758212799431275149],22.62
[1758212799436426295],22.62
[1758212799441540722],22.62
[1758212799446691503],22.62
[1758212799451774315],22.62
[1758212799456852961],22.62
[1758212799461959992],22.62
[1758212799467172805],22.62
[1758212799472407284],22.62
[1758212799479015513],22.62
[1758212799484486034],22.62
[1758212799489674420],5447.15
[1758212799496602440],5447.15
[1758212799501843951],5447.15
[1758212799506975617],5447.15
[1758212799512093117],5447.15
[1758212799517288638],5447.15
[1758212799522465774],5447.15
[1758212799527615461],5447.15
[1758212799534026659],5447.15
[1758212799539329524],5447.15
[1758212799545007492],18.01
[1758212799551410044],18.01
[1758212799556697961],18.01
[1758212799561895201],18.01
[1758212799567124315],18.01
[1758212799572279992],18.01
[1758212799577390722],18.01
[1758212799582601867],18.01
[1758212799588966711],18.01
[1758212799594228586],18.01
[1758212799599341972],18.01
[1758212799604475305],18.01
[1758212799609594315],18.01
[1758212799614846972],18.01
[1758212799619968482],18.01
[1758212799625098326],18.01
[1758212799630228690],18.01
[1758212799635466867],18.01
[1758212799640604940],10.5
[1758212799647885409],10.5
[1758212799654213794],10.5
[1758212799659446034],10.5
[1758212799664719992],10.5
[1758212799669843690],10.5
[1758212799674964315],10.5
[1758212799680079211],10.5
[1758212799685238222],10.5
[1758212799691506347],10.5
[1758212799696793690],17.9
[1758212799702729680],17.9
[1758212799707907701],17.9
[1758212799713106919],17.9
[1758212799718213430],17.9
[1758212799723335513],17.9
[1758212799728450826],17.9
[1758212799733589888],17.9
[1758212799738835617],17.9
[1758212799744021607],17.9
[1758212799749154784],17.9
[1758212799754616919],17.9
[1758212799759824732],17.9
[1758212799765005044],17.9
[1758212799770105201],17.9
[1758212799775253326],17.9
[1758212799780419471],17.9
[1758212799785672753],17.9
[1758212799790776555],17.9
[1758212799795906815],5336.26
[1758212799803075774],5336.26
[1758212799808414211],5336.26
[1758212799813655930],5336.26
[1758212799818781190],5336.26
[1758212799823930149],5336.26
[1758212799829076607],5336.26
[1758212799834263274],5336.26
[1758212799839395305],5336.26
[1758212799844643586],5336.26
[1758212799849920617],18.65
[1758212799855775044],18.65
[1758212799862449159],18.65
[1758212799868803065],18.65
[1758212799874060357],18.65
[1758212799879236451],18.65
[1758212799884363065],18.65
[1758212799889465201],18.65
[1758212799894595669],18.65
[1758212799899748326],18.65
[1758212799904879576],18.65
[1758212799910148690],18.65
[1758212799915369263],18.65
[1758212799920489576],18.65
[1758212799925620565],18.65
[1758212799930732648],18.65
[1758212799935880357],18.65
[1758212799940982648],18.65
[1758212799946126919],18.65
[1758212799951258846],18.65
[1758212799956379159],18.65
[1758212799961561763],18.65
[1758212799967395461],5377.31
[1758212799973278065],5377.31
[1758212799978411190],5377.31
[1758212799983580721],5377.31
