[1758209023032726968],,,,,,,0.0
[1758209023037806916],,,,2.509,9.668,-0.12,
[1758209023037806916],,,,,,,0.0
[1758209023042889885],,,,2.504,9.622,0.101,
[1758209023042889885],,,,,,,0.0
[1758209023047973687],,,,2.452,9.661,-0.093,
[1758209023047973687],,,,,,,0.0
[1758209023053117124],,,,2.631,9.752,-0.168,
[1758209023053117124],,,,,,,0.0
[1758209023058184416],,,,2.641,9.522,-0.457,
[1758209023058184416],,,,,,,0.0
[1758209023063296083],,,,2.579,9.629,-0.002,
[1758209023063296083],,,,,,,0.0
[1758209023068455926],,,,2.583,9.799,-0.177,
[1758209023068455926],,,,,,,0.0
[1758209023073677801],,,,2.693,9.682,-0.101,
[1758209023073677801],,,,,,,0.0
[1758209023078786343],,,,2.679,9.72,-0.254,
[1758209023078786343],,,,,,,0.0
[1758209023083883843],,,,2.746,9.665,-0.235,
[1758209023083883843],,,,,,,0.0
[1758209023089073010],,,,2.768,9.776,-0.223,
[1758209023089073010],,,,,,,0.0
[1758209023094171656],,,,2.665,9.728,-0.23,
[1758209023094171656],,,,,,,0.0
[1758209023099305510],,,,2.555,9.787,-0.17,
[1758209023099305510],,,,,,,0.0
[1758209023104445978],,,,2.473,9.802,-0.402,
[1758209023104445978],,,,,,,0.0
[1758209023109697749],,,,2.521,9.716,-0.192,
[1758209023109697749],,,,,,,0.0
[1758209023114845353],,,,2.682,9.584,-0.273,
[1758209023114845353],,,,,,,0.0
[1758209023119895406],,,,2.741,9.601,0.043,
[1758209023119895406],,,,,,,0.0
[1758209023124927645],,,,2.516,9.687,-0.151,
[1758209023124927645],,,,,,,0.0
[1758209023130256551],,,,2.741,9.536,-0.338,
[1758209023130256551],,,,,,,0.0
[1758209023137635614],,,,2.521,9.708,-0.563,
[1758209023137635614],,,,,,,0.0
[1758209023142883166],,,,2.71,9.651,-0.115,
[1758209023142883166],,,,,,,0.0
[1758209023147965353],,,,2.682,9.632,-0.23,
[1758209023147965353],,,,,,,0.0
[1758209023153115197],,,,2.533,9.582,-0.211,
[1758209023153115197],,,,,,,0.0
[1758209023158237697],,,,2.705,9.649,-0.17,
[1758209023158237697],,,,,,,0.0
[1758209023163338426],,,,2.607,9.773,-0.084,
[1758209023163338426],,,,,,,0.0
[1758209023168410874],,,,2.571,9.728,-0.172,
[1758209023168410874],,,,,,,0.0
[1758209023173477489],,,,2.634,9.615,-0.261,
[1758209023173477489],,,,,,,0.0
[1758209023178527645],,,,2.732,9.584,-0.019,
[1758209023178527645],,,,,,,0.0
[1758209023183619208],,,,2.89,9.773,-0.17,
[1758209023183619208],,,,,,,0.0
[1758209023188681760],,,,2.849,9.565,-0.086,
[1758209023188681760],,,,,,,0.0
[1758209023193776968],,,,2.629,9.577,0.06,
[1758209023193776968],,,,,,,0.0
[1758209023198857124],,,,2.466,9.665,-0.249,
[1758209023198857124],,,,,,,0.0
[1758209023204026551],,,,2.545,9.708,-0.266,
[1758209023204026551],,,,,,,0.0
[1758209023209156968],,,,2.763,9.615,-0.251,
[1758209023209156968],,,,,,,0.0
[1758209023214231760],,,,2.631,9.713,-0.414,
[1758209023214231760],,,,,,,0.0
[1758209023219386968],,,,2.574,9.792,-0.433,
[1758209023219386968],,,,,,,0.0
[1758209023224458687],,,,2.569,9.766,-0.273,
[1758209023224458687],,,,,,,0.0
[1758209023229617124],,,,2.823,9.608,-0.177,
[1758209023229617124],,,,,,,0.0
[1758209023234691499],,,,2.71,9.603,-0.309,
[1758209023234691499],,,,,,,0.0
[1758209023241065197],,,,2.811,9.725,-0.273,
[1758209023241065197],,,,,,,0.0
[1758209023246327280],,,,2.691,9.56,-0.177,
[1758209023246327280],,,,,,,0.0
[1758209023251836760],,,,2.638,9.692,-0.35,
[1758209023251836760],,,,,,,0.0
[1758209023256907801],,,,2.789,9.634,-0.318,
[1758209023256907801],,,,,,,0.0
[1758209023261987385],,,,2.641,9.787,-0.326,
[1758209023261987385],,,,,,,0.0
[1758209023267065353],,,,2.835,9.737,-0.275,
[1758209023267065353],,,,,,,0.0
[1758209023272134676],,,,2.679,9.625,-0.215,
[1758209023272134676],,,,,,,0.0
[1758209023277260197],,,,2.648,9.711,-0.242,
[1758209023277260197],,,,,,,0.0
[1758209023282404103],,,,2.734,9.687,-0.014,
[1758209023282404103],,,,,,,0.0
[1758209023287499208],,,,2.842,9.488,-0.158,
[1758209023287499208],,,,,,,0.0
[1758209023292747801],,,,2.464,9.749,-0.242,
[1758209023292747801],,,,,,,0.0
[1758209023297856291],,,,2.521,9.519,-0.208,
[1758209023297856291],,,,,,,0.0
[1758209023303042853],,,,2.569,9.704,-0.244,
[1758209023303042853],,,,,,,0.0
[1758209023308101083],,,,2.617,9.673,-0.237,
[1758209023308101083],,,,,,,0.0
[1758209023313184780],,,,2.744,9.625,-0.235,
[1758209023313184780],,,,,,,0.0
[1758209023318371030],,,,2.579,9.685,-0.244,
[1758209023318371030],,,,,,,0.0
[1758209023323462072],,,,2.622,9.606,-0.28,
[1758209023323462072],,,,,,,0.0
[1758209023328539103],,,,2.555,9.742,-0.156,
[1758209023328539103],,,,,,,0.0
[1758209023333746187],,,,2.725,9.519,-0.362,
[1758209023333746187],,,,,,,0.0
[1758209023364208739],,,,2.593,9.716,-0.333,
[1758209023364208739],,,,,,,0.0
[1758209023368889103],,,,2.66,9.706,-0.175,
[1758209023368889103],,,,,,,0.0
[1758209023373377020],,,,2.614,9.622,-0.002,
[1758209023373377020],,,,,,,0.0
[1758209023377850249],,,,2.715,9.61,-0.163,
[1758209023377850249],,,,,,,0.0
[1758209023382332749],,,,2.749,9.79,-0.101,
[1758209023382332749],,,,,,,0.0
[1758209023386843739],,,,2.571,9.67,-0.156,
[1758209023386843739],,,,,,,0.0
[1758209023391390093],,,,2.646,9.764,-0.091,
[1758209023391390093],,,,,,,0.0
[1758209023395893530],,,,2.591,9.718,-0.261,
[1758209023395893530],,,,,,,0.0
[1758209023400457489],,,,2.459,9.735,-0.136,
[1758209023400457489],,,,,,,0.0
[1758209023405278895],,,,2.698,9.62,-0.194,
[1758209023405278895],,,,,,,0.0
[1758209023409852437],,,,2.595,9.759,-0.189,
[1758209023409852437],,,,,,,0.0
[1758209023414327541],,,,2.662,9.701,-0.122,
[1758209023414327541],,,,,,,0.0
[1758209023418833114],,,,2.619,9.613,-0.124,
[1758209023418833114],,,,,,,0.0
[1758209023423316239],,,,2.734,9.536,-0.283,
[1758209023423316239],,,,,,,0.0
[1758209023427817853],,,,2.454,9.653,-0.177,
[1758209023427817853],,,,,,,0.0
[1758209023432362280],,,,2.476,9.515,-0.211,
[1758209023432362280],,,,,,,0.0
[1758209023436846655],,,,2.732,9.658,-0.17,
[1758209023436846655],,,,,,,0.0
[1758209023441351760],,,,2.571,9.625,-0.244,
[1758209023441351760],,,,,,,0.0
[1758209023445845093],,,,2.54,9.598,-0.249,
[1758209023445845093],,,,,,,0.0
[1758209023450489312],,,,2.507,9.742,-0.304,
[1758209023450489312],,,,,,,0.0
[1758209023455005874],,,,2.614,9.661,-0.268,
[1758209023455005874],,,,,,,0.0
[1758209023459494885],,,,2.466,9.732,-0.019,
[1758209023459494885],,,,,,,0.0
[1758209023464418739],,,,2.672,9.622,-0.184,
[1758209023464418739],,,,,,,0.0
[1758209023471003739],,,,2.646,9.527,-0.189,
[1758209023471003739],,,,,,,0.0
[1758209023476533114],,,,2.727,9.723,-0.057,
[1758209023476533114],,,,,,,0.0
[1758209023481588791],,,,2.49,9.649,-0.144,
[1758209023481588791],,,,,,,0.0
[1758209023486638114],,,,2.576,9.541,-0.247,
[1758209023486638114],,,,,,,0.0
[1758209023491717541],,,,2.672,9.649,-0.275,
[1758209023491717541],,,,,,,0.0
[1758209023496787801],,,,2.478,9.641,-0.215,
[1758209023496787801],,,,,,,0.0
[1758209023501892645],,,,2.729,9.778,-0.208,
[1758209023501892645],,,,,,,0.0
[1758209023506942228],,,,2.667,9.73,-0.261,
[1758209023506942228],,,,,,,0.0
[1758209023512115457],,,,2.533,9.713,-0.11,
[1758209023512115457],,,,,,,0.0
[1758209023517291551],,,,2.519,9.653,-0.299,
[1758209023517291551],,,,,,,0.0
[1758209023522339885],,,,2.72,9.546,-0.117,
[1758209023522339885],,,,,,,0.0
[1758209023527391551],,,,2.713,9.608,-0.196,
[1758209023527391551],,,,,,,0.0
[1758209023532523947],,,,2.533,9.577,-0.225,
[1758209023532523947],,,,,,,0.0
[1758209023537616760],,,,2.567,9.625,-0.457,
[1758209023537616760],,,,,,,0.0
[1758209023542667749],,,,2.646,9.529,-0.326,
[1758209023542667749],,,,,,,0.0
[1758209023547734624],,,,2.543,9.586,-0.235,
[1758209023547734624],,,,,,,0.0
[1758209023552945978],,,,2.672,9.625,-0.271,
[1758209023552945978],,,,,,,0.0
[1758209023558116968],,,,2.591,9.663,-0.139,
[1758209023558116968],,,,,,,0.0
[1758209023563217853],,,,2.753,9.804,-0.287,
[1758209023563217853],,,,,,,0.0
[1758209023568298010],,,,2.571,9.658,-0.249,
[1758209023568298010],,,,,,,0.0
[1758209023573863374],,,,2.545,9.565,-0.292,
[1758209023573863374],,,,,,,0.0
[1758209023579098999],,,,2.682,9.527,-0.335,
[1758209023579098999],,,,,,,0.0
[1758209023586364051],,,,2.567,9.613,-0.165,
[1758209023586364051],,,,,,,0.0
[1758209023591816655],,,,2.588,9.665,-0.158,
[1758209023591816655],,,,,,,0.0
[1758209023596914624],,,,2.739,9.615,-0.211,
[1758209023596914624],,,,,,,0.0
[1758209023602035874],,,,2.626,9.529,-0.259,
[1758209023602035874],,,,,,,0.0
[1758209023607129937],,,,2.636,9.689,-0.105,
[1758209023607129937],,,,,,,0.0
[1758209023612208895],,,,2.461,9.615,-0.215,
[1758209023612208895],,,,,,,0.0
[1758209023617254937],,,,2.895,9.787,-0.079,
[1758209023617254937],,,,,,,0.0
[1758209023622307853],,,,2.61,9.665,-0.22,
[1758209023622307853],,,,,,,0.0
[1758209023627359884],,,,2.619,9.517,-0.163,
[1758209023627359884],,,,,,,0.0
[1758209023632446447],,,,2.804,9.718,-0.141,
[1758209023632446447],,,,,,,0.0
[1758209023637571395],,,,2.753,9.641,-0.115,
[1758209023637571395],,,,,,,0.0
[1758209023642624364],,,,2.54,9.706,-0.165,
[1758209023642624364],,,,,,,0.0
[1758209023647681291],,,,2.591,9.594,-0.177,
[1758209023647681291],,,,,,,0.0
[1758209023652817801],,,,2.607,9.699,-0.204,
[1758209023652817801],,,,,,,0.0
[1758209023657871499],,,,2.665,9.752,-0.271,
[1758209023657871499],,,,,,,0.0
[1758209023662972280],,,,2.638,9.708,-0.16,
[1758209023662972280],,,,,,,0.0
[1758209023668038687],,,,2.591,9.685,-0.23,
[1758209023668038687],,,,,,,0.0
[1758209023673173634],,,,2.691,9.735,-0.153,
[1758209023673173634],,,,,,,0.0
[1758209023678282228],,,,2.696,9.639,-0.084,
[1758209023678282228],,,,,,,0.0
[1758209023683834676],,,,2.574,9.584,-0.201,
[1758209023683834676],,,,,,,0.0
[1758209023689036447],,,,2.672,9.603,-0.283,
[1758209023689036447],,,,,,,0.0
[1758209023694408426],,,,2.725,9.649,-0.175,
[1758209023694408426],,,,,,,0.0
[1758209023699629312],,,,2.667,9.675,-0.46,
[1758209023699629312],,,,,,,0.0
[1758209023704712332],,,,2.598,9.665,-0.215,
[1758209023704712332],,,,,,,0.0
[1758209023709764207],,,,2.65,9.606,-0.239,
[1758209023709764207],,,,,,,0.0
[1758209023714876864],,,,2.6,9.802,-0.318,
[1758209023714876864],,,,,,,0.0
[1758209023719980666],,,,2.655,9.527,-0.278,
[1758209023719980666],,,,,,,0.0
[1758209023725028270],,,,2.626,9.606,-0.227,
[1758209023725028270],,,,,,,0.0
[1758209023730140093],,,,2.6,9.682,-0.211,
[1758209023730140093],,,,,,,0.0
[1758209023735377593],,,,2.674,9.515,-0.113,
[1758209023735377593],,,,,,,0.0
[1758209023740446968],,,,2.512,9.637,-0.314,
[1758209023740446968],,,,,,,0.0
[1758209023745501447],,,,2.78,9.622,-0.275,
[1758209023745501447],,,,,,,0.0
[1758209023750709051],,,,2.591,9.512,-0.273,
[1758209023750709051],,,,,,,0.0
[1758209023755808270],,,,2.456,9.62,-0.211,
[1758209023755808270],,,,,,,0.0
[1758209023760871447],,,,2.849,9.792,-0.062,
[1758209023760871447],,,,,,,0.0
[1758209023765932645],,,,2.698,9.51,-0.227,
[1758209023765932645],,,,,,,0.0
[1758209023771078999],,,,2.512,9.661,-0.11,
[1758209023771078999],,,,,,,0.0
[1758209023776267176],,,,2.528,9.594,-0.187,
[1758209023776267176],,,,,,,0.0
[1758209023781393739],,,,2.55,9.507,-0.338,
[1758209023781393739],,,,,,,0.0
[1758209023786541603],,,,2.552,9.706,-0.316,
[1758209023786541603],,,,,,,0.0
[1758209023792102384],,,,2.674,9.582,-0.424,
[1758209023792102384],,,,,,,0.0
[1758209023797238218],,,,2.696,9.787,-0.165,
[1758209023797238218],,,,,,,0.0
[1758209023802662489],,,,2.61,9.641,-0.28,
[1758209023802662489],,,,,,,0.0
[1758209023807750457],,,,2.641,9.661,-0.33,
[1758209023807750457],,,,,,,0.0
[1758209023812825301],,,,2.629,9.637,-0.204,
[1758209023812825301],,,,,,,0.0
[1758209023817910197],,,,2.595,9.716,-0.328,
[1758209023817910197],,,,,,,0.0
[1758209023822998634],,,,2.753,9.74,-0.199,
[1758209023822998634],,,,,,,0.0
[1758209023828054259],,,,2.612,9.574,-0.201,
[1758209023828054259],,,,,,,0.0
[1758209023833209780],,,,2.65,9.692,-0.211,
[1758209023833209780],,,,,,,0.0
[1758209023838386134],,,,2.701,9.79,-0.168,
[1758209023838386134],,,,,,,0.0
[1758209023843444103],,,,2.607,9.601,-0.187,
[1758209023843444103],,,,,,,0.0
[1758209023848506395],,,,2.722,9.711,-0.151,
[1758209023848506395],,,,,,,0.0
[1758209023853663582],,,,2.648,9.67,-0.251,
[1758209023853663582],,,,,,,0.0
[1758209023858709989],,,,2.698,9.787,-0.294,
[1758209023858709989],,,,,,,0.0
[1758209023863788478],,,,2.61,9.653,-0.204,
[1758209023863788478],,,,,,,0.0
[1758209023868855822],,,,2.617,9.699,-0.235,
[1758209023868855822],,,,,,,0.0
[1758209023873993634],,,,2.751,9.665,-0.292,
[1758209023873993634],,,,,,,0.0
[1758209023879198634],,,,2.607,9.699,-0.273,
[1758209023879198634],,,,,,,0.0
[1758209023884302645],,,,2.67,9.594,-0.204,
[1758209023884302645],,,,,,,0.0
[1758209023889416395],,,,2.842,9.625,-0.146,
[1758209023889416395],,,,,,,0.0
[1758209023894509832],,,,2.629,9.546,-0.225,
[1758209023894509832],,,,,,,0.0
[1758209023900142541],,,,2.595,9.785,-0.218,
[1758209023900142541],,,,,,,0.0
[1758209023905247645],,,,2.732,9.57,-0.402,
[1758209023905247645],,,,,,,0.0
[1758209023912591447],,,,2.737,9.744,-0.23,
[1758209023912591447],,,,,,,0.0
[1758209023917808270],,,,2.646,9.692,-0.297,
[1758209023917808270],,,,,,,0.0
[1758209023922951291],,,,2.761,9.574,-0.16,
[1758209023922951291],,,,,,,0.0
[1758209023928007749],,,,2.708,9.699,-0.445,
[1758209023928007749],,,,,,,0.0
[1758209023933058791],,,,2.521,9.723,-0.402,
[1758209023933058791],,,,,,,0.0
[1758209023938121655],,,,2.624,9.72,-0.259,
[1758209023938121655],,,,,,,0.0
[1758209023943210197],,,,2.574,9.764,-0.237,
[1758209023943210197],,,,,,,0.0
[1758209023948276603],,,,2.732,9.661,-0.172,
[1758209023948276603],,,,,,,0.0
[1758209023953435614],,,,2.883,9.596,-0.184,
[1758209023953435614],,,,,,,0.0
[1758209023958495718],,,,2.703,9.61,-0.299,
[1758209023958495718],,,,,,,0.0
[1758209023963601030],,,,2.689,9.641,-0.376,
[1758209023963601030],,,,,,,0.0
[1758209023968681707],,,,2.464,9.629,-0.311,
[1758209023968681707],,,,,,,0.0
[1758209023973746603],,,,2.622,9.632,-0.237,
[1758209023973746603],,,,,,,0.0
[1758209023978801134],,,,2.729,9.558,-0.218,
[1758209023978801134],,,,,,,0.0
[1758209023983923114],,,,2.468,9.723,-0.45,
[1758209023983923114],,,,,,,0.0
[1758209023989109207],,,,2.502,9.778,-0.256,
[1758209023989109207],,,,,,,0.0
[1758209023994223114],,,,2.602,9.673,0.113,
[1758209023994223114],,,,,,,0.0
[1758209023999369884],,,,2.679,9.613,-0.053,
[1758209023999369884],,,,,,,0.0
[1758209024004462384],,,,2.679,9.73,-0.232,
[1758209024004462384],,,,,,,0.0
[1758209024010007384],,,,2.622,9.687,-0.455,
[1758209024010007384],,,,,,,0.0
[1758209024015114051],,,,2.641,9.778,-0.436,
[1758209024015114051],,,,,,,0.0
[1758209024020166395],,,,2.617,9.716,-0.414,
[1758209024020166395],,,,,,,0.0
[1758209024025224155],,,,2.713,9.507,-0.567,
[1758209024025224155],,,,,,,0.0
[1758209024031595718],,,,2.631,9.507,-0.227,
[1758209024031595718],,,,,,,0.0
[1758209024036783843],,,,2.583,9.68,-0.105,
[1758209024036783843],,,,,,,0.0
[1758209024041848114],,,,2.725,9.507,-0.086,
[1758209024041848114],,,,,,,0.0
[1758209024046906239],,,,2.526,9.625,-0.278,
[1758209024046906239],,,,,,,0.0
[1758209024052045457],,,,2.6,9.701,-0.333,
[1758209024052045457],,,,,,,0.0
[1758209024057119155],,,,2.701,9.766,-0.045,
[1758209024057119155],,,,,,,0.0
[1758209024062264624],,,,2.701,9.656,-0.28,
[1758209024062264624],,,,,,,0.0
[1758209024067343374],,,,2.722,9.771,-0.139,
[1758209024067343374],,,,,,,0.0
[1758209024072627957],,,,2.598,9.711,-0.328,
[1758209024072627957],,,,,,,0.0
[1758209024077839624],,,,2.375,9.759,-0.208,
[1758209024077839624],,,,,,,0.0
[1758209024082912801],,,,2.521,9.656,-0.249,
[1758209024082912801],,,,,,,0.0
[1758209024087943791],,,,2.693,9.677,-0.239,
[1758209024087943791],,,,,,,0.0
[1758209024093017124],,,,2.763,9.768,-0.043,
[1758209024093017124],,,,,,,0.0
[1758209024098073999],,,,2.667,9.62,-0.163,
[1758209024098073999],,,,,,,0.0
[1758209024103239468],,,,2.643,9.711,-0.405,
[1758209024103239468],,,,,,,0.0
[1758209024108327801],,,,2.617,9.639,-0.239,
[1758209024108327801],,,,,,,0.0
[1758209024113478530],,,,2.746,9.51,-0.069,
[1758209024113478530],,,,,,,0.0
[1758209024119137176],,,,2.547,9.644,-0.237,
[1758209024119137176],,,,,,,0.0
[1758209024124251811],,,,2.698,9.754,-0.441,
[1758209024124251811],,,,,,,0.0
[1758209024129348166],,,,2.751,9.596,-0.065,
[1758209024129348166],,,,,,,0.0
[1758209024137689572],,,,2.476,9.51,-0.275,
[1758209024137689572],,,,,,,0.0
[1758209024144109051],,,,2.614,9.701,-0.266,
[1758209024144109051],,,,,,,0.0
[1758209024149406603],,,,2.741,9.771,-0.254,
[1758209024149406603],,,,,,,0.0
[1758209024154505561],,,,2.579,9.797,-0.299,
[1758209024154505561],,,,,,,0.0
[1758209024159638634],,,,2.684,9.634,-0.196,
[1758209024159638634],,,,,,,0.0
[1758209024164726291],,,,2.454,9.584,-0.031,
[1758209024164726291],,,,,,,0.0
[1758209024169786082],,,,2.626,9.704,-0.232,
[1758209024169786082],,,,,,,0.0
[1758209024174833218],,,,2.614,9.601,-0.134,
[1758209024174833218],,,,,,,0.0
[1758209024179961603],,,,2.674,9.663,-0.232,
[1758209024179961603],,,,,,,0.0
[1758209024185064363],,,,2.751,9.716,-0.175,
[1758209024185064363],,,,,,,0.0
[1758209024190234103],,,,2.586,9.711,-0.196,
[1758209024190234103],,,,,,,0.0
[1758209024195308843],,,,2.682,9.57,-0.122,
[1758209024195308843],,,,,,,0.0
[1758209024200466655],,,,2.71,9.747,-0.196,
[1758209024200466655],,,,,,,0.0
[1758209024205526863],,,,2.653,9.512,-0.244,
[1758209024205526863],,,,,,,0.0
[1758209024210584728],,,,2.624,9.543,-0.244,
[1758209024210584728],,,,,,,0.0
[1758209024215648009],,,,2.658,9.651,-0.227,
[1758209024215648009],,,,,,,0.0
[1758209024220822384],,,,2.607,9.687,-0.251,
[1758209024220822384],,,,,,,0.0
[1758209024226146968],,,,2.605,9.639,-0.271,
[1758209024226146968],,,,,,,0.0
[1758209024231554988],,,,2.665,9.622,-0.271,
[1758209024231554988],,,,,,,0.0
[1758209024236663738],,,,2.464,9.685,-0.184,
[1758209024236663738],,,,,,,0.0
[1758209024243763478],,,,2.452,9.797,0.017,
[1758209024243763478],,,,,,,0.0
[1758209024249421603],,,,2.691,9.783,-0.455,
[1758209024249421603],,,,,,,0.0
[1758209024255723270],,,,2.61,9.689,-0.424,
[1758209024255723270],,,,,,,0.0
[1758209024260925770],,,,2.579,9.632,-0.194,
[1758209024260925770],,,,,,,0.0
[1758209024265988113],,,,2.533,9.687,-0.175,
[1758209024265988113],,,,,,,0.0
[1758209024271081551],,,,2.523,9.728,-0.242,
[1758209024271081551],,,,,,,0.0
[1758209024276133686],,,,2.459,9.567,-0.306,
[1758209024276133686],,,,,,,0.0
[1758209024281207280],,,,2.703,9.567,-0.22,
[1758209024281207280],,,,,,,0.0
[1758209024286257176],,,,2.512,9.529,-0.074,
[1758209024286257176],,,,,,,0.0
[1758209024291331395],,,,2.624,9.632,-0.184,
[1758209024291331395],,,,,,,0.0
[1758209024296398686],,,,2.619,9.699,-0.244,
[1758209024296398686],,,,,,,0.0
[1758209024301633218],,,,2.634,9.711,-0.273,
[1758209024301633218],,,,,,,0.0
[1758209024306716082],,,,2.768,9.682,-0.297,
[1758209024306716082],,,,,,,0.0
[1758209024311820613],,,,2.638,9.701,-0.268,
[1758209024311820613],,,,,,,0.0
[1758209024316881707],,,,2.871,9.869,-0.067,
[1758209024316881707],,,,,,,0.0
[1758209024321964468],,,,2.497,9.538,-0.175,
[1758209024321964468],,,,,,,0.0
[1758209024327023061],,,,2.722,9.728,-0.271,
[1758209024327023061],,,,,,,0.0
[1758209024332116030],,,,2.521,9.661,-0.431,
[1758209024332116030],,,,,,,0.0
[1758209024337176707],,,,2.665,9.582,-0.024,
[1758209024337176707],,,,,,,0.0
[1758209024342240353],,,,2.734,9.732,-0.453,
[1758209024342240353],,,,,,,0.0
[1758209024348728322],,,,2.466,9.613,-0.259,
[1758209024348728322],,,,,,,0.0
[1758209024354033061],,,,2.904,9.651,-0.275,
[1758209024354033061],,,,,,,0.0
[1758209024360556968],,,,2.679,9.639,-0.12,
[1758209024360556968],,,,,,,0.0
[1758209024365784728],,,,2.571,9.644,-0.192,
[1758209024365784728],,,,,,,0.0
[1758209024370868895],,,,2.619,9.546,-0.244,
[1758209024370868895],,,,,,,0.0
[1758209024375947436],,,,2.483,9.797,-0.204,
[1758209024375947436],,,,,,,0.0
[1758209024381029155],,,,2.535,9.649,-0.048,
[1758209024381029155],,,,,,,0.0
[1758209024386085197],,,,2.636,9.697,-0.239,
[1758209024386085197],,,,,,,0.0
[1758209024391152176],,,,2.703,9.773,-0.153,
[1758209024391152176],,,,,,,0.0
[1758209024396226811],,,,2.516,9.74,-0.251,
[1758209024396226811],,,,,,,0.0
[1758209024401422124],,,,2.737,9.675,-0.268,
[1758209024401422124],,,,,,,0.0
[1758209024406570822],,,,2.564,9.766,-0.17,
[1758209024406570822],,,,,,,0.0
[1758209024411641499],,,,2.641,9.764,-0.29,
[1758209024411641499],,,,,,,0.0
[1758209024416709207],,,,2.813,9.689,-0.311,
[1758209024416709207],,,,,,,0.0
[1758209024421797020],,,,2.828,9.787,-0.46,
[1758209024421797020],,,,,,,0.0
[1758209024426863895],,,,2.564,9.555,-0.201,
[1758209024426863895],,,,,,,0.0
[1758209024431940770],,,,2.801,9.67,-0.136,
[1758209024431940770],,,,,,,0.0
[1758209024437005040],,,,2.655,9.744,-0.309,
[1758209024437005040],,,,,,,0.0
[1758209024442132645],,,,2.751,9.577,-0.206,
[1758209024442132645],,,,,,,0.0
[1758209024447201759],,,,2.555,9.656,-0.12,
[1758209024447201759],,,,,,,0.0
[1758209024452405561],,,,2.646,9.517,-0.196,
[1758209024452405561],,,,,,,0.0
[1758209024457906968],,,,2.502,9.713,-0.072,
[1758209024457906968],,,,,,,0.0
[1758209024462997853],,,,2.598,9.534,-0.362,
[1758209024462997853],,,,,,,0.0
[1758209024468078322],,,,2.708,9.658,-0.206,
[1758209024468078322],,,,,,,0.0
[1758209024474426134],,,,2.65,9.658,-0.299,
[1758209024474426134],,,,,,,0.0
[1758209024480808790],,,,2.586,9.776,-0.201,
[1758209024480808790],,,,,,,0.0
[1758209024485991551],,,,2.631,9.725,-0.304,
[1758209024485991551],,,,,,,0.0
[1758209024491072488],,,,2.705,9.79,-0.211,
[1758209024491072488],,,,,,,0.0
[1758209024496142540],,,,2.641,9.582,-0.136,
[1758209024496142540],,,,,,,0.0
[1758209024501287072],,,,2.701,9.634,-0.187,
[1758209024501287072],,,,,,,0.0
[1758209024506356342],,,,2.471,9.598,-0.306,
[1758209024506356342],,,,,,,0.0
[1758209024511427280],,,,2.557,9.596,-0.165,
[1758209024511427280],,,,,,,0.0
[1758209024516516811],,,,2.562,9.682,-0.199,
[1758209024516516811],,,,,,,0.0
[1758209024521652020],,,,2.598,9.771,-0.189,
[1758209024521652020],,,,,,,0.0
[1758209024526830457],,,,2.751,9.653,-0.4,
[1758209024526830457],,,,,,,0.0
[1758209024531880874],,,,2.875,9.665,-0.268,
[1758209024531880874],,,,,,,0.0
[1758209024536934155],,,,2.715,9.505,-0.321,
[1758209024536934155],,,,,,,0.0
[1758209024542036030],,,,2.555,9.529,-0.172,
[1758209024542036030],,,,,,,0.0
[1758209024547142488],,,,2.761,9.685,-0.18,
[1758209024547142488],,,,,,,0.0
[1758209024552254624],,,,2.756,9.747,-0.242,
[1758209024552254624],,,,,,,0.0
[1758209024557333738],,,,2.588,9.692,-0.192,
[1758209024557333738],,,,,,,0.0
[1758209024562450197],,,,2.737,9.689,-0.194,
[1758209024562450197],,,,,,,0.0
[1758209024567957957],,,,2.531,9.67,-0.256,
[1758209024567957957],,,,,,,0.0
[1758209024573128061],,,,2.485,9.531,-0.287,
[1758209024573128061],,,,,,,0.0
[1758209024578207801],,,,2.665,9.677,-0.318,
[1758209024578207801],,,,,,,0.0
[1758209024585639467],,,,2.593,9.728,-0.026,
[1758209024585639467],,,,,,,0.0
[1758209024591073322],,,,2.725,9.706,-0.22,
[1758209024591073322],,,,,,,0.0
[1758209024596181134],,,,2.547,9.685,-0.22,
[1758209024596181134],,,,,,,0.0
[1758209024601318582],,,,2.54,9.656,-0.247,
[1758209024601318582],,,,,,,0.0
[1758209024606390665],,,,2.66,9.665,-0.33,
[1758209024606390665],,,,,,,0.0
[1758209024611471551],,,,2.636,9.618,-0.29,
[1758209024611471551],,,,,,,0.0
[1758209024616533790],,,,2.631,9.682,0.069,
[1758209024616533790],,,,,,,0.0
[1758209024621593790],,,,2.638,9.634,-0.259,
[1758209024621593790],,,,,,,0.0
[1758209024626665405],,,,2.425,9.538,-0.17,
[1758209024626665405],,,,,,,0.0
[1758209024631769259],,,,2.696,9.764,-0.304,
[1758209024631769259],,,,,,,0.0
[1758209024636915301],,,,2.665,9.79,-0.381,
[1758209024636915301],,,,,,,0.0
[1758209024641995405],,,,2.756,9.512,-0.268,
[1758209024641995405],,,,,,,0.0
[1758209024647082853],,,,2.737,9.687,-0.156,
[1758209024647082853],,,,,,,0.0
[1758209024652241551],,,,2.612,9.536,-0.165,
[1758209024652241551],,,,,,,0.0
[1758209024657307697],,,,2.411,9.67,-0.242,
[1758209024657307697],,,,,,,0.0
[1758209024662374259],,,,2.579,9.567,-0.077,
[1758209024662374259],,,,,,,0.0
[1758209024667488738],,,,2.562,9.574,-0.072,
[1758209024667488738],,,,,,,0.0
[1758209024672978947],,,,2.679,9.548,-0.244,
[1758209024672978947],,,,,,,0.0
[1758209024678116603],,,,2.574,9.632,-0.187,
[1758209024678116603],,,,,,,0.0
[1758209024683188999],,,,2.643,9.708,-0.103,
[1758209024683188999],,,,,,,0.0
[1758209024688376759],,,,2.677,9.627,-0.213,
[1758209024688376759],,,,,,,0.0
[1758209024693812488],,,,2.569,9.651,-0.17,
[1758209024693812488],,,,,,,0.0
[1758209024698985822],,,,2.629,9.594,-0.172,
[1758209024698985822],,,,,,,0.0
[1758209024704126863],,,,2.576,9.656,-0.237,
[1758209024704126863],,,,,,,0.0
[1758209024709251759],,,,2.466,9.704,-0.122,
[1758209024709251759],,,,,,,0.0
[1758209024714401655],,,,2.476,9.737,-0.381,
[1758209024714401655],,,,,,,0.0
[1758209024719659207],,,,2.614,9.625,-0.11,
[1758209024719659207],,,,,,,0.0
[1758209024724782176],,,,2.66,9.565,-0.333,
[1758209024724782176],,,,,,,0.0
[1758209024729858426],,,,2.574,9.627,-0.261,
[1758209024729858426],,,,,,,0.0
[1758209024734918322],,,,2.643,9.79,-0.215,
[1758209024734918322],,,,,,,0.0
[1758209024740015301],,,,2.567,9.747,-0.043,
[1758209024740015301],,,,,,,0.0
[1758209024745084780],,,,2.629,9.771,-0.153,
[1758209024745084780],,,,,,,0.0
[1758209024750229728],,,,2.701,9.646,-0.292,
[1758209024750229728],,,,,,,0.0
[1758209024755377019],,,,2.679,9.766,-0.227,
[1758209024755377019],,,,,,,0.0
[1758209024760543165],,,,2.679,9.637,-0.108,
[1758209024760543165],,,,,,,0.0
[1758209024765701290],,,,2.646,9.677,-0.239,
[1758209024765701290],,,,,,,0.0
[1758209024770796030],,,,2.552,9.711,-0.407,
[1758209024770796030],,,,,,,0.0
[1758209024775863061],,,,2.658,9.55,-0.297,
[1758209024775863061],,,,,,,0.0
[1758209024781272488],,,,2.626,9.653,0.014,
[1758209024781272488],,,,,,,0.0
[1758209024786377697],,,,2.67,9.771,-0.208,
[1758209024786377697],,,,,,,0.0
[1758209024791510561],,,,2.801,9.701,-0.115,
[1758209024791510561],,,,,,,0.0
[1758209024796649519],,,,2.547,9.792,-0.352,
[1758209024796649519],,,,,,,0.0
[1758209024802102488],,,,2.466,9.548,-0.371,
[1758209024802102488],,,,,,,0.0
[1758209024807183530],,,,2.55,9.673,-0.314,
[1758209024807183530],,,,,,,0.0
[1758209024812267019],,,,2.667,9.644,-0.318,
[1758209024812267019],,,,,,,0.0
[1758209024817325926],,,,2.459,9.675,-0.237,
[1758209024817325926],,,,,,,0.0
[1758209024822571759],,,,2.734,9.673,-0.314,
[1758209024822571759],,,,,,,0.0
[1758209024827752801],,,,2.682,9.594,-0.215,
[1758209024827752801],,,,,,,0.0
[1758209024832856342],,,,2.667,9.673,-0.124,
[1758209024832856342],,,,,,,0.0
[1758209024837943165],,,,2.579,9.797,-0.261,
[1758209024837943165],,,,,,,0.0
[1758209024843047228],,,,2.555,9.519,-0.089,
[1758209024843047228],,,,,,,0.0
[1758209024848102905],,,,2.677,9.553,-0.273,
[1758209024848102905],,,,,,,0.0
[1758209024853211082],,,,2.521,9.579,-0.283,
[1758209024853211082],,,,,,,0.0
[1758209024858307853],,,,2.701,9.577,-0.113,
[1758209024858307853],,,,,,,0.0
[1758209024863444572],,,,2.456,9.661,-0.39,
[1758209024863444572],,,,,,,0.0
[1758209024868599155],,,,2.466,9.656,-0.299,
[1758209024868599155],,,,,,,0.0
[1758209024873734155],,,,2.722,9.649,-0.316,
[1758209024873734155],,,,,,,0.0
[1758209024878800665],,,,2.746,9.718,-0.354,
[1758209024878800665],,,,,,,0.0
[1758209024883888165],,,,2.555,9.627,-0.271,
[1758209024883888165],,,,,,,0.0
[1758209024889106967],,,,2.66,9.634,-0.156,
[1758209024889106967],,,,,,,0.0
[1758209024894544884],,,,2.567,9.639,-0.182,
[1758209024894544884],,,,,,,0.0
[1758209024899747176],,,,2.698,9.61,-0.249,
[1758209024899747176],,,,,,,0.0
[1758209024904826030],,,,2.643,9.685,-0.146,
[1758209024904826030],,,,,,,0.0
[1758209024909913426],,,,2.655,9.673,-0.369,
[1758209024909913426],,,,,,,0.0
[1758209024915226134],,,,2.622,9.543,-0.134,
[1758209024915226134],,,,,,,0.0
[1758209024920327072],,,,2.684,9.742,-0.11,
[1758209024920327072],,,,,,,0.0
[1758209024925428426],,,,2.54,9.701,-0.204,
[1758209024925428426],,,,,,,0.0
[1758209024930513582],,,,2.54,9.754,-0.194,
[1758209024930513582],,,,,,,0.0
[1758209024935587957],,,,2.533,9.618,-0.184,
[1758209024935587957],,,,,,,0.0
[1758209024940750092],,,,2.705,9.706,-0.16,
[1758209024940750092],,,,,,,0.0
[1758209024945814884],,,,2.641,9.644,-0.263,
[1758209024945814884],,,,,,,0.0
[1758209024950997071],,,,2.581,9.56,-0.256,
[1758209024950997071],,,,,,,0.0
[1758209024956081238],,,,2.794,9.682,-0.244,
[1758209024956081238],,,,,,,0.0
[1758209024961211811],,,,2.665,9.694,-0.443,
[1758209024961211811],,,,,,,0.0
[1758209024966324832],,,,2.686,9.761,-0.383,
[1758209024966324832],,,,,,,0.0
[1758209024971434051],,,,2.483,9.773,-0.151,
[1758209024971434051],,,,,,,0.0
[1758209024976510665],,,,2.588,9.759,-0.16,
[1758209024976510665],,,,,,,0.0
[1758209024981576342],,,,2.468,9.78,-0.122,
[1758209024981576342],,,,,,,0.0
[1758209024986661655],,,,2.72,9.644,-0.225,
[1758209024986661655],,,,,,,0.0
[1758209024991770978],,,,2.629,9.586,-0.273,
[1758209024991770978],,,,,,,0.0
[1758209024996851499],,,,2.533,9.632,-0.28,
[1758209024996851499],,,,,,,0.0
[1758209025002399311],,,,2.507,9.737,-0.304,
[1758209025002399311],,,,,,,0.0
[1758209025007500821],,,,2.634,9.641,-0.29,
[1758209025007500821],,,,,,,0.0
[1758209025012578061],,,,2.655,9.668,-0.168,
[1758209025012578061],,,,,,,0.0
[1758209025017654103],,,,2.732,9.732,-0.244,
[1758209025017654103],,,,,,,0.0
[1758209025024149519],,,,2.507,9.596,-0.311,
[1758209025024149519],,,,,,,0.0
[1758209025029432019],,,,2.648,9.711,-0.383,
[1758209025029432019],,,,,,,0.0
[1758209025034509051],,,,2.516,9.689,-0.306,
[1758209025034509051],,,,,,,0.0
[1758209025039632749],,,,2.516,9.802,-0.306,
[1758209025039632749],,,,,,,0.0
[1758209025044701238],,,,2.595,9.689,0.002,
[1758209025044701238],,,,,,,0.0
[1758209025049831446],,,,2.598,9.639,-0.136,
[1758209025049831446],,,,,,,0.0
[1758209025054902176],,,,2.71,9.711,-0.148,
[1758209025054902176],,,,,,,0.0
[1758209025059996759],,,,2.552,9.742,-0.345,
[1758209025059996759],,,,,,,0.0
[1758209025065148113],,,,2.684,9.701,-0.206,
[1758209025065148113],,,,,,,0.0
[1758209025070382488],,,,2.646,9.505,-0.23,
[1758209025070382488],,,,,,,0.0
[1758209025075455196],,,,2.859,9.572,-0.455,
[1758209025075455196],,,,,,,0.0
[1758209025083424415],,,,2.631,9.754,-0.244,
[1758209025083424415],,,,,,,0.0
[1758209025088549311],,,,2.686,9.783,-0.225,
[1758209025088549311],,,,,,,0.0
[1758209025093656707],,,,2.682,9.527,-0.247,
[1758209025093656707],,,,,,,0.0
[1758209025098731863],,,,2.557,9.713,-0.096,
[1758209025098731863],,,,,,,0.0
[1758209025103954415],,,,2.591,9.572,-0.239,
[1758209025103954415],,,,,,,0.0
[1758209025109480457],,,,2.701,9.56,-0.436,
[1758209025109480457],,,,,,,0.0
[1758209025114643738],,,,2.689,9.531,-0.273,
[1758209025114643738],,,,,,,0.0
[1758209025119751446],,,,2.464,9.718,-0.081,
[1758209025119751446],,,,,,,0.0
[1758209025124858530],,,,2.624,9.67,-0.297,
[1758209025124858530],,,,,,,0.0
[1758209025130353113],,,,2.617,9.792,-0.259,
[1758209025130353113],,,,,,,0.0
[1758209025135434259],,,,2.602,9.795,-0.22,
[1758209025135434259],,,,,,,0.0
[1758209025140595613],,,,2.883,9.706,-0.124,
[1758209025140595613],,,,,,,0.0
[1758209025145665249],,,,2.693,9.61,-0.326,
[1758209025145665249],,,,,,,0.0
[1758209025150823686],,,,2.488,9.725,-0.235,
[1758209025150823686],,,,,,,0.0
[1758209025155941342],,,,2.674,9.649,-0.129,
[1758209025155941342],,,,,,,0.0
[1758209025161058426],,,,2.667,9.663,-0.247,
[1758209025161058426],,,,,,,0.0
[1758209025166143269],,,,2.571,9.692,-0.158,
[1758209025166143269],,,,,,,0.0
[1758209025171389676],,,,2.593,9.565,-0.278,
[1758209025171389676],,,,,,,0.0
[1758209025176449728],,,,2.634,9.766,-0.393,
[1758209025176449728],,,,,,,0.0
[1758209025181535353],,,,2.725,9.711,-0.297,
[1758209025181535353],,,,,,,0.0
[1758209025186593113],,,,2.665,9.797,-0.302,
[1758209025186593113],,,,,,,0.0
[1758209025191698321],,,,2.67,9.787,-0.283,
[1758209025191698321],,,,,,,0.0
[1758209025196769051],,,,2.612,9.723,-0.261,
[1758209025196769051],,,,,,,0.0
[1758209025201931290],,,,2.717,9.699,-0.218,
[1758209025201931290],,,,,,,0.0
[1758209025207135873],,,,2.531,9.574,-0.354,
[1758209025207135873],,,,,,,0.0
[1758209025212301394],,,,2.588,9.685,-0.263,
[1758209025212301394],,,,,,,0.0
[1758209025218711394],,,,2.468,9.548,-0.201,
[1758209025218711394],,,,,,,0.0
[1758209025223828842],,,,2.713,9.591,-0.115,
[1758209025223828842],,,,,,,0.0
[1758209025228898217],,,,2.607,9.493,-0.194,
[1758209025228898217],,,,,,,0.0
[1758209025234107332],,,,2.557,9.682,-0.036,
[1758209025234107332],,,,,,,0.0
[1758209025240549936],,,,2.746,9.522,-0.22,
[1758209025240549936],,,,,,,0.0
[1758209025245746811],,,,2.6,9.567,-0.393,
[1758209025245746811],,,,,,,0.0
[1758209025250885561],,,,2.49,9.632,-0.146,
[1758209025250885561],,,,,,,0.0
[1758209025255961342],,,,2.598,9.682,-0.096,
[1758209025255961342],,,,,,,0.0
[1758209025261066394],,,,2.555,9.689,0.136,
[1758209025261066394],,,,,,,0.0
[1758209025266124728],,,,2.715,9.665,-0.242,
[1758209025266124728],,,,,,,0.0
[1758209025271211394],,,,2.722,9.747,-0.302,
[1758209025271211394],,,,,,,0.0
[1758209025276278373],,,,2.624,9.747,-0.196,
[1758209025276278373],,,,,,,0.0
[1758209025281402957],,,,2.622,9.699,-0.192,
[1758209025281402957],,,,,,,0.0
[1758209025286624519],,,,2.655,9.799,-0.17,
[1758209025286624519],,,,,,,0.0
[1758209025291694728],,,,2.703,9.665,-0.172,
[1758209025291694728],,,,,,,0.0
[1758209025296758790],,,,2.648,9.799,-0.218,
[1758209025296758790],,,,,,,0.0
[1758209025301905301],,,,2.452,9.594,-0.189,
[1758209025301905301],,,,,,,0.0
[1758209025306998165],,,,2.61,9.591,-0.048,
[1758209025306998165],,,,,,,0.0
[1758209025312075196],,,,2.641,9.661,-0.007,
[1758209025312075196],,,,,,,0.0
[1758209025317294415],,,,2.658,9.72,-0.05,
[1758209025317294415],,,,,,,0.0
[1758209025322492592],,,,2.662,9.584,-0.165,
[1758209025322492592],,,,,,,0.0
[1758209025329017540],,,,2.634,9.701,-0.235,
[1758209025329017540],,,,,,,0.0
[1758209025334160092],,,,2.622,9.735,-0.156,
[1758209025334160092],,,,,,,0.0
[1758209025339399207],,,,2.658,9.661,-0.18,
[1758209025339399207],,,,,,,0.0
[1758209025344775926],,,,2.746,9.656,-0.163,
[1758209025344775926],,,,,,,0.0
[1758209025349953061],,,,2.574,9.768,-0.33,
[1758209025349953061],,,,,,,0.0
[1758209025355019571],,,,2.732,9.708,-0.33,
[1758209025355019571],,,,,,,0.0
[1758209025360106290],,,,2.579,9.656,-0.321,
[1758209025360106290],,,,,,,0.0
[1758209025365184936],,,,2.749,9.816,-0.275,
[1758209025365184936],,,,,,,0.0
[1758209025370302019],,,,2.631,9.505,-0.273,
[1758209025370302019],,,,,,,0.0
[1758209025375398634],,,,2.643,9.78,-0.012,
[1758209025375398634],,,,,,,0.0
[1758209025380556186],,,,2.521,9.699,-0.419,
[1758209025380556186],,,,,,,0.0
[1758209025385662019],,,,2.828,9.668,-0.28,
[1758209025385662019],,,,,,,0.0
[1758209025390762644],,,,2.734,9.73,-0.026,
[1758209025390762644],,,,,,,0.0
[1758209025395910248],,,,2.504,9.527,-0.172,
[1758209025395910248],,,,,,,0.0
[1758209025401075405],,,,2.638,9.687,-0.256,
[1758209025401075405],,,,,,,0.0
[1758209025406146915],,,,2.61,9.548,-0.299,
[1758209025406146915],,,,,,,0.0
[1758209025411251759],,,,2.543,9.589,-0.297,
[1758209025411251759],,,,,,,0.0
[1758209025416318165],,,,2.526,9.692,-0.34,
[1758209025416318165],,,,,,,0.0
[1758209025421447853],,,,2.67,9.653,-0.194,
[1758209025421447853],,,,,,,0.0
[1758209025426547019],,,,2.765,9.694,-0.17,
[1758209025426547019],,,,,,,0.0
[1758209025431704780],,,,2.693,9.51,-0.175,
[1758209025431704780],,,,,,,0.0
[1758209025437260457],,,,2.662,9.677,-0.218,
[1758209025437260457],,,,,,,0.0
[1758209025442382800],,,,2.626,9.752,-0.441,
[1758209025442382800],,,,,,,0.0
[1758209025447461811],,,,2.528,9.553,-0.144,
[1758209025447461811],,,,,,,0.0
[1758209025453880613],,,,2.643,9.5,-0.211,
[1758209025453880613],,,,,,,0.0
[1758209025459156082],,,,2.466,9.634,-0.369,
[1758209025459156082],,,,,,,0.0
[1758209025464197019],,,,2.533,9.687,-0.204,
[1758209025464197019],,,,,,,0.0
[1758209025469350665],,,,2.761,9.742,-0.342,
[1758209025469350665],,,,,,,0.0
[1758209025474436811],,,,2.612,9.565,-0.45,
[1758209025474436811],,,,,,,0.0
[1758209025479524571],,,,2.734,9.524,-0.192,
[1758209025479524571],,,,,,,0.0
[1758209025484546863],,,,2.54,9.653,-0.419,
[1758209025484546863],,,,,,,0.0
[1758209025489682957],,,,2.593,9.651,-0.409,
[1758209025489682957],,,,,,,0.0
[1758209025494779936],,,,2.787,9.802,-0.28,
[1758209025494779936],,,,,,,0.0
[1758209025499957748],,,,2.643,9.67,-0.17,
[1758209025499957748],,,,,,,0.0
[1758209025505011550],,,,2.665,9.644,-0.144,
[1758209025505011550],,,,,,,0.0
[1758209025510101550],,,,2.691,9.699,-0.165,
[1758209025510101550],,,,,,,0.0
[1758209025515211550],,,,2.461,9.708,-0.338,
[1758209025515211550],,,,,,,0.0
[1758209025520288373],,,,2.54,9.632,-0.074,
[1758209025520288373],,,,,,,0.0
[1758209025525342853],,,,2.579,9.749,-0.177,
[1758209025525342853],,,,,,,0.0
[1758209025530438738],,,,2.574,9.641,-0.405,
[1758209025530438738],,,,,,,0.0
[1758209025535533790],,,,2.655,9.692,-0.129,
[1758209025535533790],,,,,,,0.0
[1758209025540619103],,,,2.674,9.663,-0.299,
[1758209025540619103],,,,,,,0.0
[1758209025547162748],,,,2.751,9.644,-0.139,
[1758209025547162748],,,,,,,0.0
[1758209025553493790],,,,2.6,9.711,-0.306,
[1758209025553493790],,,,,,,0.0
[1758209025560846707],,,,2.598,9.701,-0.187,
[1758209025560846707],,,,,,,0.0
[1758209025566281863],,,,2.564,9.737,-0.306,
[1758209025566281863],,,,,,,0.0
[1758209025571374884],,,,2.751,9.716,-0.002,
[1758209025571374884],,,,,,,0.0
[1758209025576420248],,,,2.737,9.723,-0.158,
[1758209025576420248],,,,,,,0.0
[1758209025581507175],,,,2.579,9.606,-0.294,
[1758209025581507175],,,,,,,0.0
[1758209025586563946],,,,2.624,9.531,-0.113,
[1758209025586563946],,,,,,,0.0
[1758209025591633478],,,,2.619,9.728,-0.429,
[1758209025591633478],,,,,,,0.0
[1758209025596702280],,,,2.547,9.787,-0.259,
[1758209025596702280],,,,,,,0.0
[1758209025601861707],,,,2.502,9.701,-0.376,
[1758209025601861707],,,,,,,0.0
[1758209025606926342],,,,2.689,9.61,-0.206,
[1758209025606926342],,,,,,,0.0
[1758209025612017540],,,,2.504,9.649,-0.208,
[1758209025612017540],,,,,,,0.0
[1758209025617149259],,,,2.471,9.555,-0.153,
[1758209025617149259],,,,,,,0.0
[1758209025622185821],,,,2.528,9.665,-0.213,
[1758209025622185821],,,,,,,0.0
[1758209025627241290],,,,2.751,9.663,-0.235,
[1758209025627241290],,,,,,,0.0
[1758209025632336446],,,,2.629,9.589,-0.153,
[1758209025632336446],,,,,,,0.0
[1758209025637372175],,,,2.526,9.665,-0.196,
[1758209025637372175],,,,,,,0.0
[1758209025642436394],,,,2.519,9.644,-0.34,
[1758209025642436394],,,,,,,0.0
[1758209025647525873],,,,2.622,9.634,-0.11,
[1758209025647525873],,,,,,,0.0
[1758209025653081550],,,,2.588,9.778,-0.153,
[1758209025653081550],,,,,,,0.0
[1758209025658189988],,,,2.562,9.716,-0.316,
[1758209025658189988],,,,,,,0.0
[1758209025663269207],,,,2.629,9.706,-0.33,
[1758209025663269207],,,,,,,0.0
[1758209025668371186],,,,2.574,9.653,-0.17,
[1758209025668371186],,,,,,,0.0
[1758209025673767436],,,,2.543,9.685,-0.419,
[1758209025673767436],,,,,,,0.0
[1758209025678845457],,,,2.581,9.627,-0.182,
[1758209025678845457],,,,,,,0.0
[1758209025683908530],,,,2.564,9.644,-0.172,
[1758209025683908530],,,,,,,0.0
[1758209025689010509],,,,2.591,9.723,-0.165,
[1758209025689010509],,,,,,,0.0
[1758209025694172800],,,,2.586,9.615,-0.115,
[1758209025694172800],,,,,,,0.0
[1758209025699423165],,,,2.705,9.639,-0.05,
[1758209025699423165],,,,,,,0.0
[1758209025704488269],,,,2.626,9.591,-0.182,
[1758209025704488269],,,,,,,0.0
[1758209025709638477],,,,2.655,9.625,-0.268,
[1758209025709638477],,,,,,,0.0
[1758209025714742019],,,,2.509,9.663,-0.299,
[1758209025714742019],,,,,,,0.0
[1758209025719854936],,,,2.634,9.639,-0.01,
[1758209025719854936],,,,,,,0.0
[1758209025724930509],,,,2.531,9.735,-0.007,
[1758209025724930509],,,,,,,0.0
[1758209025730051082],,,,2.332,9.718,-0.271,
[1758209025730051082],,,,,,,0.0
[1758209025735164259],,,,2.662,9.687,-0.012,
[1758209025735164259],,,,,,,0.0
[1758209025740269936],,,,2.612,9.548,-0.101,
[1758209025740269936],,,,,,,0.0
[1758209025745356394],,,,2.753,9.543,-0.326,
[1758209025745356394],,,,,,,0.0
[1758209025750610248],,,,2.751,9.596,-0.297,
[1758209025750610248],,,,,,,0.0
[1758209025755716394],,,,2.653,9.653,-0.335,
[1758209025755716394],,,,,,,0.0
[1758209025761169832],,,,2.629,9.555,-0.251,
[1758209025761169832],,,,,,,0.0
[1758209025766296863],,,,2.607,9.697,-0.242,
[1758209025766296863],,,,,,,0.0
[1758209025771417905],,,,2.605,9.699,-0.227,
[1758209025771417905],,,,,,,0.0
[1758209025776544155],,,,2.567,9.701,-0.132,
[1758209025776544155],,,,,,,0.0
[1758209025782916134],,,,2.593,9.632,-0.034,
[1758209025782916134],,,,,,,0.0
[1758209025788127227],,,,2.629,9.524,-0.215,
[1758209025788127227],,,,,,,0.0
[1758209025793215769],,,,2.507,9.728,-0.218,
[1758209025793215769],,,,,,,0.0
[1758209025798280352],,,,2.684,9.467,-0.271,
[1758209025798280352],,,,,,,0.0
[1758209025803433530],,,,2.631,9.67,-0.285,
[1758209025803433530],,,,,,,0.0
[1758209025808491759],,,,2.72,9.776,-0.23,
[1758209025808491759],,,,,,,0.0
[1758209025813553061],,,,2.502,9.503,-0.136,
[1758209025813553061],,,,,,,0.0
[1758209025818584519],,,,2.629,9.658,-0.007,
[1758209025818584519],,,,,,,0.0
[1758209025823667175],,,,2.634,9.689,-0.247,
[1758209025823667175],,,,,,,0.0
[1758209025828824415],,,,2.588,9.742,-0.436,
[1758209025828824415],,,,,,,0.0
[1758209025833905821],,,,2.665,9.797,-0.283,
[1758209025833905821],,,,,,,0.0
[1758209025839020509],,,,2.655,9.799,-0.239,
[1758209025839020509],,,,,,,0.0
[1758209025844146186],,,,2.67,9.78,-0.192,
[1758209025844146186],,,,,,,0.0
[1758209025849281602],,,,2.693,9.768,-0.177,
[1758209025849281602],,,,,,,0.0
[1758209025854441550],,,,2.643,9.711,-0.259,
[1758209025854441550],,,,,,,0.0
[1758209025859585665],,,,2.693,9.68,-0.182,
[1758209025859585665],,,,,,,0.0
[1758209025864690665],,,,2.749,9.752,-0.359,
[1758209025864690665],,,,,,,0.0
[1758209025869899050],,,,2.708,9.522,-0.328,
[1758209025869899050],,,,,,,0.0
[1758209025875037852],,,,2.653,9.701,-0.249,
[1758209025875037852],,,,,,,0.0
[1758209025880130977],,,,2.6,9.613,-0.283,
[1758209025880130977],,,,,,,0.0
[1758209025885239623],,,,2.665,9.536,-0.304,
[1758209025885239623],,,,,,,0.0
[1758209025890455977],,,,2.543,9.644,-0.153,
[1758209025890455977],,,,,,,0.0
[1758209025895556082],,,,2.442,9.615,-0.199,
[1758209025895556082],,,,,,,0.0
[1758209025900800821],,,,2.751,9.716,-0.249,
[1758209025900800821],,,,,,,0.0
[1758209025905918009],,,,2.727,9.665,-0.12,
[1758209025905918009],,,,,,,0.0
[1758209025910988061],,,,2.662,9.591,-0.184,
[1758209025910988061],,,,,,,0.0
[1758209025916068634],,,,2.583,9.833,-0.306,
[1758209025916068634],,,,,,,0.0
[1758209025921179050],,,,2.583,9.627,-0.206,
[1758209025921179050],,,,,,,0.0
[1758209025926248529],,,,2.598,9.527,-0.287,
[1758209025926248529],,,,,,,0.0
[1758209025931310665],,,,2.682,9.677,-0.127,
[1758209025931310665],,,,,,,0.0
[1758209025936366707],,,,2.521,9.716,-0.031,
[1758209025936366707],,,,,,,0.0
[1758209025941492540],,,,2.495,9.802,-0.314,
[1758209025941492540],,,,,,,0.0
[1758209025946564154],,,,2.701,9.725,-0.036,
[1758209025946564154],,,,,,,0.0
[1758209025951718009],,,,2.777,9.716,-0.172,
[1758209025951718009],,,,,,,0.0
[1758209025956784311],,,,2.65,9.764,-0.053,
[1758209025956784311],,,,,,,0.0
[1758209025961854102],,,,2.698,9.632,-0.247,
[1758209025961854102],,,,,,,0.0
[1758209025966921498],,,,2.569,9.689,-0.278,
[1758209025966921498],,,,,,,0.0
[1758209025972043529],,,,2.693,9.591,-0.218,
[1758209025972043529],,,,,,,0.0
[1758209025979777384],,,,2.595,9.792,-0.014,
[1758209025979777384],,,,,,,0.0
[1758209025985082332],,,,2.504,9.701,-0.242,
[1758209025985082332],,,,,,,0.0
[1758209025990206915],,,,2.739,9.565,-0.443,
[1758209025990206915],,,,,,,0.0
[1758209025995312071],,,,2.749,9.725,-0.287,
[1758209025995312071],,,,,,,0.0
[1758209026000777175],,,,2.701,9.74,-0.072,
[1758209026000777175],,,,,,,0.0
[1758209026005852644],,,,2.658,9.495,-0.204,
[1758209026005852644],,,,,,,0.0
[1758209026010947488],,,,2.727,9.663,-0.4,
[1758209026010947488],,,,,,,0.0
[1758209026016015665],,,,2.555,9.787,-0.271,
[1758209026016015665],,,,,,,0.0
[1758209026021101915],,,,2.631,9.55,-0.093,
[1758209026021101915],,,,,,,0.0
[1758209026026184727],,,,2.65,9.632,-0.17,
[1758209026026184727],,,,,,,0.0
[1758209026031425509],,,,2.478,9.759,-0.268,
[1758209026031425509],,,,,,,0.0
[1758209026036537019],,,,2.708,9.677,-0.306,
[1758209026036537019],,,,,,,0.0
[1758209026041645769],,,,2.528,9.668,0.0,
[1758209026041645769],,,,,,,0.0
[1758209026046720821],,,,2.691,9.644,-0.347,
[1758209026046720821],,,,,,,0.0
[1758209026051861290],,,,2.691,9.704,-0.134,
[1758209026051861290],,,,,,,0.0
[1758209026056961811],,,,2.667,9.606,-0.187,
[1758209026056961811],,,,,,,0.0
[1758209026062049206],,,,2.538,9.507,-0.268,
[1758209026062049206],,,,,,,0.0
[1758209026067138686],,,,2.579,9.656,-0.194,
[1758209026067138686],,,,,,,0.0
[1758209026072362800],,,,2.708,9.541,-0.211,
[1758209026072362800],,,,,,,0.0
[1758209026077491863],,,,2.523,9.718,-0.168,
[1758209026077491863],,,,,,,0.0
[1758209026082694623],,,,2.739,9.639,-0.225,
[1758209026082694623],,,,,,,0.0
[1758209026087769623],,,,2.468,9.737,-0.136,
[1758209026087769623],,,,,,,0.0
[1758209026092849779],,,,2.485,9.711,-0.136,
[1758209026092849779],,,,,,,0.0
[1758209026097947592],,,,2.684,9.596,-0.28,
[1758209026097947592],,,,,,,0.0
[1758209026103087800],,,,2.634,9.718,-0.124,
[1758209026103087800],,,,,,,0.0
[1758209026108663790],,,,2.655,9.673,-0.244,
[1758209026108663790],,,,,,,0.0
[1758209026113794102],,,,2.674,9.74,-0.34,
[1758209026113794102],,,,,,,0.0
[1758209026118913738],,,,2.722,9.766,-0.158,
[1758209026118913738],,,,,,,0.0
[1758209026124014467],,,,2.607,9.574,-0.237,
[1758209026124014467],,,,,,,0.0
[1758209026129142956],,,,2.715,9.51,-0.041,
[1758209026129142956],,,,,,,0.0
[1758209026134215873],,,,2.749,9.622,-0.275,
[1758209026134215873],,,,,,,0.0
[1758209026139365717],,,,2.634,9.5,-0.184,
[1758209026139365717],,,,,,,0.0
[1758209026144534102],,,,2.727,9.536,-0.194,
[1758209026144534102],,,,,,,0.0
[1758209026149758529],,,,2.701,9.697,-0.139,
[1758209026149758529],,,,,,,0.0
[1758209026154928842],,,,2.679,9.694,-0.026,
[1758209026154928842],,,,,,,0.0
[1758209026160009884],,,,2.643,9.534,-0.165,
[1758209026160009884],,,,,,,0.0
[1758209026165118269],,,,2.768,9.692,-0.378,
[1758209026165118269],,,,,,,0.0
[1758209026170165300],,,,2.552,9.744,-0.177,
[1758209026170165300],,,,,,,0.0
[1758209026175232227],,,,2.662,9.572,-0.239,
[1758209026175232227],,,,,,,0.0
[1758209026180313113],,,,2.476,9.507,-0.287,
[1758209026180313113],,,,,,,0.0
[1758209026185395300],,,,2.655,9.795,-0.194,
[1758209026185395300],,,,,,,0.0
[1758209026192819727],,,,2.49,9.634,-0.105,
[1758209026192819727],,,,,,,0.0
[1758209026198073842],,,,2.502,9.689,-0.093,
[1758209026198073842],,,,,,,0.0
[1758209026203314519],,,,2.758,9.613,-0.259,
[1758209026203314519],,,,,,,0.0
[1758209026208586654],,,,2.641,9.594,-0.199,
[1758209026208586654],,,,,,,0.0
[1758209026215826342],,,,2.756,9.661,-0.259,
[1758209026215826342],,,,,,,0.0
[1758209026221249623],,,,2.655,9.613,-0.287,
[1758209026221249623],,,,,,,0.0
[1758209026226347175],,,,2.576,9.682,-0.18,
[1758209026226347175],,,,,,,0.0
[1758209026231409988],,,,2.732,9.708,-0.306,
[1758209026231409988],,,,,,,0.0
[1758209026236477331],,,,2.732,9.608,-0.256,
[1758209026236477331],,,,,,,0.0
[1758209026241582904],,,,2.612,9.517,-0.316,
[1758209026241582904],,,,,,,0.0
[1758209026246638321],,,,2.648,9.701,-0.16,
[1758209026246638321],,,,,,,0.0
[1758209026251756967],,,,2.614,9.787,-0.105,
[1758209026251756967],,,,,,,0.0
[1758209026256821915],,,,2.595,9.665,-0.287,
[1758209026256821915],,,,,,,0.0
[1758209026261926550],,,,2.586,9.594,-0.232,
[1758209026261926550],,,,,,,0.0
[1758209026267119050],,,,2.569,9.711,-0.038,
[1758209026267119050],,,,,,,0.0
[1758209026272208269],,,,2.648,9.653,-0.122,
[1758209026272208269],,,,,,,0.0
[1758209026277270665],,,,2.753,9.632,-0.194,
[1758209026277270665],,,,,,,0.0
[1758209026282344779],,,,2.689,9.737,-0.201,
[1758209026282344779],,,,,,,0.0
[1758209026287408477],,,,2.557,9.57,-0.235,
[1758209026287408477],,,,,,,0.0
[1758209026292477748],,,,2.756,9.73,-0.002,
[1758209026292477748],,,,,,,0.0
[1758209026297552071],,,,2.598,9.737,-0.223,
[1758209026297552071],,,,,,,0.0
[1758209026303112956],,,,2.66,9.677,-0.196,
[1758209026303112956],,,,,,,0.0
[1758209026308209571],,,,2.617,9.807,-0.285,
[1758209026308209571],,,,,,,0.0
[1758209026313281602],,,,2.643,9.799,-0.302,
[1758209026313281602],,,,,,,0.0
[1758209026318357592],,,,2.574,9.752,-0.362,
[1758209026318357592],,,,,,,0.0
[1758209026324731915],,,,2.571,9.723,-0.194,
[1758209026324731915],,,,,,,0.0
[1758209026329832800],,,,2.641,9.538,-0.165,
[1758209026329832800],,,,,,,0.0
[1758209026335017071],,,,2.468,9.677,-0.127,
[1758209026335017071],,,,,,,0.0
[1758209026340121290],,,,2.579,9.728,-0.151,
[1758209026340121290],,,,,,,0.0
[1758209026345186915],,,,2.586,9.711,-0.292,
[1758209026345186915],,,,,,,0.0
[1758209026350315352],,,,2.636,9.565,-0.227,
[1758209026350315352],,,,,,,0.0
[1758209026355384936],,,,2.629,9.787,-0.29,
[1758209026355384936],,,,,,,0.0
[1758209026360460092],,,,2.641,9.776,-0.316,
[1758209026360460092],,,,,,,0.0
[1758209026365525665],,,,2.808,9.771,-0.263,
[1758209026365525665],,,,,,,0.0
[1758209026370610248],,,,2.638,9.596,-0.223,
[1758209026370610248],,,,,,,0.0
[1758209026375690769],,,,2.614,9.55,-0.194,
[1758209026375690769],,,,,,,0.0
[1758209026380839311],,,,2.667,9.661,-0.259,
[1758209026380839311],,,,,,,0.0
[1758209026385928321],,,,2.588,9.661,-0.259,
[1758209026385928321],,,,,,,0.0
[1758209026391037227],,,,2.617,9.594,-0.192,
[1758209026391037227],,,,,,,0.0
[1758209026396118008],,,,2.526,9.644,-0.244,
[1758209026396118008],,,,,,,0.0
[1758209026401279258],,,,2.763,9.625,-0.254,
[1758209026401279258],,,,,,,0.0
[1758209026406371811],,,,2.421,9.596,-0.268,
[1758209026406371811],,,,,,,0.0
[1758209026411662227],,,,2.526,9.656,-0.29,
[1758209026411662227],,,,,,,0.0
[1758209026416738581],,,,2.512,9.591,-0.048,
[1758209026416738581],,,,,,,0.0
[1758209026421901863],,,,2.744,9.615,-0.314,
[1758209026421901863],,,,,,,0.0
[1758209026426973842],,,,2.602,9.598,-0.342,
[1758209026426973842],,,,,,,0.0
[1758209026432216967],,,,2.614,9.596,-0.201,
[1758209026432216967],,,,,,,0.0
[1758209026437299936],,,,2.614,9.692,-0.266,
[1758209026437299936],,,,,,,0.0
[1758209026442429936],,,,2.691,9.541,-0.242,
[1758209026442429936],,,,,,,0.0
[1758209026447504936],,,,2.629,9.737,-0.359,
[1758209026447504936],,,,,,,0.0
[1758209026452687644],,,,2.71,9.591,-0.369,
[1758209026452687644],,,,,,,0.0
[1758209026457757436],,,,2.622,9.558,-0.294,
[1758209026457757436],,,,,,,0.0
[1758209026462814102],,,,2.492,9.668,-0.196,
[1758209026462814102],,,,,,,0.0
[1758209026467922904],,,,2.6,9.795,-0.026,
[1758209026467922904],,,,,,,0.0
[1758209026473020717],,,,2.562,9.613,-0.235,
[1758209026473020717],,,,,,,0.0
[1758209026478101706],,,,2.547,9.673,-0.29,
[1758209026478101706],,,,,,,0.0
[1758209026483157852],,,,2.454,9.627,-0.098,
[1758209026483157852],,,,,,,0.0
[1758209026488214883],,,,2.614,9.582,-0.261,
[1758209026488214883],,,,,,,0.0
[1758209026493348217],,,,2.626,9.637,-0.292,
[1758209026493348217],,,,,,,0.0
[1758209026498427123],,,,2.567,9.687,-0.204,
[1758209026498427123],,,,,,,0.0
[1758209026503596185],,,,2.667,9.627,-0.34,
[1758209026503596185],,,,,,,0.0
[1758209026508698842],,,,2.713,9.641,-0.16,
[1758209026508698842],,,,,,,0.0
[1758209026513771706],,,,2.708,9.787,-0.251,
[1758209026513771706],,,,,,,0.0
[1758209026519256498],,,,2.653,9.579,-0.213,
[1758209026519256498],,,,,,,0.0
[1758209026524339363],,,,2.775,9.579,-0.196,
[1758209026524339363],,,,,,,0.0
[1758209026529454831],,,,2.677,9.699,-0.232,
[1758209026529454831],,,,,,,0.0
[1758209026534527540],,,,2.538,9.503,-0.378,
[1758209026534527540],,,,,,,0.0
[1758209026540055144],,,,2.713,9.546,-0.213,
[1758209026540055144],,,,,,,0.0
[1758209026545177644],,,,2.576,9.639,-0.261,
[1758209026545177644],,,,,,,0.0
[1758209026550399519],,,,2.593,9.637,-0.28,
[1758209026550399519],,,,,,,0.0
[1758209026555476238],,,,2.516,9.756,-0.326,
[1758209026555476238],,,,,,,0.0
[1758209026561142383],,,,2.653,9.687,-0.232,
[1758209026561142383],,,,,,,0.0
[1758209026566310196],,,,2.713,9.747,-0.393,
[1758209026566310196],,,,,,,0.0
[1758209026571370196],,,,2.543,9.653,-0.247,
[1758209026571370196],,,,,,,0.0
[1758209026576435821],,,,2.485,9.632,-0.357,
[1758209026576435821],,,,,,,0.0
[1758209026581534363],,,,2.614,9.773,-0.256,
[1758209026581534363],,,,,,,0.0
[1758209026586633165],,,,2.727,9.555,-0.299,
[1758209026586633165],,,,,,,0.0
[1758209026591741550],,,,2.636,9.764,-0.318,
[1758209026591741550],,,,,,,0.0
[1758209026596855769],,,,2.643,9.752,-0.208,
[1758209026596855769],,,,,,,0.0
[1758209026602120665],,,,2.315,9.778,-0.22,
[1758209026602120665],,,,,,,0.0
[1758209026607304675],,,,2.717,9.629,-0.06,
[1758209026607304675],,,,,,,0.0
[1758209026612385196],,,,2.516,9.644,-0.302,
[1758209026612385196],,,,,,,0.0
[1758209026617450769],,,,2.567,9.708,-0.024,
[1758209026617450769],,,,,,,0.0
[1758209026622585821],,,,2.576,9.682,-0.266,
[1758209026622585821],,,,,,,0.0
[1758209026627980040],,,,2.48,9.675,-0.103,
[1758209026627980040],,,,,,,0.0
[1758209026633059206],,,,2.756,9.562,-0.079,
[1758209026633059206],,,,,,,0.0
[1758209026638121342],,,,2.686,9.618,-0.134,
[1758209026638121342],,,,,,,0.0
[1758209026643307071],,,,2.739,9.598,-0.235,
[1758209026643307071],,,,,,,0.0
[1758209026650014154],,,,2.619,9.515,-0.108,
[1758209026650014154],,,,,,,0.0
[1758209026655155196],,,,2.643,9.692,-0.263,
[1758209026655155196],,,,,,,0.0
[1758209026660344727],,,,2.452,9.555,-0.294,
[1758209026660344727],,,,,,,0.0
[1758209026665405717],,,,2.753,9.649,-0.192,
[1758209026665405717],,,,,,,0.0
[1758209026670493685],,,,2.638,9.596,-0.273,
[1758209026670493685],,,,,,,0.0
[1758209026675564675],,,,2.717,9.665,-0.218,
[1758209026675564675],,,,,,,0.0
[1758209026680622279],,,,2.77,9.606,-0.165,
[1758209026680622279],,,,,,,0.0
[1758209026685680508],,,,2.691,9.517,-0.285,
[1758209026685680508],,,,,,,0.0
[1758209026690783633],,,,2.614,9.641,-0.232,
[1758209026690783633],,,,,,,0.0
[1758209026695849154],,,,2.672,9.646,-0.223,
[1758209026695849154],,,,,,,0.0
[1758209026701057331],,,,2.595,9.608,-0.323,
[1758209026701057331],,,,,,,0.0
[1758209026706160665],,,,2.533,9.728,-0.177,
[1758209026706160665],,,,,,,0.0
[1758209026711271290],,,,2.504,9.685,-0.22,
[1758209026711271290],,,,,,,0.0
[1758209026716357644],,,,2.531,9.713,-0.266,
[1758209026716357644],,,,,,,0.0
[1758209026721459675],,,,2.622,9.649,-0.065,
[1758209026721459675],,,,,,,0.0
[1758209026726554467],,,,2.581,9.735,-0.168,
[1758209026726554467],,,,,,,0.0
[1758209026731689154],,,,2.617,9.529,-0.206,
[1758209026731689154],,,,,,,0.0
[1758209026737174154],,,,2.626,9.737,-0.005,
[1758209026737174154],,,,,,,0.0
[1758209026742294727],,,,2.907,9.656,-0.376,
[1758209026742294727],,,,,,,0.0
[1758209026747402852],,,,2.65,9.711,-0.139,
[1758209026747402852],,,,,,,0.0
[1758209026752549050],,,,2.698,9.622,-0.263,
[1758209026752549050],,,,,,,0.0
[1758209026758868894],,,,2.643,9.723,-0.235,
[1758209026758868894],,,,,,,0.0
[1758209026764065665],,,,2.454,9.57,-0.136,
[1758209026764065665],,,,,,,0.0
[1758209026769183529],,,,2.531,9.603,-0.096,
[1758209026769183529],,,,,,,0.0
[1758209026774234467],,,,2.727,9.792,-0.316,
[1758209026774234467],,,,,,,0.0
[1758209026779361967],,,,2.749,9.639,-0.261,
[1758209026779361967],,,,,,,0.0
[1758209026784418112],,,,2.698,9.632,-0.153,
[1758209026784418112],,,,,,,0.0
[1758209026789534883],,,,2.653,9.603,-0.127,
[1758209026789534883],,,,,,,0.0
[1758209026794598581],,,,2.646,9.723,-0.292,
[1758209026794598581],,,,,,,0.0
[1758209026799864623],,,,2.763,9.689,-0.247,
[1758209026799864623],,,,,,,0.0
[1758209026807299206],,,,2.598,9.749,-0.232,
[1758209026807299206],,,,,,,0.0
[1758209026812640665],,,,2.619,9.579,-0.108,
[1758209026812640665],,,,,,,0.0
[1758209026817733894],,,,2.454,9.78,-0.014,
[1758209026817733894],,,,,,,0.0
[1758209026822788842],,,,2.547,9.699,-0.069,
[1758209026822788842],,,,,,,0.0
[1758209026827844467],,,,2.6,9.524,-0.283,
[1758209026827844467],,,,,,,0.0
[1758209026832924779],,,,2.756,9.706,-0.366,
[1758209026832924779],,,,,,,0.0
[1758209026837975821],,,,2.466,9.531,-0.376,
[1758209026837975821],,,,,,,0.0
[1758209026844335352],,,,2.619,9.668,-0.239,
[1758209026844335352],,,,,,,0.0
[1758209026849631133],,,,2.672,9.668,-0.115,
[1758209026849631133],,,,,,,0.0
[1758209026854704623],,,,2.643,9.797,-0.271,
[1758209026854704623],,,,,,,0.0
[1758209026859790248],,,,2.643,9.601,-0.22,
[1758209026859790248],,,,,,,0.0
[1758209026864860560],,,,2.449,9.799,-0.441,
[1758209026864860560],,,,,,,0.0
[1758209026869938060],,,,2.789,9.692,-0.256,
[1758209026869938060],,,,,,,0.0
[1758209026875039571],,,,2.622,9.524,-0.187,
[1758209026875039571],,,,,,,0.0
[1758209026881424779],,,,2.622,9.613,-0.141,
[1758209026881424779],,,,,,,0.0
[1758209026886592227],,,,2.567,9.558,-0.249,
[1758209026886592227],,,,,,,0.0
[1758209026891662123],,,,2.495,9.802,-0.184,
[1758209026891662123],,,,,,,0.0
[1758209026896727696],,,,2.591,9.67,-0.16,
[1758209026896727696],,,,,,,0.0
[1758209026901865977],,,,2.602,9.606,-0.235,
[1758209026901865977],,,,,,,0.0
[1758209026906929831],,,,2.588,9.771,-0.266,
[1758209026906929831],,,,,,,0.0
[1758209026911972852],,,,2.689,9.802,-0.242,
[1758209026911972852],,,,,,,0.0
[1758209026917022383],,,,2.715,9.661,-0.215,
[1758209026917022383],,,,,,,0.0
[1758209026922184987],,,,2.653,9.589,-0.283,
[1758209026922184987],,,,,,,0.0
[1758209026927322331],,,,2.456,9.799,-0.18,
[1758209026927322331],,,,,,,0.0
[1758209026932407383],,,,2.705,9.668,-0.273,
[1758209026932407383],,,,,,,0.0
[1758209026937470352],,,,2.564,9.639,-0.244,
[1758209026937470352],,,,,,,0.0
[1758209026942601185],,,,2.478,9.756,-0.163,
[1758209026942601185],,,,,,,0.0
[1758209026947665977],,,,2.576,9.725,-0.089,
[1758209026947665977],,,,,,,0.0
[1758209026953101550],,,,2.598,9.687,-0.268,
[1758209026953101550],,,,,,,0.0
[1758209026958249675],,,,2.595,9.708,-0.18,
[1758209026958249675],,,,,,,0.0
[1758209026963337800],,,,2.394,9.594,-0.227,
[1758209026963337800],,,,,,,0.0
[1758209026968412175],,,,2.641,9.692,-0.218,
[1758209026968412175],,,,,,,0.0
[1758209026973497071],,,,2.567,9.637,-0.254,
[1758209026973497071],,,,,,,0.0
[1758209026978603373],,,,2.523,9.613,-0.318,
[1758209026978603373],,,,,,,0.0
[1758209026983684154],,,,2.538,9.632,-0.366,
[1758209026983684154],,,,,,,0.0
[1758209026988778946],,,,2.622,9.565,-0.196,
[1758209026988778946],,,,,,,0.0
[1758209026994189310],,,,2.571,9.766,-0.302,
[1758209026994189310],,,,,,,0.0
[1758209026999550873],,,,2.658,9.627,-0.314,
[1758209026999550873],,,,,,,0.0
[1758209027004697175],,,,2.595,9.718,-0.318,
[1758209027004697175],,,,,,,0.0
[1758209027009787956],,,,2.646,9.601,0.11,
[1758209027009787956],,,,,,,0.0
[1758209027014852592],,,,2.564,9.577,-0.299,
[1758209027014852592],,,,,,,0.0
[1758209027019898529],,,,2.638,9.747,-0.084,
[1758209027019898529],,,,,,,0.0
[1758209027024994414],,,,2.646,9.56,-0.208,
[1758209027024994414],,,,,,,0.0
[1758209027030095196],,,,2.696,9.773,-0.225,
[1758209027030095196],,,,,,,0.0
[1758209027035161081],,,,2.662,9.519,-0.251,
[1758209027035161081],,,,,,,0.0
[1758209027040363269],,,,2.588,9.673,-0.098,
[1758209027040363269],,,,,,,0.0
[1758209027045483529],,,,2.507,9.725,-0.266,
[1758209027045483529],,,,,,,0.0
[1758209027050656498],,,,2.698,9.663,-0.304,
[1758209027050656498],,,,,,,0.0
[1758209027055764831],,,,2.617,9.637,-0.417,
[1758209027055764831],,,,,,,0.0
[1758209027062269102],,,,2.614,9.529,-0.433,
[1758209027062269102],,,,,,,0.0
[1758209027067394675],,,,2.897,9.744,-0.194,
[1758209027067394675],,,,,,,0.0
[1758209027072593269],,,,2.634,9.68,-0.314,
[1758209027072593269],,,,,,,0.0
[1758209027077668008],,,,2.717,9.613,-0.098,
[1758209027077668008],,,,,,,0.0
[1758209027082765925],,,,2.61,9.656,-0.292,
[1758209027082765925],,,,,,,0.0
[1758209027087830092],,,,2.696,9.675,-0.132,
[1758209027087830092],,,,,,,0.0
[1758209027092895612],,,,2.658,9.67,-0.266,
[1758209027092895612],,,,,,,0.0
[1758209027097979258],,,,2.485,9.529,-0.271,
[1758209027097979258],,,,,,,0.0
[1758209027104497227],,,,2.732,9.555,-0.311,
[1758209027104497227],,,,,,,0.0
[1758209027109981185],,,,2.461,9.701,-0.201,
[1758209027109981185],,,,,,,0.0
[1758209027115067383],,,,2.502,9.629,-0.223,
[1758209027115067383],,,,,,,0.0
[1758209027120155456],,,,2.591,9.55,-0.127,
[1758209027120155456],,,,,,,0.0
[1758209027125211446],,,,2.579,9.574,-0.45,
[1758209027125211446],,,,,,,0.0
[1758209027130270821],,,,2.895,9.699,-0.17,
[1758209027130270821],,,,,,,0.0
[1758209027135340404],,,,2.634,9.845,-0.215,
[1758209027135340404],,,,,,,0.0
[1758209027140437852],,,,2.741,9.701,-0.225,
[1758209027140437852],,,,,,,0.0
[1758209027145546550],,,,2.571,9.68,0.031,
[1758209027145546550],,,,,,,0.0
[1758209027150779571],,,,2.698,9.72,-0.18,
[1758209027150779571],,,,,,,0.0
[1758209027155849050],,,,2.593,9.627,-0.287,
[1758209027155849050],,,,,,,0.0
[1758209027160984623],,,,2.478,9.68,0.034,
[1758209027160984623],,,,,,,0.0
[1758209027166374102],,,,2.662,9.682,-0.424,
[1758209027166374102],,,,,,,0.0
[1758209027171448841],,,,2.55,9.567,-0.17,
[1758209027171448841],,,,,,,0.0
[1758209027176571706],,,,2.679,9.783,-0.247,
[1758209027176571706],,,,,,,0.0
[1758209027181695716],,,,2.729,9.637,-0.156,
[1758209027181695716],,,,,,,0.0
[1758209027186764206],,,,2.672,9.613,-0.304,
[1758209027186764206],,,,,,,0.0
[1758209027191923164],,,,2.598,9.622,-0.215,
[1758209027191923164],,,,,,,0.0
[1758209027197031341],,,,2.521,9.728,-0.019,
[1758209027197031341],,,,,,,0.0
[1758209027202244206],,,,2.624,9.692,-0.275,
[1758209027202244206],,,,,,,0.0
[1758209027207324831],,,,2.583,9.708,-0.232,
[1758209027207324831],,,,,,,0.0
[1758209027212761498],,,,2.665,9.61,-0.199,
[1758209027212761498],,,,,,,0.0
[1758209027217835300],,,,2.504,9.565,-0.218,
[1758209027217835300],,,,,,,0.0
[1758209027222899883],,,,2.66,9.548,-0.232,
[1758209027222899883],,,,,,,0.0
[1758209027227977331],,,,2.708,9.618,-0.402,
[1758209027227977331],,,,,,,0.0
[1758209027233224362],,,,2.682,9.582,-0.247,
[1758209027233224362],,,,,,,0.0
[1758209027238311914],,,,2.531,9.653,-0.441,
[1758209027238311914],,,,,,,0.0
[1758209027243487487],,,,2.648,9.687,-0.244,
[1758209027243487487],,,,,,,0.0
[1758209027248564779],,,,2.722,9.5,-0.364,
[1758209027248564779],,,,,,,0.0
[1758209027253748321],,,,2.667,9.596,0.067,
[1758209027253748321],,,,,,,0.0
[1758209027258813894],,,,2.495,9.661,-0.127,
[1758209027258813894],,,,,,,0.0
[1758209027263882331],,,,2.667,9.606,-0.381,
[1758209027263882331],,,,,,,0.0
[1758209027269045508],,,,2.641,9.591,-0.251,
[1758209027269045508],,,,,,,0.0
[1758209027274659779],,,,2.749,9.759,-0.409,
[1758209027274659779],,,,,,,0.0
[1758209027279837279],,,,2.454,9.675,-0.316,
[1758209027279837279],,,,,,,0.0
[1758209027284987331],,,,2.569,9.658,-0.29,
[1758209027284987331],,,,,,,0.0
[1758209027290078321],,,,2.502,9.503,-0.235,
[1758209027290078321],,,,,,,0.0
[1758209027295146498],,,,2.737,9.608,-0.103,
[1758209027295146498],,,,,,,0.0
[1758209027300276289],,,,2.636,9.773,-0.136,
[1758209027300276289],,,,,,,0.0
[1758209027305351185],,,,2.682,9.804,-0.177,
[1758209027305351185],,,,,,,0.0
[1758209027310516237],,,,2.607,9.787,-0.098,
[1758209027310516237],,,,,,,0.0
[1758209027315611133],,,,2.588,9.783,-0.239,
[1758209027315611133],,,,,,,0.0
[1758209027321104987],,,,2.629,9.644,-0.184,
[1758209027321104987],,,,,,,0.0
[1758209027326204935],,,,2.504,9.711,-0.302,
[1758209027326204935],,,,,,,0.0
[1758209027331371498],,,,2.61,9.651,-0.302,
[1758209027331371498],,,,,,,0.0
[1758209027336440300],,,,2.626,9.732,-0.163,
[1758209027336440300],,,,,,,0.0
[1758209027341545821],,,,2.672,9.507,-0.163,
[1758209027341545821],,,,,,,0.0
[1758209027346637123],,,,2.643,9.572,-0.251,
[1758209027346637123],,,,,,,0.0
[1758209027351750456],,,,2.765,9.519,-0.192,
[1758209027351750456],,,,,,,0.0
[1758209027356812279],,,,2.535,9.565,-0.218,
[1758209027356812279],,,,,,,0.0
[1758209027361980873],,,,2.746,9.627,-0.287,
[1758209027361980873],,,,,,,0.0
[1758209027367139518],,,,2.516,9.673,-0.141,
[1758209027367139518],,,,,,,0.0
[1758209027372254727],,,,2.586,9.548,-0.158,
[1758209027372254727],,,,,,,0.0
[1758209027377350612],,,,2.624,9.79,-0.158,
[1758209027377350612],,,,,,,0.0
[1758209027382941393],,,,2.507,9.646,-0.153,
[1758209027382941393],,,,,,,0.0
[1758209027388041550],,,,2.471,9.629,-0.259,
[1758209027388041550],,,,,,,0.0
[1758209027393109258],,,,2.643,9.694,-0.263,
[1758209027393109258],,,,,,,0.0
[1758209027398212800],,,,2.624,9.637,-0.081,
[1758209027398212800],,,,,,,0.0
[1758209027403378008],,,,2.631,9.677,-0.242,
[1758209027403378008],,,,,,,0.0
[1758209027408490560],,,,2.749,9.591,-0.441,
[1758209027408490560],,,,,,,0.0
[1758209027413537018],,,,2.581,9.728,-0.436,
[1758209027413537018],,,,,,,0.0
[1758209027418633373],,,,2.557,9.505,-0.28,
[1758209027418633373],,,,,,,0.0
[1758209027423777539],,,,2.574,9.804,-0.263,
[1758209027423777539],,,,,,,0.0
[1758209027430300977],,,,2.631,9.766,-0.271,
[1758209027430300977],,,,,,,0.0
[1758209027435850768],,,,2.557,9.594,-0.318,
[1758209027435850768],,,,,,,0.0
[1758209027440951498],,,,2.306,9.668,-0.314,
[1758209027440951498],,,,,,,0.0
[1758209027446040821],,,,2.586,9.562,-0.23,
[1758209027446040821],,,,,,,0.0
[1758209027451213789],,,,2.624,9.613,-0.294,
[1758209027451213789],,,,,,,0.0
[1758209027456265508],,,,2.713,9.663,-0.172,
[1758209027456265508],,,,,,,0.0
[1758209027461302487],,,,2.72,9.692,-0.223,
[1758209027461302487],,,,,,,0.0
[1758209027466351654],,,,2.631,9.68,-0.204,
[1758209027466351654],,,,,,,0.0
[1758209027471457487],,,,2.689,9.529,-0.237,
[1758209027471457487],,,,,,,0.0
[1758209027476624831],,,,2.581,9.713,-0.038,
[1758209027476624831],,,,,,,0.0
[1758209027481789362],,,,2.576,9.689,-0.259,
[1758209027481789362],,,,,,,0.0
[1758209027486845456],,,,2.708,9.768,-0.357,
[1758209027486845456],,,,,,,0.0
[1758209027493356081],,,,2.646,9.653,-0.335,
[1758209027493356081],,,,,,,0.0
[1758209027498539466],,,,2.614,9.5,-0.426,
[1758209027498539466],,,,,,,0.0
[1758209027503658998],,,,2.672,9.574,-0.302,
[1758209027503658998],,,,,,,0.0
[1758209027508722018],,,,2.526,9.56,-0.235,
[1758209027508722018],,,,,,,0.0
[1758209027513829779],,,,2.636,9.804,-0.194,
[1758209027513829779],,,,,,,0.0
[1758209027518855560],,,,2.83,9.613,0.134,
[1758209027518855560],,,,,,,0.0
[1758209027523897800],,,,2.31,9.625,-0.235,
[1758209027523897800],,,,,,,0.0
[1758209027529020925],,,,2.552,9.579,-0.275,
[1758209027529020925],,,,,,,0.0
[1758209027534167591],,,,2.459,9.677,-0.227,
[1758209027534167591],,,,,,,0.0
[1758209027539465143],,,,2.567,9.524,-0.175,
[1758209027539465143],,,,,,,0.0
[1758209027544916498],,,,2.624,9.754,-0.139,
[1758209027544916498],,,,,,,0.0
[1758209027550088008],,,,2.512,9.687,-0.283,
[1758209027550088008],,,,,,,0.0
[1758209027555141550],,,,2.643,9.591,-0.163,
[1758209027555141550],,,,,,,0.0
[1758209027560225768],,,,2.768,9.606,-0.201,
[1758209027560225768],,,,,,,0.0
[1758209027565341550],,,,2.734,9.692,-0.299,
[1758209027565341550],,,,,,,0.0
[1758209027570433477],,,,2.607,9.689,-0.405,
[1758209027570433477],,,,,,,0.0
[1758209027575475195],,,,2.713,9.685,-0.227,
[1758209027575475195],,,,,,,0.0
[1758209027580587331],,,,2.605,9.795,-0.187,
[1758209027580587331],,,,,,,0.0
[1758209027585637123],,,,2.715,9.572,-0.285,
[1758209027585637123],,,,,,,0.0
[1758209027593148477],,,,2.574,9.725,-0.175,
[1758209027593148477],,,,,,,0.0
[1758209027599637175],,,,2.617,9.591,-0.194,
[1758209027599637175],,,,,,,0.0
[1758209027604846289],,,,2.342,9.522,-0.419,
[1758209027604846289],,,,,,,0.0
[1758209027609927956],,,,2.672,9.615,-0.18,
[1758209027609927956],,,,,,,0.0
[1758209027614987435],,,,2.579,9.73,-0.314,
[1758209027614987435],,,,,,,0.0
[1758209027620067695],,,,2.686,9.692,-0.321,
[1758209027620067695],,,,,,,0.0
[1758209027625127435],,,,2.734,9.584,-0.268,
[1758209027625127435],,,,,,,0.0
[1758209027630193685],,,,2.612,9.653,-0.321,
[1758209027630193685],,,,,,,0.0
[1758209027635253008],,,,2.555,9.728,-0.192,
[1758209027635253008],,,,,,,0.0
[1758209027640373685],,,,2.619,9.68,-0.29,
[1758209027640373685],,,,,,,0.0
[1758209027645579935],,,,2.665,9.737,-0.05,
[1758209027645579935],,,,,,,0.0
[1758209027652192800],,,,2.595,9.663,-0.069,
[1758209027652192800],,,,,,,0.0
[1758209027657409414],,,,2.624,9.732,-0.101,
[1758209027657409414],,,,,,,0.0
[1758209027662497591],,,,2.684,9.625,-0.232,
[1758209027662497591],,,,,,,0.0
[1758209027667554623],,,,2.562,9.586,-0.074,
[1758209027667554623],,,,,,,0.0
[1758209027672643998],,,,2.667,9.692,-0.239,
[1758209027672643998],,,,,,,0.0
[1758209027677760716],,,,2.622,9.778,-0.211,
[1758209027677760716],,,,,,,0.0
[1758209027682848685],,,,2.732,9.708,-0.407,
[1758209027682848685],,,,,,,0.0
[1758209027687917070],,,,2.667,9.661,0.007,
[1758209027687917070],,,,,,,0.0
[1758209027693037539],,,,2.713,9.512,-0.311,
[1758209027693037539],,,,,,,0.0
[1758209027699638477],,,,2.61,9.622,-0.218,
[1758209027699638477],,,,,,,0.0
[1758209027704839258],,,,2.732,9.57,-0.29,
[1758209027704839258],,,,,,,0.0
[1758209027709920873],,,,2.67,9.716,-0.141,
[1758209027709920873],,,,,,,0.0
[1758209027714973477],,,,2.823,9.649,-0.227,
[1758209027714973477],,,,,,,0.0
[1758209027720048998],,,,2.55,9.51,-0.172,
[1758209027720048998],,,,,,,0.0
[1758209027725098789],,,,2.636,9.692,-0.096,
[1758209027725098789],,,,,,,0.0
[1758209027730150820],,,,2.614,9.692,-0.086,
[1758209027730150820],,,,,,,0.0
[1758209027735210456],,,,2.598,9.747,-0.297,
[1758209027735210456],,,,,,,0.0
[1758209027740314570],,,,2.526,9.584,-0.156,
[1758209027740314570],,,,,,,0.0
[1758209027745461393],,,,2.622,9.596,-0.412,
[1758209027745461393],,,,,,,0.0
[1758209027750610925],,,,2.665,9.694,-0.019,
[1758209027750610925],,,,,,,0.0
[1758209027755677800],,,,2.595,9.562,-0.11,
[1758209027755677800],,,,,,,0.0
[1758209027761142175],,,,2.579,9.673,-0.232,
[1758209027761142175],,,,,,,0.0
[1758209027766308789],,,,2.502,9.728,0.031,
[1758209027766308789],,,,,,,0.0
[1758209027771374987],,,,2.464,9.768,-0.292,
[1758209027771374987],,,,,,,0.0
[1758209027776466810],,,,2.574,9.694,-0.292,
[1758209027776466810],,,,,,,0.0
[1758209027781558320],,,,2.765,9.622,-0.268,
[1758209027781558320],,,,,,,0.0
[1758209027786624831],,,,2.72,9.562,-0.199,
[1758209027786624831],,,,,,,0.0
[1758209027791774831],,,,2.655,9.776,-0.29,
[1758209027791774831],,,,,,,0.0
[1758209027796904622],,,,2.476,9.876,-0.419,
[1758209027796904622],,,,,,,0.0
[1758209027802085925],,,,2.622,9.543,-0.129,
[1758209027802085925],,,,,,,0.0
[1758209027807492591],,,,2.626,9.608,-0.299,
[1758209027807492591],,,,,,,0.0
[1758209027812630768],,,,2.725,9.641,-0.306,
[1758209027812630768],,,,,,,0.0
[1758209027817840300],,,,2.777,9.682,-0.235,
[1758209027817840300],,,,,,,0.0
[1758209027822924675],,,,2.643,9.629,-0.28,
[1758209027822924675],,,,,,,0.0
[1758209027827985925],,,,2.55,9.541,-0.206,
[1758209027827985925],,,,,,,0.0
[1758209027833104414],,,,2.665,9.618,-0.172,
[1758209027833104414],,,,,,,0.0
[1758209027838161497],,,,2.576,9.67,-0.089,
[1758209027838161497],,,,,,,0.0
[1758209027843213841],,,,2.717,9.725,-0.244,
[1758209027843213841],,,,,,,0.0
[1758209027848280352],,,,2.598,9.685,-0.263,
[1758209027848280352],,,,,,,0.0
[1758209027853493529],,,,2.693,9.701,-0.371,
[1758209027853493529],,,,,,,0.0
[1758209027858586758],,,,2.686,9.644,-0.101,
[1758209027858586758],,,,,,,0.0
[1758209027863767383],,,,2.502,9.582,-0.285,
[1758209027863767383],,,,,,,0.0
[1758209027869276185],,,,2.586,9.661,-0.266,
[1758209027869276185],,,,,,,0.0
[1758209027874426862],,,,2.701,9.634,-0.239,
[1758209027874426862],,,,,,,0.0
[1758209027879563685],,,,2.571,9.656,-0.259,
[1758209027879563685],,,,,,,0.0
[1758209027884657435],,,,2.574,9.761,-0.026,
[1758209027884657435],,,,,,,0.0
[1758209027889717852],,,,2.602,9.668,-0.297,
[1758209027889717852],,,,,,,0.0
[1758209027894827018],,,,2.693,9.572,-0.208,
[1758209027894827018],,,,,,,0.0
[1758209027900051654],,,,2.725,9.771,-0.211,
[1758209027900051654],,,,,,,0.0
[1758209027905120508],,,,2.602,9.682,-0.249,
[1758209027905120508],,,,,,,0.0
[1758209027910246758],,,,2.708,9.596,-0.089,
[1758209027910246758],,,,,,,0.0
[1758209027915752747],,,,2.509,9.524,-0.218,
[1758209027915752747],,,,,,,0.0
[1758209027920879622],,,,2.725,9.68,-0.457,
[1758209027920879622],,,,,,,0.0
[1758209027925952852],,,,2.873,9.613,-0.369,
[1758209027925952852],,,,,,,0.0
[1758209027931039414],,,,2.636,9.665,-0.192,
[1758209027931039414],,,,,,,0.0
[1758209027936134570],,,,2.861,9.821,-0.259,
[1758209027936134570],,,,,,,0.0
[1758209027941252279],,,,2.638,9.835,-0.117,
[1758209027941252279],,,,,,,0.0
[1758209027946354831],,,,2.713,9.797,-0.342,
[1758209027946354831],,,,,,,0.0
[1758209027951534414],,,,2.483,9.675,-0.213,
[1758209027951534414],,,,,,,0.0
[1758209027956626602],,,,2.583,9.591,-0.18,
[1758209027956626602],,,,,,,0.0
[1758209027961775716],,,,2.701,9.531,-0.239,
[1758209027961775716],,,,,,,0.0
[1758209027966877279],,,,2.713,9.577,-0.144,
[1758209027966877279],,,,,,,0.0
[1758209027972009987],,,,2.787,9.582,-0.101,
[1758209027972009987],,,,,,,0.0
[1758209027977463633],,,,2.737,9.639,-0.014,
[1758209027977463633],,,,,,,0.0
[1758209027982571081],,,,2.591,9.656,-0.22,
[1758209027982571081],,,,,,,0.0
[1758209027987646185],,,,2.614,9.675,-0.005,
[1758209027987646185],,,,,,,0.0
[1758209027992725872],,,,2.722,9.567,-0.208,
[1758209027992725872],,,,,,,0.0
[1758209027997787852],,,,2.749,9.656,-0.194,
[1758209027997787852],,,,,,,0.0
[1758209028002958424],,,,2.684,9.594,-0.318,
[1758209028002958424],,,,,,,0.0
[1758209028008019779],,,,2.655,9.512,-0.292,
[1758209028008019779],,,,,,,0.0
[1758209028013146289],,,,2.471,9.711,-0.18,
[1758209028013146289],,,,,,,0.0
[1758209028018227695],,,,2.895,9.62,-0.34,
[1758209028018227695],,,,,,,0.0
[1758209028024832122],,,,2.646,9.677,-0.342,
[1758209028024832122],,,,,,,0.0
[1758209028030046654],,,,2.586,9.565,-0.417,
[1758209028030046654],,,,,,,0.0
[1758209028035115352],,,,2.617,9.553,-0.038,
[1758209028035115352],,,,,,,0.0
[1758209028040185195],,,,2.538,9.766,-0.299,
[1758209028040185195],,,,,,,0.0
[1758209028045259258],,,,2.667,9.632,-0.139,
[1758209028045259258],,,,,,,0.0
[1758209028050394831],,,,2.646,9.778,-0.134,
[1758209028050394831],,,,,,,0.0
[1758209028055454518],,,,2.526,9.718,-0.189,
[1758209028055454518],,,,,,,0.0
[1758209028060541081],,,,2.531,9.534,-0.153,
[1758209028060541081],,,,,,,0.0
[1758209028065608477],,,,2.72,9.668,-0.093,
[1758209028065608477],,,,,,,0.0
[1758209028070728320],,,,2.562,9.582,-0.278,
[1758209028070728320],,,,,,,0.0
[1758209028075989414],,,,2.686,9.519,-0.297,
[1758209028075989414],,,,,,,0.0
[1758209028081088424],,,,2.703,9.61,-0.256,
[1758209028081088424],,,,,,,0.0
[1758209028086150924],,,,2.622,9.694,-0.39,
[1758209028086150924],,,,,,,0.0
[1758209028091619518],,,,2.622,9.644,-0.148,
[1758209028091619518],,,,,,,0.0
[1758209028096774258],,,,2.523,9.735,-0.275,
[1758209028096774258],,,,,,,0.0
[1758209028101906706],,,,2.416,9.613,-0.192,
[1758209028101906706],,,,,,,0.0
[1758209028106959049],,,,2.636,9.716,-0.235,
[1758209028106959049],,,,,,,0.0
[1758209028112104987],,,,2.488,9.55,-0.206,
[1758209028112104987],,,,,,,0.0
[1758209028117179206],,,,2.77,9.776,-0.393,
[1758209028117179206],,,,,,,0.0
[1758209028122250664],,,,2.686,9.764,-0.304,
[1758209028122250664],,,,,,,0.0
[1758209028127318424],,,,2.466,9.754,-0.093,
[1758209028127318424],,,,,,,0.0
[1758209028133784831],,,,2.622,9.658,-0.201,
[1758209028133784831],,,,,,,0.0
[1758209028139011497],,,,2.612,9.584,-0.144,
[1758209028139011497],,,,,,,0.0
[1758209028144087591],,,,2.516,9.697,-0.196,
[1758209028144087591],,,,,,,0.0
[1758209028149230456],,,,2.547,9.459,-0.213,
[1758209028149230456],,,,,,,0.0
[1758209028154368997],,,,2.61,9.565,-0.23,
[1758209028154368997],,,,,,,0.0
[1758209028159466654],,,,2.365,9.629,-0.196,
[1758209028159466654],,,,,,,0.0
[1758209028164489570],,,,2.488,9.658,-0.249,
[1758209028164489570],,,,,,,0.0
[1758209028169657539],,,,2.591,9.673,-0.177,
[1758209028169657539],,,,,,,0.0
[1758209028174784154],,,,2.641,9.744,-0.208,
[1758209028174784154],,,,,,,0.0
[1758209028179915820],,,,2.655,9.644,-0.01,
[1758209028179915820],,,,,,,0.0
[1758209028185086602],,,,2.72,9.677,-0.06,
[1758209028185086602],,,,,,,0.0
[1758209028190197799],,,,2.612,9.637,-0.124,
[1758209028190197799],,,,,,,0.0
[1758209028195336497],,,,2.899,9.725,-0.18,
[1758209028195336497],,,,,,,0.0
[1758209028200903320],,,,2.598,9.661,-0.287,
[1758209028200903320],,,,,,,0.0
[1758209028205996029],,,,2.598,9.438,-0.29,
[1758209028205996029],,,,,,,0.0
[1758209028211075299],,,,2.658,9.711,-0.196,
[1758209028211075299],,,,,,,0.0
[1758209028216126601],,,,2.739,9.704,-0.302,
[1758209028216126601],,,,,,,0.0
[1758209028221283008],,,,2.741,9.689,-0.215,
[1758209028221283008],,,,,,,0.0
[1758209028226353997],,,,2.574,9.522,-0.268,
[1758209028226353997],,,,,,,0.0
[1758209028231474466],,,,2.636,9.531,-0.208,
[1758209028231474466],,,,,,,0.0
[1758209028236618112],,,,2.648,9.783,-0.263,
[1758209028236618112],,,,,,,0.0
[1758209028242155456],,,,2.591,9.685,-0.378,
[1758209028242155456],,,,,,,0.0
[1758209028247277122],,,,2.751,9.51,-0.457,
[1758209028247277122],,,,,,,0.0
[1758209028252461341],,,,2.734,9.73,-0.081,
[1758209028252461341],,,,,,,0.0
[1758209028257539101],,,,2.629,9.795,-0.024,
[1758209028257539101],,,,,,,0.0
[1758209028262617279],,,,2.617,9.656,-0.12,
[1758209028262617279],,,,,,,0.0
[1758209028267673529],,,,2.703,9.634,-0.132,
[1758209028267673529],,,,,,,0.0
[1758209028272733685],,,,2.641,9.634,-0.187,
[1758209028272733685],,,,,,,0.0
[1758209028277824935],,,,2.708,9.692,-0.285,
[1758209028277824935],,,,,,,0.0
[1758209028282926341],,,,2.66,9.646,-0.271,
[1758209028282926341],,,,,,,0.0
[1758209028288104622],,,,2.679,9.725,-0.05,
[1758209028288104622],,,,,,,0.0
[1758209028293294414],,,,2.564,9.51,-0.259,
[1758209028293294414],,,,,,,0.0
[1758209028298401289],,,,2.66,9.737,-0.275,
[1758209028298401289],,,,,,,0.0
[1758209028305684258],,,,2.595,9.665,-0.204,
[1758209028305684258],,,,,,,0.0
[1758209028310942018],,,,2.722,9.634,-0.417,
[1758209028310942018],,,,,,,0.0
[1758209028316004518],,,,2.674,9.601,-0.251,
[1758209028316004518],,,,,,,0.0
[1758209028321083112],,,,2.732,9.531,-0.366,
[1758209028321083112],,,,,,,0.0
[1758209028326177643],,,,2.569,9.787,-0.204,
[1758209028326177643],,,,,,,0.0
[1758209028331273320],,,,2.749,9.505,-0.294,
[1758209028331273320],,,,,,,0.0
[1758209028336374362],,,,2.713,9.78,-0.227,
[1758209028336374362],,,,,,,0.0
[1758209028341459674],,,,2.887,9.74,-0.285,
[1758209028341459674],,,,,,,0.0
[1758209028346582383],,,,2.538,9.797,-0.163,
[1758209028346582383],,,,,,,0.0
[1758209028352162122],,,,2.602,9.519,-0.235,
[1758209028352162122],,,,,,,0.0
[1758209028357293529],,,,2.672,9.747,-0.292,
[1758209028357293529],,,,,,,0.0
[1758209028362376966],,,,2.662,9.73,-0.124,
[1758209028362376966],,,,,,,0.0
[1758209028367416706],,,,2.646,9.795,-0.163,
[1758209028367416706],,,,,,,0.0
[1758209028372460351],,,,2.473,9.529,-0.211,
[1758209028372460351],,,,,,,0.0
[1758209028377589726],,,,2.638,9.771,-0.144,
[1758209028377589726],,,,,,,0.0
[1758209028382735091],,,,2.698,9.656,-0.299,
[1758209028382735091],,,,,,,0.0
[1758209028387802435],,,,2.682,9.749,-0.302,
[1758209028387802435],,,,,,,0.0
[1758209028392979362],,,,2.648,9.625,-0.019,
[1758209028392979362],,,,,,,0.0
[1758209028398133997],,,,2.509,9.584,-0.213,
[1758209028398133997],,,,,,,0.0
[1758209028403260976],,,,2.569,9.776,-0.213,
[1758209028403260976],,,,,,,0.0
[1758209028408365195],,,,2.559,9.546,-0.292,
[1758209028408365195],,,,,,,0.0
[1758209028413528060],,,,2.739,9.682,-0.199,
[1758209028413528060],,,,,,,0.0
[1758209028419099310],,,,2.547,9.675,-0.038,
[1758209028419099310],,,,,,,0.0
[1758209028424220508],,,,2.777,9.802,-0.002,
[1758209028424220508],,,,,,,0.0
[1758209028429423633],,,,2.708,9.622,-0.376,
[1758209028429423633],,,,,,,0.0
[1758209028434504518],,,,2.708,9.785,-0.01,
[1758209028434504518],,,,,,,0.0
[1758209028439609831],,,,2.598,9.641,-0.177,
[1758209028439609831],,,,,,,0.0
[1758209028444707851],,,,2.617,9.62,-0.227,
[1758209028444707851],,,,,,,0.0
[1758209028449880195],,,,2.617,9.747,-0.192,
[1758209028449880195],,,,,,,0.0
[1758209028454995924],,,,2.612,9.649,-0.117,
[1758209028454995924],,,,,,,0.0
[1758209028462648997],,,,2.466,9.651,-0.201,
[1758209028462648997],,,,,,,0.0
[1758209028468066081],,,,2.567,9.697,-0.385,
[1758209028468066081],,,,,,,0.0
[1758209028473178268],,,,2.559,9.699,-0.433,
[1758209028473178268],,,,,,,0.0
[1758209028478247539],,,,2.61,9.641,-0.23,
[1758209028478247539],,,,,,,0.0
[1758209028483353528],,,,2.713,9.615,-0.223,
[1758209028483353528],,,,,,,0.0
[1758209028488397122],,,,2.765,9.653,-0.395,
[1758209028488397122],,,,,,,0.0
[1758209028493454622],,,,2.562,9.668,-0.271,
[1758209028493454622],,,,,,,0.0
[1758209028498532122],,,,2.591,9.761,-0.007,
[1758209028498532122],,,,,,,0.0
[1758209028503718164],,,,2.641,9.706,-0.316,
[1758209028503718164],,,,,,,0.0
[1758209028508826497],,,,2.614,9.761,-0.192,
[1758209028508826497],,,,,,,0.0
[1758209028514000456],,,,2.713,9.596,-0.366,
[1758209028514000456],,,,,,,0.0
[1758209028519183789],,,,2.686,9.629,-0.254,
[1758209028519183789],,,,,,,0.0
[1758209028524649310],,,,2.674,9.799,-0.098,
[1758209028524649310],,,,,,,0.0
[1758209028529748841],,,,2.55,9.627,-0.211,
[1758209028529748841],,,,,,,0.0
[1758209028534816185],,,,2.715,9.718,-0.441,
[1758209028534816185],,,,,,,0.0
[1758209028539882591],,,,2.725,9.68,-0.213,
[1758209028539882591],,,,,,,0.0
[1758209028544943216],,,,2.598,9.747,-0.196,
[1758209028544943216],,,,,,,0.0
[1758209028550077747],,,,2.641,9.694,-0.294,
[1758209028550077747],,,,,,,0.0
[1758209028555136028],,,,2.574,9.673,-0.239,
[1758209028555136028],,,,,,,0.0
[1758209028560264778],,,,2.5,9.627,-0.223,
[1758209028560264778],,,,,,,0.0
[1758209028565440403],,,,2.638,9.615,-0.287,
[1758209028565440403],,,,,,,0.0
[1758209028570932383],,,,2.595,9.675,-0.144,
[1758209028570932383],,,,,,,0.0
[1758209028576098008],,,,2.605,9.723,-0.134,
[1758209028576098008],,,,,,,0.0
[1758209028581173945],,,,2.648,9.618,-0.275,
[1758209028581173945],,,,,,,0.0
[1758209028586279778],,,,2.626,9.68,-0.081,
[1758209028586279778],,,,,,,0.0
[1758209028591362643],,,,2.588,9.689,-0.254,
[1758209028591362643],,,,,,,0.0
[1758209028596416289],,,,2.552,9.586,-0.168,
[1758209028596416289],,,,,,,0.0
[1758209028601546133],,,,2.557,9.653,-0.192,
[1758209028601546133],,,,,,,0.0
[1758209028606691133],,,,2.569,9.627,-0.297,
[1758209028606691133],,,,,,,0.0
[1758209028611896081],,,,2.478,9.649,-0.304,
[1758209028611896081],,,,,,,0.0
[1758209028616996028],,,,2.696,9.689,-0.175,
[1758209028616996028],,,,,,,0.0
[1758209028622100195],,,,2.72,9.555,-0.237,
[1758209028622100195],,,,,,,0.0
[1758209028627176028],,,,2.72,9.634,-0.366,
[1758209028627176028],,,,,,,0.0
[1758209028632636914],,,,2.65,9.72,-0.165,
[1758209028632636914],,,,,,,0.0
[1758209028637734310],,,,2.617,9.61,-0.441,
[1758209028637734310],,,,,,,0.0
[1758209028642791289],,,,2.504,9.701,-0.127,
[1758209028642791289],,,,,,,0.0
[1758209028647889414],,,,2.452,9.527,-0.297,
[1758209028647889414],,,,,,,0.0
[1758209028653090612],,,,2.72,9.668,-0.156,
[1758209028653090612],,,,,,,0.0
[1758209028658265403],,,,2.655,9.646,-0.237,
[1758209028658265403],,,,,,,0.0
[1758209028663818320],,,,2.66,9.548,-0.146,
[1758209028663818320],,,,,,,0.0
[1758209028668970247],,,,2.516,9.661,-0.223,
[1758209028668970247],,,,,,,0.0
[1758209028674100351],,,,2.356,9.646,-0.175,
[1758209028674100351],,,,,,,0.0
[1758209028680421601],,,,2.624,9.797,-0.441,
[1758209028680421601],,,,,,,0.0
[1758209028685839101],,,,2.593,9.752,-0.194,
[1758209028685839101],,,,,,,0.0
[1758209028690908164],,,,2.646,9.627,-0.16,
[1758209028690908164],,,,,,,0.0
[1758209028695958789],,,,2.624,9.601,-0.158,
[1758209028695958789],,,,,,,0.0
[1758209028701115195],,,,2.636,9.548,-0.096,
[1758209028701115195],,,,,,,0.0
[1758209028706176758],,,,2.602,9.598,-0.194,
[1758209028706176758],,,,,,,0.0
[1758209028711229362],,,,2.67,9.689,-0.189,
[1758209028711229362],,,,,,,0.0
[1758209028716277226],,,,2.598,9.701,-0.182,
[1758209028716277226],,,,,,,0.0
[1758209028721455664],,,,2.751,9.771,-0.256,
[1758209028721455664],,,,,,,0.0
[1758209028726623372],,,,2.701,9.704,-0.024,
[1758209028726623372],,,,,,,0.0
[1758209028731746445],,,,2.464,9.78,-0.237,
[1758209028731746445],,,,,,,0.0
[1758209028736831810],,,,2.674,9.776,-0.211,
[1758209028736831810],,,,,,,0.0
[1758209028743202539],,,,2.588,9.644,-0.242,
[1758209028743202539],,,,,,,0.0
[1758209028748415976],,,,2.591,9.728,-0.268,
[1758209028748415976],,,,,,,0.0
[1758209028753535247],,,,2.61,9.632,-0.376,
[1758209028753535247],,,,,,,0.0
[1758209028758595039],,,,2.504,9.761,-0.156,
[1758209028758595039],,,,,,,0.0
[1758209028763681549],,,,2.495,9.56,-0.256,
[1758209028763681549],,,,,,,0.0
[1758209028768746341],,,,2.727,9.62,-0.165,
[1758209028768746341],,,,,,,0.0
[1758209028773777278],,,,2.488,9.515,-0.29,
[1758209028773777278],,,,,,,0.0
[1758209028778837278],,,,2.725,9.598,-0.172,
[1758209028778837278],,,,,,,0.0
[1758209028784011705],,,,2.693,9.725,-0.366,
[1758209028784011705],,,,,,,0.0
[1758209028789228841],,,,2.581,9.72,-0.098,
[1758209028789228841],,,,,,,0.0
[1758209028795700351],,,,2.686,9.586,-0.431,
[1758209028795700351],,,,,,,0.0
[1758209028800848424],,,,2.564,9.577,-0.213,
[1758209028800848424],,,,,,,0.0
[1758209028805945455],,,,2.763,9.697,-0.201,
[1758209028805945455],,,,,,,0.0
[1758209028811131341],,,,2.737,9.783,-0.225,
[1758209028811131341],,,,,,,0.0
[1758209028816211289],,,,2.746,9.665,-0.306,
[1758209028816211289],,,,,,,0.0
[1758209028821285039],,,,2.571,9.653,-0.306,
[1758209028821285039],,,,,,,0.0
[1758209028826351601],,,,2.686,9.553,-0.263,
[1758209028826351601],,,,,,,0.0
[1758209028831399466],,,,2.478,9.555,-0.304,
[1758209028831399466],,,,,,,0.0
[1758209028836449883],,,,2.662,9.677,-0.283,
[1758209028836449883],,,,,,,0.0
[1758209028841584258],,,,2.6,9.51,-0.369,
[1758209028841584258],,,,,,,0.0
[1758209028846728528],,,,2.5,9.658,-0.287,
[1758209028846728528],,,,,,,0.0
[1758209028852338789],,,,2.552,9.62,-0.227,
[1758209028852338789],,,,,,,0.0
[1758209028857426185],,,,2.672,9.582,-0.457,
[1758209028857426185],,,,,,,0.0
[1758209028862521862],,,,2.672,9.807,-0.194,
[1758209028862521862],,,,,,,0.0
[1758209028867613893],,,,2.725,9.701,-0.247,
[1758209028867613893],,,,,,,0.0
[1758209028872703164],,,,2.787,9.548,-0.405,
[1758209028872703164],,,,,,,0.0
[1758209028877785872],,,,2.662,9.622,-0.057,
[1758209028877785872],,,,,,,0.0
[1758209028882850091],,,,2.571,9.752,-0.227,
[1758209028882850091],,,,,,,0.0
[1758209028887915039],,,,2.703,9.79,-0.366,
[1758209028887915039],,,,,,,0.0
[1758209028893065039],,,,2.66,9.646,-0.237,
[1758209028893065039],,,,,,,0.0
[1758209028898283528],,,,2.574,9.744,-0.225,
[1758209028898283528],,,,,,,0.0
[1758209028903891445],,,,2.725,9.625,-0.235,
[1758209028903891445],,,,,,,0.0
[1758209028909183685],,,,2.631,9.641,-0.139,
[1758209028909183685],,,,,,,0.0
[1758209028914321810],,,,2.473,9.687,-0.148,
[1758209028914321810],,,,,,,0.0
[1758209028919457278],,,,2.737,9.56,-0.263,
[1758209028919457278],,,,,,,0.0
[1758209028924517174],,,,2.641,9.682,-0.122,
[1758209028924517174],,,,,,,0.0
[1758209028929637799],,,,2.531,9.57,-0.417,
[1758209028929637799],,,,,,,0.0
[1758209028934730247],,,,2.696,9.697,-0.18,
[1758209028934730247],,,,,,,0.0
[1758209028939854570],,,,2.708,9.78,-0.201,
[1758209028939854570],,,,,,,0.0
[1758209028945002226],,,,2.588,9.756,-0.024,
[1758209028945002226],,,,,,,0.0
[1758209028950280664],,,,2.564,9.658,-0.115,
[1758209028950280664],,,,,,,0.0
[1758209028955370403],,,,2.646,9.821,-0.177,
[1758209028955370403],,,,,,,0.0
[1758209028961832695],,,,2.658,9.692,-0.359,
[1758209028961832695],,,,,,,0.0
[1758209028967023216],,,,2.461,9.634,-0.225,
[1758209028967023216],,,,,,,0.0
[1758209028972087955],,,,2.574,9.644,-0.002,
[1758209028972087955],,,,,,,0.0
[1758209028977166705],,,,2.66,9.701,-0.309,
[1758209028977166705],,,,,,,0.0
[1758209028982272382],,,,2.851,9.529,-0.23,
[1758209028982272382],,,,,,,0.0
[1758209028987336601],,,,2.468,9.67,-0.175,
[1758209028987336601],,,,,,,0.0
[1758209028992410612],,,,2.732,9.646,-0.086,
[1758209028992410612],,,,,,,0.0
[1758209028997484778],,,,2.696,9.55,-0.115,
[1758209028997484778],,,,,,,0.0
[1758209029002674570],,,,2.662,9.546,-0.287,
[1758209029002674570],,,,,,,0.0
[1758209029007809674],,,,2.689,9.634,-0.136,
[1758209029007809674],,,,,,,0.0
[1758209029013187695],,,,2.459,9.761,-0.323,
[1758209029013187695],,,,,,,0.0
[1758209029018245351],,,,2.569,9.737,-0.122,
[1758209029018245351],,,,,,,0.0
[1758209029023351028],,,,2.619,9.651,-0.204,
[1758209029023351028],,,,,,,0.0
[1758209029028440560],,,,2.485,9.663,-0.089,
[1758209029028440560],,,,,,,0.0
[1758209029033548476],,,,2.684,9.618,-0.304,
[1758209029033548476],,,,,,,0.0
[1758209029038657955],,,,2.54,9.708,-0.283,
[1758209029038657955],,,,,,,0.0
[1758209029043787695],,,,2.653,9.756,-0.225,
[1758209029043787695],,,,,,,0.0
[1758209029048863007],,,,2.734,9.515,-0.199,
[1758209029048863007],,,,,,,0.0
[1758209029054103945],,,,2.744,9.756,-0.299,
[1758209029054103945],,,,,,,0.0
[1758209029059316966],,,,2.756,9.653,-0.067,
[1758209029059316966],,,,,,,0.0
[1758209029064397591],,,,2.478,9.665,-0.163,
[1758209029064397591],,,,,,,0.0
[1758209029071057122],,,,2.631,9.527,-0.306,
[1758209029071057122],,,,,,,0.0
[1758209029076267174],,,,2.612,9.802,-0.172,
[1758209029076267174],,,,,,,0.0
[1758209029081363424],,,,2.5,9.658,-0.273,
[1758209029081363424],,,,,,,0.0
[1758209029086421914],,,,2.574,9.646,-0.175,
[1758209029086421914],,,,,,,0.0
[1758209029091509049],,,,2.648,9.591,-0.232,
[1758209029091509049],,,,,,,0.0
[1758209029096569049],,,,2.689,9.613,-0.081,
[1758209029096569049],,,,,,,0.0
[1758209029101702174],,,,2.658,9.663,-0.201,
[1758209029101702174],,,,,,,0.0
[1758209029106771549],,,,2.6,9.627,-0.18,
[1758209029106771549],,,,,,,0.0
[1758209029111982330],,,,2.6,9.627,-0.199,
[1758209029111982330],,,,,,,0.0
[1758209029117146341],,,,2.602,9.692,-0.421,
[1758209029117146341],,,,,,,0.0
[1758209029123675143],,,,2.626,9.72,-0.141,
[1758209029123675143],,,,,,,0.0
[1758209029128844830],,,,2.643,9.783,-0.441,
[1758209029128844830],,,,,,,0.0
[1758209029133895872],,,,2.567,9.517,-0.208,
[1758209029133895872],,,,,,,0.0
[1758209029138999101],,,,2.593,9.665,-0.096,
[1758209029138999101],,,,,,,0.0
[1758209029144086809],,,,2.638,9.51,-0.192,
[1758209029144086809],,,,,,,0.0
[1758209029149195091],,,,2.478,9.785,-0.187,
[1758209029149195091],,,,,,,0.0
[1758209029154303893],,,,2.631,9.723,-0.158,
[1758209029154303893],,,,,,,0.0
[1758209029159456809],,,,2.624,9.651,-0.213,
[1758209029159456809],,,,,,,0.0
[1758209029164567278],,,,2.526,9.639,-0.266,
[1758209029164567278],,,,,,,0.0
[1758209029169802226],,,,2.708,9.742,-0.373,
[1758209029169802226],,,,,,,0.0
[1758209029176364570],,,,2.571,9.577,-0.232,
[1758209029176364570],,,,,,,0.0
[1758209029181611809],,,,2.523,9.706,-0.373,
[1758209029181611809],,,,,,,0.0
[1758209029186677799],,,,2.686,9.675,-0.306,
[1758209029186677799],,,,,,,0.0
[1758209029191763580],,,,2.665,9.708,-0.223,
[1758209029191763580],,,,,,,0.0
[1758209029196823945],,,,2.612,9.519,-0.041,
[1758209029196823945],,,,,,,0.0
[1758209029201963216],,,,2.66,9.73,-0.206,
[1758209029201963216],,,,,,,0.0
[1758209029207025455],,,,2.557,9.505,-0.211,
[1758209029207025455],,,,,,,0.0
[1758209029212132955],,,,2.574,9.608,-0.156,
[1758209029212132955],,,,,,,0.0
[1758209029217239466],,,,2.844,9.718,-0.426,
[1758209029217239466],,,,,,,0.0
[1758209029222408580],,,,2.49,9.579,-0.335,
[1758209029222408580],,,,,,,0.0
[1758209029230424466],,,,2.622,9.618,-0.17,
[1758209029230424466],,,,,,,0.0
[1758209029235515507],,,,2.574,9.606,-0.182,
[1758209029235515507],,,,,,,0.0
[1758209029240647434],,,,2.636,9.697,-0.271,
[1758209029240647434],,,,,,,0.0
[1758209029245725351],,,,2.65,9.747,-0.285,
[1758209029245725351],,,,,,,0.0
[1758209029250873632],,,,2.67,9.661,-0.122,
[1758209029250873632],,,,,,,0.0
[1758209029256005039],,,,2.693,9.759,-0.172,
[1758209029256005039],,,,,,,0.0
[1758209029261081028],,,,2.636,9.591,-0.4,
[1758209029261081028],,,,,,,0.0
[1758209029266141132],,,,2.732,9.603,-0.235,
[1758209029266141132],,,,,,,0.0
[1758209029271266549],,,,2.741,9.656,-0.158,
[1758209029271266549],,,,,,,0.0
[1758209029276435091],,,,2.61,9.512,-0.29,
[1758209029276435091],,,,,,,0.0
[1758209029283943476],,,,2.658,9.632,-0.16,
[1758209029283943476],,,,,,,0.0
[1758209029289234466],,,,2.622,9.804,-0.206,
[1758209029289234466],,,,,,,0.0
[1758209029294325664],,,,2.65,9.718,-0.46,
[1758209029294325664],,,,,,,0.0
[1758209029299493684],,,,2.677,9.668,-0.314,
[1758209029299493684],,,,,,,0.0
[1758209029304572434],,,,2.629,9.744,-0.211,
[1758209029304572434],,,,,,,0.0
[1758209029309656132],,,,2.691,9.768,-0.089,
[1758209029309656132],,,,,,,0.0
[1758209029314714518],,,,2.737,9.773,-0.304,
[1758209029314714518],,,,,,,0.0
[1758209029319803580],,,,2.602,9.661,-0.218,
[1758209029319803580],,,,,,,0.0
[1758209029324863841],,,,2.543,9.653,-0.163,
[1758209029324863841],,,,,,,0.0
[1758209029330049934],,,,2.66,9.641,-0.278,
[1758209029330049934],,,,,,,0.0
[1758209029335107434],,,,2.636,9.744,-0.127,
[1758209029335107434],,,,,,,0.0
[1758209029340161341],,,,2.734,9.663,-0.261,
[1758209029340161341],,,,,,,0.0
[1758209029345226445],,,,2.729,9.56,-0.211,
[1758209029345226445],,,,,,,0.0
[1758209029350358945],,,,2.519,9.732,-0.227,
[1758209029350358945],,,,,,,0.0
[1758209029355428268],,,,2.638,9.694,-0.196,
[1758209029355428268],,,,,,,0.0
[1758209029360508528],,,,2.732,9.608,-0.225,
[1758209029360508528],,,,,,,0.0
[1758209029365569049],,,,2.909,9.524,-0.163,
[1758209029365569049],,,,,,,0.0
[1758209029370622747],,,,2.492,9.694,-0.132,
[1758209029370622747],,,,,,,0.0
[1758209029375716289],,,,2.655,9.601,-0.199,
[1758209029375716289],,,,,,,0.0
[1758209029380812174],,,,2.655,9.74,-0.18,
[1758209029380812174],,,,,,,0.0
[1758209029385913007],,,,2.703,9.74,-0.278,
[1758209029385913007],,,,,,,0.0
