time_abs_s,time_rel_s,z1_raw,z1_rot_fit,z1_compensated
1758217986.514618,1.797861099243164,-1.053,-6.655576987598824,5.602576987598824
1758217986.5209994,1.8042426109313965,-1.348,-6.723706497851021,5.375706497851021
1758217986.5278904,1.811133623123169,-1.528,-6.795758888833226,5.267758888833226
1758217986.5343666,1.8176097869873047,-2.016,-6.862023771241159,4.846023771241159
1758217986.5409174,1.8241605758666992,-2.136,-6.927608967900255,4.791608967900255
1758217986.5474195,1.830662727355957,-2.559,-6.9912584419483705,4.43225844194837
1758217986.553905,1.8371481895446777,-2.464,-7.05329373518386,4.58929373518386
1758217986.560389,1.8436322212219238,-2.952,-7.113854254904908,4.161854254904908
1758217986.566964,1.8502070903778076,-2.653,-7.173758787690946,4.520758787690946
1758217986.5733366,1.8565797805786133,-3.316,-7.230363753771156,3.9143637537711564
1758217986.579863,1.8631062507629395,-3.23,-7.286835844167524,4.056835844167525
1758217986.5862107,1.8694539070129395,-3.232,-7.3402948064350575,4.108294806435057
1758217986.5929813,1.8762245178222656,-3.443,-7.395710767984587,3.952710767984587
1758217986.5994394,1.8826825618743896,-3.917,-7.447013565328887,3.530013565328887
1758217986.605993,1.8892362117767334,-3.194,-7.497513039265439,4.3035130392654395
1758217986.6124725,1.8957157135009766,-4.305,-7.545883254167221,3.2408832541672217
1758217986.6189356,1.9021787643432617,-3.721,-7.5925776987321925,3.8715776987321924
1758217986.6254163,1.9086594581604004,-5.071,-7.637832777574142,2.5668327775741426
1758217986.6320376,1.915280818939209,-4.772,-7.682440169661294,2.9104401696612934
1758217986.6385143,1.921757459640503,-5.131,-7.724469725736999,2.593469725736999
1758217986.6449852,1.9282283782958984,-5.488,-7.764870509455875,2.2768705094558745
1758217986.65142,1.9346632957458496,-5.107,-7.803460737037502,2.696460737037502
1758217986.6577876,1.941030740737915,-5.069,-7.840082160102024,2.771082160102024
1758217986.663317,1.9465601444244385,-5.629,-7.870615880684836,2.2416158806848365
1758217986.669068,1.9523112773895264,-5.468,-7.901118545172931,2.433118545172931
1758217986.6747215,1.9579646587371826,-6.364,-7.9298504078256435,1.5658504078256437
1758217986.6804712,1.963714361190796,-6.081,-7.957793663035513,1.8767936630355129
1758217986.6861591,1.9694023132324219,-6.249,-7.984164218079867,1.7351642180798672
1758217986.6918974,1.9751405715942383,-6.579,-8.009481228439125,1.4304812284391248
1758217986.6975582,1.9808013439178467,-6.302,-8.033186071729176,1.7311860717291765
1758217986.7032516,1.986494779586792,-6.653,-8.055751357949667,1.4027513579496675
1758217986.708926,1.9921691417694092,-7.034,-8.07696395614628,1.0429639561462798
1758217986.7146223,1.9978654384613037,-6.9,-8.09697287065087,1.1969728706508693
1758217986.7203887,2.003631830215454,-7.831,-8.115912759576528,0.2849127595765273
1758217986.7260475,2.0092906951904297,-6.038,-8.133210040279351,2.095210040279351
1758217986.7320607,2.01530385017395,-8.162,-8.150187500676395,-0.011812499323605508
1758217986.7378423,2.021085500717163,-7.18,-8.165145676959575,0.9851456769595757
1758217986.7435453,2.0267884731292725,-7.523,-8.178586258230808,0.6555862582308087
1758217986.7493026,2.032545804977417,-8.09,-8.1908290342393,0.10082903423930034
1758217986.7550309,2.038274049758911,-5.804,-8.20168589132958,2.39768589132958
1758217986.7615204,2.0447635650634766,-8.119,-8.21238777526186,0.09338777526185993
1758217986.7680283,2.051271438598633,-6.749,-8.221413246639047,1.4724132466390474
1758217986.774396,2.0576391220092773,-7.666,-8.228588249197907,0.5625882491979066
1758217986.7812579,2.0645010471343994,-8.334,-8.234484877630383,-0.0995151223696169
1758217986.7878687,2.0711119174957275,-9.009,-8.238363914940088,-0.7706360850599125
1758217986.7943618,2.0776050090789795,-7.853,-8.240451732462564,0.3874517324625639
1758217986.800906,2.084149122238159,-7.448,-8.240828719251,0.7928287192510002
1758217986.8073595,2.0906026363372803,-8.205,-8.239502257343704,0.03450225734370349
1758217986.8138516,2.097094774246216,-8.365,-8.236466565562644,-0.12853343443735632
1758217986.8203561,2.1035993099212646,-11.03,-8.231714439091594,-2.798285560908406
1758217986.826854,2.1100971698760986,-10.309,-8.225258525495938,-2.0837414745040608
1758217986.8333614,2.1166045665740967,-10.704,-8.217082910375867,-2.486917089624134
1758217986.8398206,2.123063802719116,-9.404,-8.207276924836018,-1.1967230751639821
1758217986.846317,2.1295602321624756,-10.029,-8.195717303952357,-1.8332826960476432
1758217986.852779,2.1360220909118652,-9.081,-8.18253304821777,-0.898466951782229
1758217986.8587663,2.1420094966888428,-9.287,-8.168818170117651,-1.1181818298823494
1758217986.864419,2.1476621627807617,-9.692,-8.15454933855692,-1.5374506614430796
1758217986.8702264,2.1534695625305176,-8.705,-8.138556394069584,-0.5664436059304165
1758217986.8760295,2.1592726707458496,-10.613,-8.121227819664545,-2.4917721803354542
1758217986.8817334,2.1649765968322754,-8.875,-8.102885530262737,-0.7721144697372626
1758217986.8874314,2.1706745624542236,-10.841,-8.083268748036067,-2.757731251963932
1758217986.8931735,2.1764166355133057,-9.802,-8.062195203602618,-1.7398047963973813
1758217986.898981,2.1822242736816406,-9.369,-8.03955199382299,-1.3294480061770102
1758217986.9045384,2.187781572341919,-10.388,-8.016636812695651,-2.3713631873043486
1758217986.9101343,2.1933774948120117,-9.273,-7.992332610008708,-1.280667389991292
1758217986.9158258,2.199069023132324,-10.709,-7.966351139484262,-2.7426488605157378
1758217986.9215472,2.2047903537750244,-9.797,-7.938954974611523,-1.8580450253884777
1758217986.9272873,2.2105305194854736,-10.032,-7.910184650264597,-2.121815349735403
1758217986.9330745,2.216317653656006,-10.518,-7.879881656917643,-2.6381183430823576
1758217986.938793,2.222036123275757,-9.498,-7.848663544945895,-1.6493364550541045
1758217986.944473,2.2277162075042725,-10.652,-7.81640555205579,-2.8355944479442092
1758217986.9500294,2.2332725524902344,-8.703,-7.783650304846555,-0.9193496951534446
1758217986.9555652,2.2388083934783936,-9.167,-7.74984061220069,-1.4171593877993098
1758217986.9619052,2.2451484203338623,-10.795,-7.709684732462278,-3.0853152675377222
1758217986.9683876,2.2516307830810547,-8.722,-7.667051328609667,-1.0549486713903322
1758217986.9753962,2.258639335632324,-9.112,-7.61917443473068,-1.49282556526932
1758217986.9819472,2.265190362930298,-10.034,-7.572757869681864,-2.461242130318137
1758217986.9884603,2.2717034816741943,-9.436,-7.525024649583037,-1.9109753504169626
1758217986.9948163,2.278059482574463,-10.242,-7.476928376680339,-2.7650716233196615
1758217987.001339,2.2845821380615234,-10.412,-7.426025554988453,-2.985974445011548
1758217987.0079582,2.29120135307312,-8.495,-7.372779459312777,-1.1222205406872225
1758217987.0144854,2.2977285385131836,-10.424,-7.318716447251695,-3.105283552748305
1758217987.0210495,2.304292678833008,-8.444,-7.262799180483592,-1.181200819516409
1758217987.0277815,2.3110246658325195,-9.936,-7.203851688177237,-2.7321483118227627
1758217987.0345507,2.317793846130371,-9.838,-7.142957398525706,-2.6950426014742934
1758217987.041545,2.3247880935668945,-10.432,-7.078345197562471,-3.3536548024375294
1758217987.048112,2.331355094909668,-10.36,-7.016126871705427,-3.3438731282945726
1758217987.054638,2.337881088256836,-11.068,-6.9528201740347715,-4.115179825965228
1758217987.0606098,2.343852996826172,-8.155,-6.893609530705382,-1.261390469294617
1758217987.0663683,2.349611520767212,-9.543,-6.835366890146166,-2.707633109853833
1758217987.0721352,2.3553783893585205,-9.752,-6.775920079828211,-2.97607992017179
1758217987.0777404,2.3609836101531982,-10.333,-6.7170747545469,-3.6159252454531003
1758217987.0837564,2.366999626159668,-10.132,-6.652759150960791,-3.4792408490392086
1758217987.0895956,2.3728387355804443,-9.957,-6.589199028157674,-3.3678009718423265
1758217987.0953722,2.378615379333496,-11.147,-6.525228295680565,-4.6217717043194355
1758217987.1012294,2.384472608566284,-9.783,-6.459268282487442,-3.3237317175125574
1758217987.1069705,2.39021372795105,-10.271,-6.393554470204614,-3.877445529795387
1758217987.1127682,2.3960113525390625,-10.269,-6.326138340967701,-3.9428616590322996
1758217987.1186016,2.4018447399139404,-9.227,-6.257246848640712,-2.9697531513592885
1758217987.1243727,2.407615900039673,-9.776,-6.188055527148622,-3.587944472851378
1758217987.1302783,2.4135215282440186,-10.611,-6.116198291258287,-4.494801708741714
1758217987.1360703,2.419313430786133,-9.618,-6.0447011296985655,-3.573298870301435
1758217987.141731,2.424974203109741,-9.934,-5.973854305487923,-3.960145694512076
1758217987.147365,2.4306082725524902,-9.079,-5.902402119035011,-3.17659788096499
1758217987.153089,2.4363322257995605,-9.56,-5.828861433509289,-3.7311385664907117
1758217987.1588378,2.4420809745788574,-8.66,-5.7540515560282754,-2.9059484439717247
1758217987.1645107,2.44775390625,-8.605,-5.679306044499902,-2.9256939555000985
1758217987.170506,2.453749179840088,-9.232,-5.599330653878238,-3.6326693461217614
1758217987.1762738,2.459517002105713,-9.182,-5.521448959392819,-3.6605510406071815
1758217987.1819463,2.4651894569396973,-8.911,-5.443967790033482,-3.4670322099665176
1758217987.1877532,2.470996379852295,-9.048,-5.363751215647872,-3.6842487843521283
1758217987.1934261,2.4766693115234375,-9.222,-5.284520048286727,-3.9374799517132724
1758217987.1992188,2.482461929321289,-8.696,-5.202747493048873,-3.4932525069511264
1758217987.20489,2.488133192062378,-9.4,-5.12184930360515,-4.27815069639485
1758217987.2106972,2.4939403533935547,-8.756,-5.038165860069137,-3.717834139930863
1758217987.2164812,2.4997243881225586,-8.262,-4.953977491671093,-3.308022508328907
1758217987.222247,2.5054900646209717,-8.559,-4.869237354957421,-3.6897626450425784
1758217987.2279036,2.5111467838287354,-7.875,-4.785317126584962,-3.089682873415038
1758217987.233692,2.516935110092163,-7.791,-4.69865683444723,-3.0923431655527702
1758217987.2396448,2.522887945175171,-8.186,-4.608717314227402,-3.577282685772598
1758217987.2453058,2.5285489559173584,-7.35,-4.522432968139863,-2.827567031860137
1758217987.251162,2.53440523147583,-8.775,-4.432413469368272,-4.342586530631729
1758217987.2568617,2.540104866027832,-6.175,-4.344074690851293,-1.8309253091487072
1758217987.26342,2.546663284301758,-7.075,-4.241556332181022,-2.833443667818978
1758217987.2700949,2.553338050842285,-8.018,-4.136285276031561,-3.8817147239684395
1758217987.276638,2.5598812103271484,-7.111,-4.032197081984858,-3.0788029180151417
1758217987.2831237,2.5663669109344482,-6.823,-3.9281720070181665,-2.894827992981834
1758217987.289625,2.5728681087493896,-6.862,-3.823069467110984,-3.038930532889016
1758217987.2959373,2.5791804790496826,-7.084,-3.7202458876613385,-3.363754112338661
1758217987.3026435,2.5858867168426514,-6.728,-3.610193711425415,-3.117806288574585
1758217987.3090878,2.5923309326171875,-6.78,-3.5036742874144067,-3.2763257125855936
1758217987.3155255,2.598768711090088,-6.235,-3.39653218195785,-2.8384678180421505
1758217987.3222284,2.605471611022949,-7.309,-3.28422652172263,-4.02477347827737
1758217987.3287287,2.611971855163574,-5.471,-3.1746071153435333,-2.2963928846564667
1758217987.3352034,2.6184465885162354,-6.361,-3.0647461791074604,-3.2962538208925394
1758217987.3417706,2.625013828277588,-5.578,-2.9526536621670467,-2.6253463378329536
1758217987.348258,2.6315011978149414,-6.345,-2.841292610629178,-3.5037073893708217
1758217987.3547416,2.6379847526550293,-5.306,-2.729392399483706,-2.576607600516294
1758217987.3606513,2.6438944339752197,-5.938,-2.62688937466135,-3.3111106253386495
1758217987.3662527,2.649495840072632,-6.096,-2.5293029304956214,-3.5666970695043787
1758217987.3719273,2.655170440673828,-4.805,-2.4300295971799675,-2.3749704028200322
1758217987.3777492,2.660992383956909,-5.246,-2.3277640773623385,-2.918235922637662
1758217987.3836842,2.6669273376464844,-4.638,-2.223098549990289,-2.414901450009711
1758217987.3893604,2.6726036071777344,-4.63,-2.122619445670421,-2.507380554329579
1758217987.3950634,2.6783065795898438,-4.197,-2.021313874144396,-2.175686125855604
1758217987.40083,2.6840732097625732,-3.991,-1.9185331729208492,-2.072466827079151
1758217987.406516,2.6897592544555664,-4.657,-1.8168658016065327,-2.8401341983934674
1758217987.4122047,2.6954479217529297,-3.721,-1.7148465991893822,-2.006153400810618
1758217987.417881,2.7011241912841797,-3.007,-1.6127616225996009,-1.3942383774003992
1758217987.4234123,2.706655502319336,-3.536,-1.513021970133313,-2.022978029866687
1758217987.4289231,2.7121663093566895,-3.16,-1.413409962024776,-1.7465900379752242
1758217987.434661,2.7179040908813477,-3.278,-1.309454233390185,-1.968545766609815
1758217987.4404688,2.7237119674682617,-2.71,-1.2039948710915616,-1.5060051289084384
1758217987.446134,2.729377269744873,-2.641,-1.1009142428264171,-1.5400857571735829
1758217987.4518347,2.7350778579711914,-2.662,-0.9969984419075224,-1.6650015580924775
1758217987.4575477,2.740790843963623,-2.957,-0.8926786308941308,-2.064321369105869
1758217987.4633448,2.7465879917144775,-2.392,-0.7866567558176822,-1.6053432441823177
1758217987.470248,2.753491163253784,-2.863,-0.660213883608741,-2.202786116391259
1758217987.4767716,2.760014772415161,-1.867,-0.5405550163327366,-1.3264449836672634
1758217987.4833982,2.76664137840271,-2.131,-0.4188653347655773,-1.7121346652344225
1758217987.4901805,2.773423671722412,-1.228,-0.29419569309941346,-0.9338043069005866
1758217987.4966981,2.7799413204193115,-0.867,-0.17430095878286622,-0.6926990412171338
1758217987.5031788,2.78642201423645,-0.553,-0.055023567007590174,-0.4979764329924099
1758217987.5095553,2.7927985191345215,-0.704,0.06237344634818291,-0.7663734463481828
1758217987.5161731,2.7994163036346436,-1.142,0.1842268184546359,-1.3262268184546357
1758217987.5226927,2.805935859680176,-1.453,0.30426083817657423,-1.7572608381765744
1758217987.52908,2.8123230934143066,0.187,0.42182446573106996,-0.23482446573106996
1758217987.535711,2.8189542293548584,-0.436,0.5438165764920908,-0.9798165764920908
1758217987.5423434,2.8255865573883057,0.441,0.6657430420441902,-0.2247430420441902
1758217987.5487506,2.831993818283081,0.565,0.7834244220399509,-0.21842442203995094
1758217987.5554829,2.838726043701172,0.393,0.9069346476171158,-0.5139346476171158
1758217987.5615351,2.844778299331665,-0.328,1.0178258760814027,-1.3458258760814028
1758217987.5673158,2.8505589962005615,0.287,1.1235953003653454,-0.8365953003653455
1758217987.5730882,2.8563313484191895,0.543,1.2290521689012646,-0.6860521689012645
1758217987.5789363,2.8621795177459717,1.061,1.3357138304768712,-0.27471383047687126
1758217987.5847492,2.867992401123047,0.907,1.4415346887920208,-0.5345346887920208
1758217987.5905957,2.8738389015197754,1.135,1.5477516644386011,-0.4127516644386011
1758217987.5964117,2.879654884338379,0.876,1.6531820560431074,-0.7771820560431074
1758217987.602109,2.88535213470459,0.84,1.7562189609378072,-0.9162189609378072
1758217987.6076698,2.8909130096435547,1.305,1.8565437301211125,-0.5515437301211126
1758217987.6134505,2.896693706512451,1.369,1.9605607608188678,-0.5915607608188678
1758217987.619102,2.9023451805114746,2.09,2.061967043663693,0.028032956336306647
1758217987.6248431,2.9080862998962402,1.137,2.164676563618032,-1.0276765636180318
1758217987.6306977,2.913940906524658,1.472,2.2690826186937603,-0.7970826186937603
1758217987.6365561,2.919799327850342,1.693,2.3732021213739167,-0.6802021213739167
1758217987.6424866,2.925729751586914,1.772,2.4782223643118155,-0.7062223643118155
1758217987.6477,2.930943250656128,2.595,2.57021778587377,0.024782214126230162
1758217987.6535172,2.936760425567627,1.245,2.6724865981942063,-1.4274865981942062
1758217987.6590822,2.9423253536224365,3.764,2.7699319294641254,0.9940680705358744
1758217987.6650028,2.9482460021972656,3.366,2.873172066834783,0.4928279331652172
1758217987.6708846,2.954127788543701,2.454,2.97527448062671,-0.52127448062671
1758217987.6764176,2.959660768508911,3.905,3.070888043611477,0.8341119563885226
1758217987.6819034,2.965146541595459,3.191,3.1652563448722777,0.025743655127722143
1758217987.6877465,2.97098970413208,3.864,3.265286761766957,0.5987132382330427
1758217987.6934614,2.9767045974731445,3.433,3.3626210010994786,0.07037899890052124
1758217987.6991305,2.9823737144470215,4.338,3.4586715016981264,0.8793284983018737
1758217987.704878,2.988121271133423,3.395,3.5555231052090943,-0.1605231052090943
1758217987.7103286,2.9935717582702637,4.432,3.6468638193512137,0.7851361806487867
1758217987.7160904,2.999333620071411,3.512,3.7428733072735603,-0.23087330727356026
1758217987.7215867,3.0048298835754395,3.618,3.8339171210937195,-0.21591712109371963
1758217987.727271,3.010514259338379,4.793,3.9275079090198246,0.8654920909801755
1758217987.7329576,3.0162007808685303,4.037,4.020540607459744,0.016459392540255635
1758217987.7386487,3.0218918323516846,3.962,4.113038608956929,-0.15103860895692867
1758217987.7441986,3.0274417400360107,4.891,4.202642152012442,0.6883578479875583
1758217987.7499437,3.033186912536621,4.389,4.294759379756999,0.09424062024300106
1758217987.7557943,3.0390374660491943,5.282,4.387883328355895,0.8941166716441051
1758217987.7612429,3.0444860458374023,4.319,4.473975799040871,-0.1549757990408711
1758217987.7677906,3.0510337352752686,5.459,4.5766094448787795,0.8823905551212201
1758217987.7743833,3.057626485824585,5.885,4.679018346181224,1.2059816538187755
1758217987.7809641,3.0642073154449463,5.571,4.780288939358593,0.7907110606414065
1758217987.7872572,3.070500373840332,4.458,4.876220816759778,-0.41822081675977785
1758217987.7938805,3.0771236419677734,6.311,4.9762047384687005,1.3347952615312995
1758217987.80063,3.0838732719421387,6.074,5.077038814798668,0.9969611852013323
1758217987.8071218,3.090364933013916,5.449,5.172991515913452,0.27600848408654777
1758217987.8137593,3.0970025062561035,6.069,5.27003856267852,0.7989614373214797
1758217987.820278,3.1035211086273193,6.373,5.364280826980519,1.0087191730194816
1758217987.826751,3.1099941730499268,6.472,5.456800836981134,1.0151991630188668
1758217987.833204,3.1164472103118896,5.353,5.547960663284398,-0.1949606632843981
1758217987.839625,3.122868061065674,5.626,5.637583331294555,-0.011583331294554355
1758217987.846109,3.12935209274292,7.446,5.726973906315399,1.719026093684601
1758217987.8525271,3.135770320892334,7.587,5.814337068822796,1.7726629311772033
1758217987.858857,3.1421000957489014,6.337,5.899387621743831,0.43761237825616917
1758217987.8653636,3.148606777191162,7.35,5.985650280441674,1.3643497195583256
1758217987.8721914,3.1554346084594727,9.467,6.074881632442213,3.3921183675577877
1758217987.8787296,3.161972761154175,8.942,6.159071755384056,2.7829282446159445
1758217987.885231,3.1684741973876953,8.346,6.241553656440284,2.104446343559716
1758217987.8918269,3.17507004737854,7.992,6.323957093548323,1.668042906451677
1758217987.8984003,3.181643486022949,9.527,6.4047844736501975,3.1222155263498017
1758217987.904751,3.1879942417144775,8.001,6.481628993146747,1.5193710068532527
1758217987.9114048,3.194648027420044,9.081,6.560811433696346,2.520188566303654
1758217987.9179084,3.2011516094207764,8.004,6.636876359033166,1.3671236409668337
1758217987.9246657,3.207908868789673,9.199,6.714498651886054,2.4845013481139455
1758217987.9310455,3.2142887115478516,8.377,6.786451770067367,1.590548229932634
1758217987.9377053,3.2209484577178955,8.588,6.860164188011239,1.7278358119887605
1758217987.94365,3.226893186569214,8.775,6.924744010182905,1.8502559898170956
1758217987.9503992,3.233642339706421,8.624,6.9966548449913635,1.627345155008637
1758217987.957155,3.2403981685638428,8.993,7.06712239555726,1.9258776044427401
1758217987.962955,3.2461981773376465,8.83,7.126399536019389,1.703600463980611
1758217987.9695644,3.2528076171875,8.076,7.192561527234216,0.8834384727657847
1758217987.9759727,3.259215831756592,8.382,7.255285173898086,1.1267148261019138
1758217987.9826913,3.265934467315674,8.772,7.319527952963363,1.452472047036637
1758217987.9893591,3.2726023197174072,9.558,7.381733926265035,2.176266073734965
1758217987.9958832,3.2791264057159424,9.342,7.441090062136195,1.9009099378638057
1758217988.0022793,3.2855224609375,8.437,7.497820971834391,0.9391790281656087
1758217988.0088477,3.292090892791748,8.183,7.554564033622071,0.6284359663779284
1758217988.0151803,3.2984235286712646,8.262,7.607803965209686,0.6541960347903144
1758217988.0219538,3.30519700050354,9.495,7.663145139376862,1.831854860623137
1758217988.0284069,3.311650037765503,9.663,7.714314193634291,1.9486858063657095
1758217988.0348616,3.3181047439575195,9.414,7.763968980518781,1.6500310194812187
1758217988.041153,3.3243961334228516,8.562,7.810887648998174,0.7511123510018258
1758217988.0476272,3.3308703899383545,9.615,7.8576354172140395,1.7573645827859607
1758217988.0543997,3.3376429080963135,8.337,7.904860753356742,0.4321392466432581
1758217988.0609026,3.3441457748413086,9.555,7.9485834139531635,1.6064165860468362
1758217988.0673845,3.3506276607513428,10.669,7.990574256692872,2.6784257433071286
1758217988.073868,3.3571112155914307,10.245,8.030978571440926,2.2140214285590734
1758217988.0803716,3.363614797592163,9.577,8.06989447748336,1.5071055225166408
1758217988.0869057,3.3701488971710205,10.779,8.10735788152246,2.671642118477539
1758217988.0934002,3.376643419265747,9.558,8.142962650817058,1.415037349182942
1758217988.0998478,3.3830909729003906,9.45,8.176693588574055,1.2733064114259438
1758217988.1064017,3.3896448612213135,10.027,8.209323290294488,1.8176767097055109
1758217988.1129196,3.396162748336792,9.318,8.240109733311519,1.077890266688481
1758217988.1193748,3.402617931365967,9.486,8.268958206731334,1.2170417932686668
1758217988.1258655,3.4091086387634277,10.635,8.296312177397386,2.3386878226026138
1758217988.132122,3.415365219116211,10.08,8.321105075618537,1.7588949243814636
1758217988.1385367,3.4217798709869385,9.512,8.344914856871972,1.1670851431280287
1758217988.1448672,3.428110361099243,10.254,8.366810008974443,1.887189991025556
1758217988.1515458,3.434788942337036,9.486,8.388179052126945,1.0978209478730552
1758217988.1580412,3.441284418106079,10.621,8.407253969329627,2.2137460306703733
1758217988.1648092,3.448052406311035,10.096,8.425332920626017,1.6706670793739828
1758217988.1712077,3.454450845718384,11.073,8.440735413377382,2.632264586622618
1758217988.1779082,3.461151361465454,9.483,8.45510169685525,1.0278983031447506
1758217988.184391,3.4676342010498047,10.238,8.467281297005428,1.7707187029945715
1758217988.1908808,3.474123954772949,10.453,8.477777094931563,1.9752229050684367
1758217988.1973794,3.4806225299835205,11.064,8.486583858056903,2.5774161419430968
1758217988.2038774,3.4871206283569336,9.675,8.49368390657421,1.1813160934257905
1758217988.2107494,3.493992567062378,9.864,8.499334773252853,1.3646652267471477
1758217988.217225,3.5004682540893555,10.094,8.502911058836505,1.5910889411634948
1758217988.223698,3.506941080093384,10.362,8.504789319563228,1.857210680436772
1758217988.2302306,3.5134737491607666,9.776,8.504964895569264,1.2710351044307355
1758217988.2367978,3.520040988922119,9.572,8.503399660497063,1.068600339502936
1758217988.2432623,3.526505470275879,9.881,8.500153669810125,1.3808463301898755
1758217988.2497551,3.5329983234405518,8.38,8.495191141974393,-0.11519114197439251
1758217988.2562058,3.5394489765167236,9.886,8.48857244399101,1.3974275560089886
1758217988.26235,3.54559326171875,9.72,8.480704388297601,1.2392956117023992
1758217988.2681134,3.551356554031372,9.44,8.471938807584385,0.9680611924156146
1758217988.2738767,3.557119846343994,9.407,8.461833584554661,0.945166415445339
1758217988.2796693,3.5629124641418457,9.859,8.450328697123862,1.4086713028761384
1758217988.285465,3.5687081813812256,9.493,8.4374667674233,1.0555332325766997
1758217988.2912722,3.5745153427124023,8.569,8.4232262849925,0.14577371500750047
1758217988.2970548,3.5802979469299316,8.684,8.407702414150597,0.27629758584940234
1758217988.3028166,3.586059808731079,8.564,8.390903169298664,0.1730968307013363
1758217988.3084297,3.591672897338867,9.191,8.373262609329872,0.8177373906701284
1758217988.3142667,3.5975098609924316,8.54,8.353586692293694,0.18641330770630482
1758217988.320053,3.6032962799072266,10.312,8.332744082636149,1.9792559173638509
1758217988.3259175,3.6091606616973877,9.052,8.310265834654672,0.7417341653453278
1758217988.3316746,3.614917755126953,6.792,8.28687573924007,-1.4948757392400704
1758217988.3373113,3.6205544471740723,8.238,8.262708407153607,-0.024708407153607226
1758217988.3430696,3.626312732696533,7.7,8.23672977087908,-0.5367297708790799
1758217988.3485956,3.631838798522949,9.11,8.210576703515745,0.8994232964842546
1758217988.3543203,3.637563467025757,8.128,8.18222564783845,-0.054225647838450186
1758217988.359951,3.6431941986083984,8.6,8.15309518366659,0.4469048163334097
1758217988.3661995,3.649442672729492,7.69,8.119329413333226,-0.4293294133332255
1758217988.37258,3.655823230743408,8.423,8.083293664559537,0.3397063354404626
1758217988.3789444,3.6621875762939453,8.703,8.045789988322399,0.6572100116776003
1758217988.3853061,3.6685492992401123,8.068,8.006752568390125,0.06124743160987478
1758217988.3920214,3.675264596939087,7.432,7.963873559854966,-0.531873559854966
1758217988.3984764,3.6817195415496826,7.693,7.921046939807464,-0.2280469398074647
1758217988.405135,3.688378095626831,7.803,7.875225022964194,-0.07222502296419364
1758217988.4114997,3.6947429180145264,8.035,7.8298723567607995,0.20512764323920063
1758217988.4179802,3.701223373413086,7.882,7.78214636926018,0.0998536307398199
1758217988.42455,3.7077932357788086,7.537,7.732175993867747,-0.1951759938677471
1758217988.4309638,3.7142069339752197,7.98,7.681863015096959,0.2981369849030413
1758217988.4375165,3.720759630203247,7.638,7.628908658028887,0.009091341971112499
1758217988.4438674,3.7271106243133545,7.276,7.576098647664571,-0.30009864766457106
1758217988.450541,3.7337841987609863,7.312,7.519041957320405,-0.20704195732040453
1758217988.4568887,3.7401318550109863,6.469,7.463295216700491,-0.9942952167004906
1758217988.463665,3.746908187866211,6.989,7.402207503456203,-0.41320750345620283
1758217988.4701953,3.7534384727478027,6.929,7.341810160496145,-0.4128101604961447
1758217988.476804,3.760047197341919,6.536,7.279173637935614,-0.7431736379356142
1758217988.4832926,3.766535758972168,6.608,7.216207280480931,-0.6082072804809311
1758217988.4898348,3.773077964782715,6.22,7.15126009995395,-0.93126009995395
1758217988.49632,3.7795631885528564,6.649,7.085444637459925,-0.4364446374599247
1758217988.502651,3.7858941555023193,5.954,7.0198303407011515,-1.0658303407011518
1758217988.508966,3.7922091484069824,6.682,6.953051564484449,-0.27105156448444845
1758217988.5157478,3.7989909648895264,6.017,6.879871731328768,-0.8628717313287675
1758217988.5221546,3.8053977489471436,6.065,6.809359782390743,-0.7443597823907426
1758217988.5287426,3.811985731124878,5.66,6.735471516491352,-1.0754715164913522
1758217988.5351803,3.8184235095977783,6.141,6.661928816262441,-0.5209288162624413
1758217988.5418458,3.8250889778137207,5.272,6.584406244116416,-1.3124062441164162
1758217988.5481834,3.8314266204833984,5.895,6.509410458262145,-0.614410458262145
1758217988.5545254,3.8377685546875,5.009,6.4331238894096705,-1.4241238894096702
1758217988.5613263,3.844569444656372,5.722,6.349955150515152,-0.6279551505151515
1758217988.5678182,3.8510613441467285,4.752,6.269267383398691,-1.517267383398691
1758217988.574324,3.857567071914673,5.037,6.187152922682336,-1.1501529226823362
1758217988.5808554,3.86409854888916,4.671,6.10346675222009,-1.4324667522200896
1758217988.5874338,3.8706769943237305,4.901,6.017933582413263,-1.116933582413263
1758217988.5937152,3.8769583702087402,4.453,5.9351130428220635,-1.4821130428220632
1758217988.6003666,3.8836097717285156,4.503,5.846206993872074,-1.3432069938720739
1758217988.6068876,3.8901307582855225,4.207,5.757857198376267,-1.5508571983762671
1758217988.6134741,3.8967173099517822,4.238,5.667444747808088,-1.4294447478080876
1758217988.6198294,3.9030725955963135,3.74,5.579105769050112,-1.8391057690501116
1758217988.6264987,3.9097418785095215,3.792,5.485258424880403,-1.693258424880403
1758217988.633285,3.9165282249450684,3.941,5.388581960167293,-1.4475819601672928
1758217988.6397278,3.92297101020813,3.627,5.295716113674043,-1.6687161136740434
1758217988.646088,3.929331064224243,3.457,5.203026001880083,-1.7460260018800833
1758217988.652583,3.935826063156128,3.677,5.107345602694195,-1.4303456026941945
1758217988.6592505,3.9424936771392822,3.117,5.008066715232232,-1.891066715232232
1758217988.6657536,3.9489967823028564,2.998,4.910227315769263,-1.9122273157692629
1758217988.6721303,3.955373525619507,3.297,4.813339995674107,-1.5163399956741066
1758217988.678734,3.961977243423462,2.82,4.712034015693432,-1.8920340156934325
1758217988.685513,3.9687561988830566,2.837,4.607035288025569,-1.7700352880255692
1758217988.6920416,3.9752848148345947,2.188,4.504973697762639,-2.316973697762639
1758217988.6984928,3.981735944747925,3.539,4.403237986678778,-0.8642379866787775
1758217988.7049854,3.9882285594940186,1.762,4.299980171796516,-2.5379801717965162
1758217988.7109601,3.9942033290863037,1.935,4.204206904409454,-2.269206904409454
1758217988.7173426,4.0005857944488525,2.102,4.101122264054252,-1.9991222640542525
1758217988.7239137,4.007156848907471,2.047,3.994174996334813,-1.9471749963348128
1758217988.7308233,4.014066457748413,2.035,3.880848150983617,-1.8458481509836169
1758217988.7373233,4.020566463470459,2.018,3.773448786617078,-1.755448786617078
1758217988.743576,4.026819229125977,1.465,3.6694322000727793,-2.2044322000727794
1758217988.7500887,4.033331871032715,0.812,3.560381694039156,-2.748381694039156
1758217988.7565708,4.039813995361328,1.542,3.45114388740745,-1.9091438874074498
1758217988.7629077,4.0461509227752686,0.421,3.343700864382423,-2.9227008643824233
1758217988.7696285,4.0528717041015625,1.872,3.2290685337897185,-1.3570685337897184
1758217988.7762353,4.059478521347046,1.288,3.115720497170326,-1.8277204971703258
1758217988.7826483,4.06589150428772,1.199,3.0050953270459977,-1.8060953270459976
1758217988.7892303,4.072473526000977,-0.271,2.8909602129013177,-3.1619602129013176
1758217988.7958364,4.079079627990723,0.706,2.7758263787173663,-2.0698263787173663
1758217988.8024392,4.085682392120361,0.484,2.6601931872969704,-2.1761931872969704
1758217988.8087585,4.092001676559448,-0.321,2.5490250321871537,-2.870025032187154
1758217988.8153481,4.098591327667236,0.469,2.4326038084131096,-1.9636038084131098
1758217988.8217974,4.105040550231934,-0.151,2.3181956410555022,-2.469195641055502
1758217988.8285353,4.111778497695923,-0.429,2.1981962236610184,-2.6271962236610182
1758217988.8346124,4.117855548858643,0.462,2.0895772298210806,-1.6275772298210807
1758217988.841237,4.124480247497559,-0.318,1.970772173385251,-2.288772173385251
1758217988.8478043,4.131047487258911,-0.211,1.8526123215823285,-2.0636123215823283
1758217988.8541315,4.137374639511108,-0.939,1.7384325053039278,-2.6774325053039276
1758217988.8608146,4.144057750701904,-1.717,1.6174917823060995,-3.3344917823060998
1758217988.8674316,4.150674819946289,-1.262,1.4974300025547473,-2.7594300025547476
1758217988.873759,4.157002210617065,-0.888,1.3823534784170939,-2.270353478417094
1758217988.880537,4.163780212402344,-0.848,1.258813719097395,-2.106813719097395
1758217988.8869388,4.1701819896698,-0.587,1.1419009087996759,-1.7289009087996758
1758217988.893687,4.17693018913269,-0.175,1.0184453233444246,-1.1934453233444247
1758217988.9001703,4.183413505554199,-1.573,0.8996514794839686,-2.4726514794839685
1758217988.9066184,4.189861536026001,-0.584,0.7813493849968296,-1.3653493849968297
1758217988.9131086,4.196351766586304,-1.865,0.6621412702909325,-2.5271412702909326
1758217988.919623,4.202866077423096,-3.79,0.5423823207227304,-4.33238232072273
1758217988.9260778,4.209321022033691,-2.363,0.42363163355561273,-2.7866316335556127
1758217988.9325633,4.215806484222412,-2.969,0.3042603966298234,-3.2732603966298233
1758217988.939039,4.22228217124939,-2.761,0.18503412944371408,-2.946034129443714
1758217988.9454837,4.228726863861084,-2.095,0.06636781609684125,-2.1613678160968415
1758217988.9520266,4.235269784927368,-3.215,-0.054093550023648185,-3.1609064499763515
1758217988.958546,4.241789102554321,-2.011,-0.17408204472864947,-1.8369179552713506
1758217988.9647603,4.2480034828186035,-2.176,-0.2883999179493087,-1.8876000820506915
1758217988.9704971,4.253740310668945,-19.472,-0.39386365309533233,-19.078136346904667
1758217988.9761658,4.259408950805664,-3.22,-0.4979916895968932,-2.722008310403107
1758217988.9819145,4.265157699584961,-2.418,-0.6034911738019043,-1.8145088261980957
1758217988.9878333,4.271076440811157,-2.447,-0.7119873099330398,-1.7350126900669602
1758217988.9935021,4.276745319366455,-2.313,-0.8157693963354795,-1.4972306036645207
1758217988.9992774,4.282520532608032,-4.061,-0.9213466030959114,-3.1396533969040883
1758217989.005007,4.288250207901001,-3.158,-1.0259234570245626,-2.1320765429754376
1758217989.0107796,4.294022798538208,-3.917,-1.1310976284383878,-2.785902371561612
1758217989.0164232,4.299666404724121,-3.8,-1.2337250860839173,-2.5662749139160823
1758217989.0221882,4.305431365966797,-4.128,-1.3383420240880848,-2.7896579759119153
1758217989.0278249,4.311068058013916,-3.227,-1.4404028696253048,-1.786597130374695
1758217989.0336049,4.316848039627075,-4.039,-1.544807141797989,-2.4941928582020108
1758217989.0393128,4.322556018829346,-3.282,-1.6476450116256611,-1.634354988374339
1758217989.0457041,4.328947305679321,-4.171,-1.7624601489412584,-2.408539851058742
1758217989.0514174,4.334660530090332,-4.199,-1.864778223440981,-2.3342217765590187
1758217989.057157,4.340400218963623,-4.889,-1.9672528176832427,-2.9217471823167576
1758217989.0629468,4.346189975738525,-4.515,-2.070282404870333,-2.4447175951296667
1758217989.0694184,4.352661609649658,-4.144,-2.185022745740114,-1.958977254259886
1758217989.0753636,4.358606815338135,-4.458,-2.2900166034205443,-2.167983396579456
1758217989.0820208,4.365263938903809,-3.551,-2.4070909141469676,-1.1439090858530325
1758217989.088668,4.371911287307739,-3.809,-2.523450327915538,-1.2855496720844624
1758217989.0953376,4.378580808639526,-4.709,-2.639627534611204,-2.0693724653887955
1758217989.1016798,4.384922981262207,-4.484,-2.7495499211188044,-1.7344500788811956
1758217989.1081538,4.391396999359131,-5.471,-2.861179157819875,-2.6098208421801252
1758217989.114671,4.397914171218872,-5.064,-2.9729396357813545,-2.0910603642186456
1758217989.1212134,4.404456615447998,-5.253,-3.0844919707634424,-2.1685080292365577
1758217989.1275527,4.4107959270477295,-5.042,-3.1919458643745253,-1.8500541356254745
1758217989.1337967,4.41703987121582,-5.399,-3.2971518364839487,-2.1018481635160513
1758217989.1404574,4.423700571060181,-5.461,-3.408666628867559,-2.052333371132441
1758217989.146733,4.429976224899292,-5.234,-3.5130402556984417,-1.7209597443015583
1758217989.1532974,4.436540603637695,-4.891,-3.6214725854304883,-1.2695274145695117
1758217989.1598136,4.44305682182312,-5.933,-3.7283358214874838,-2.204664178512516
1758217989.1658423,4.449085474014282,-5.844,-3.826497703119742,-2.0175022968802585
1758217989.1715891,4.454832315444946,-6.63,-3.919423480607737,-2.710576519392263
1758217989.1773427,4.460585832595825,-6.057,-4.011808976526379,-2.0451910234736213
1758217989.1830175,4.466260671615601,-5.849,-4.102281344010419,-1.7467186559895813
1758217989.1889946,4.472237825393677,-6.0,-4.196860070789127,-1.8031399292108734
1758217989.1946516,4.4778947830200195,-5.753,-4.285683576735652,-1.4673164232643483
1758217989.2005985,4.48384165763855,-6.448,-4.378321854221831,-2.0696781457781697
1758217989.2058353,4.489078521728516,-5.969,-4.459261605157663,-1.509738394842337
1758217989.2114816,4.494724750518799,-6.85,-4.545845887094955,-2.304154112905045
1758217989.2172153,4.500458478927612,-6.5,-4.633033832785794,-1.8669661672142057
1758217989.2229152,4.506158351898193,-7.111,-4.718956091838973,-2.3920439081610265
1758217989.2285957,4.511838912963867,-6.792,-4.803828940442245,-1.9881710595577546
1758217989.2344184,4.5176615715026855,-6.692,-4.89002533243122,-1.8019746675687802
1758217989.2401865,4.52342963218689,-7.099,-4.97460164958683,-2.12439835041317
1758217989.2456772,4.528920412063599,-6.491,-5.054349077585902,-1.4366509224140973
1758217989.2513957,4.53463888168335,-6.871,-5.136599401920667,-1.7344005980793336
1758217989.2569213,4.540164470672607,-6.989,-5.215284082540098,-1.773715917459902
1758217989.2624338,4.545676946640015,-7.302,-5.292995283184858,-2.0090047168151415
1758217989.2684615,4.55170464515686,-7.18,-5.377056844816632,-1.8029431551833675
1758217989.275292,4.558535099029541,-7.338,-5.471142786059722,-1.8668572139402784
1758217989.281819,4.5650622844696045,-7.257,-5.559870373193796,-1.6971296268062037
1758217989.2882538,4.571496963500977,-7.432,-5.6461926237165425,-1.7858073762834579
1758217989.294735,4.577978134155273,-7.324,-5.7319689323001075,-1.5920310676998923
1758217989.3011198,4.584362983703613,-7.585,-5.815305740780248,-1.7696942592197518
1758217989.3074522,4.590695381164551,-7.525,-5.896799869866919,-1.6282001301330817
1758217989.3140345,4.597277641296387,-7.755,-5.980270123930257,-1.7747298760697428
1758217989.3205242,4.603767395019531,-8.059,-6.06131354462834,-1.9976864553716593
1758217989.327123,4.610366106033325,-8.126,-6.14242410904945,-1.9835758909505499
1758217989.3336353,4.616878509521484,-7.819,-6.221178415639834,-1.5978215843601662
1758217989.340157,4.6234002113342285,-7.997,-6.298739293045564,-1.6982607069544358
1758217989.347207,4.630450248718262,-7.91,-6.381095218367808,-1.5289047816321926
1758217989.353687,4.636930227279663,-7.973,-6.455411615716483,-1.517588384283517
1758217989.3601933,4.643436431884766,-7.925,-6.528682942290893,-1.3963170577091066
1758217989.366378,4.649621248245239,-8.236,-6.597070921825278,-1.6389290781747228
1758217989.3720822,4.655325412750244,-8.581,-6.659040966588642,-1.9219590334113574
1758217989.377746,4.660989284515381,-8.559,-6.7195159845762085,-1.8394840154237908
1758217989.3834891,4.666732311248779,-8.535,-6.779750792193369,-1.7552492078066315
1758217989.3893433,4.672586441040039,-8.365,-6.840016156439578,-1.5249838435604222
1758217989.3952544,4.678497552871704,-8.375,-6.8996956394147535,-1.4753043605852465
1758217989.400998,4.68424129486084,-8.375,-6.956547196613379,-1.4184528033866206
1758217989.406808,4.690051078796387,-8.416,-7.0129018718330975,-1.4030981281669028
1758217989.4127002,4.695943355560303,-8.571,-7.068865416845524,-1.5021345831544757
1758217989.4184623,4.701705455780029,-8.669,-7.12242335435315,-1.5465766456468506
1758217989.4242492,4.707492351531982,-8.662,-7.175039396361464,-1.4869606036385372
1758217989.4300272,4.713270425796509,-8.885,-7.226394547336475,-1.658605452663525
1758217989.4360294,4.719272613525391,-8.521,-7.278483397302581,-1.2425166026974201
1758217989.4416714,4.72491455078125,-8.712,-7.326268852671986,-1.3857311473280136
1758217989.4475718,4.7308149337768555,-8.667,-7.375014921248688,-1.2919850787513116
1758217989.4532516,4.736494779586792,-8.782,-7.420745163290296,-1.361254836709704
1758217989.4590356,4.742278814315796,-8.423,-7.466103249324143,-0.956896750675857
1758217989.4648361,4.748079299926758,-8.923,-7.51035577200786,-1.41264422799214
1758217989.4719076,4.75515079498291,-9.086,-7.562622174342668,-1.5233778256573327
1758217989.477878,4.7611212730407715,-8.715,-7.605302524574665,-1.1096974754253353
1758217989.4845724,4.767815589904785,-8.959,-7.651570733524612,-1.3074292664753875
1758217989.4913838,4.774626970291138,-9.067,-7.696916587139945,-1.3700834128600548
1758217989.4978764,4.7811195850372314,-8.878,-7.738505260234952,-1.1394947397650483
1758217989.5041964,4.787439584732056,-8.969,-7.777447244656379,-1.1915527553436203
1758217989.5108342,4.794077396392822,-9.21,-7.816702356755374,-1.393297643244627
1758217989.5173306,4.800573825836182,-9.139,-7.8534814252733085,-1.2855185747266908
1758217989.5238476,4.807090759277344,-9.335,-7.888739005389203,-1.4462609946107978
1758217989.5301807,4.8134238719940186,-9.44,-7.921423812268516,-1.5185761877314832
1758217989.5366766,4.81991982460022,-9.84,-7.953326105175936,-1.8866738948240638
1758217989.5433397,4.826582908630371,-8.569,-7.984334944518173,-0.5846650554818282
1758217989.549796,4.833039283752441,-9.28,-8.012719487517995,-1.2672805124820048
1758217989.5565646,4.839807748794556,-9.096,-8.04071312343462,-1.055286876565381
1758217989.5630915,4.84633469581604,-9.129,-8.065993023404927,-1.063006976595073
1758217989.569573,4.852816104888916,-9.041,-8.089425225361964,-0.9515747746380363
1758217989.576043,4.859286069869995,-10.233,-8.11115023358365,-2.12184976641635
1758217989.5825393,4.8657824993133545,-9.148,-8.131285097784373,-1.016714902215627
1758217989.5890539,4.872297048568726,-9.22,-8.149782518324656,-1.0702174816753445
1758217989.5956657,4.87890887260437,-10.013,-8.166818107667504,-1.8461818923324955
1758217989.602235,4.885478258132935,-9.199,-8.182006719907282,-1.0169932800927182
1758217989.6087818,4.892024993896484,-8.693,-8.19541671646333,-0.49758328353667025
1758217989.6150692,4.898312330245972,-9.299,-8.206670584399783,-1.0923294156002168
1758217989.6215014,4.904744625091553,-9.426,-8.21653421524239,-1.2094657847576098
1758217989.6279972,4.911240339279175,-9.419,-8.224799845191537,-1.1942001548084633
1758217989.6343596,4.917602777481079,-9.366,-8.231242768566723,-1.1347572314332766
1758217989.6409569,4.924200057983398,-7.07,-8.236194474749801,1.1661944747498012
1758217989.6477475,4.930990695953369,-7.994,-8.239451720078241,0.24545172007824156
1758217989.6542876,4.937530755996704,-9.974,-8.240823964263184,-1.7331760357368164
1758217989.6608005,4.9440436363220215,-9.112,-8.240469362214158,-0.8715306377858418
1758217989.6669507,4.950193881988525,-9.996,-8.238557792842565,-1.7574422071574354
1758217989.6727593,4.956002473831177,-9.857,-8.235346425427709,-1.6216535745722904
1758217989.678544,4.961787223815918,-8.677,-8.230791343519092,-0.44620865648090735
1758217989.6842802,4.9675233364105225,-9.651,-8.224938210768606,-1.4260617892313938
1758217989.6900856,4.9733288288116455,-9.17,-8.217660289893745,-0.952339710106255
1758217989.695754,4.978997230529785,-9.318,-8.209241096023709,-1.108758903976291
1758217989.7016191,4.984862327575684,-9.278,-8.19916540029494,-1.0788345997050612
1758217989.7073715,4.990614652633667,-9.428,-8.187937180027381,-1.2400628199726196
1758217989.713033,4.996276140213013,-9.22,-8.175586249391166,-1.0444137506088342
1758217989.7188177,5.002060890197754,-9.424,-8.161636318067433,-1.262363681932566
1758217989.7244973,5.007740497589111,-8.48,-8.146634118946455,-0.33336588105354537
1758217989.7303207,5.013563871383667,-9.084,-8.129911255089718,-0.9540887449102815
1758217989.7359886,5.019231796264648,-9.546,-8.11233358106188,-1.4336664189381185
1758217989.7417214,5.0249645709991455,-8.44,-8.093251883049305,-0.3467481169506943
1758217989.747478,5.030721187591553,-9.024,-8.072775367113724,-0.9512246328862748
1758217989.753196,5.0364391803741455,-9.608,-8.051134521809098,-1.5568654781909022
1758217989.7589564,5.042199611663818,-8.253,-8.028024723139565,-0.2249752768604356
1758217989.7647479,5.047991037368774,-8.803,-8.003470525856786,-0.7995294741432151
1758217989.77134,5.0545830726623535,-8.332,-7.973916309538964,-0.3580836904610365
1758217989.777645,5.060888290405273,-7.937,-7.944053993250359,0.007053993250358381
1758217989.7844179,5.0676610469818115,-8.741,-7.910247822797821,-0.8307521772021786
1758217989.7909398,5.074182987213135,-8.871,-7.876007360330496,-0.9949926396695048
1758217989.7974033,5.080646514892578,-9.273,-7.840448311867491,-1.4325516881325084
1758217989.8039255,5.0871686935424805,-8.487,-7.8029338895052485,-0.6840661104947516
1758217989.810413,5.093656063079834,-9.184,-7.764000328628723,-1.4199996713712766
1758217989.817003,5.10024619102478,-10.029,-7.722804644401868,-2.306195355598132
1758217989.82332,5.106563091278076,-8.234,-7.681768258498785,-0.552231741501215
1758217989.830125,5.113368272781372,-9.424,-7.635872889472721,-1.7881271105272782
1758217989.836629,5.119872093200684,-8.408,-7.590383961466204,-0.8176160385337958
1758217989.8431232,5.126366376876831,-8.712,-7.543385474306967,-1.168614525693033
1758217989.8495946,5.132837772369385,-8.691,-7.49499536772521,-1.196004632274791
1758217989.8559725,5.139215707778931,-8.255,-7.445792668678831,-0.8092073313211694
1758217989.8626578,5.1459009647369385,-8.143,-7.392619101069149,-0.7503808989308514
1758217989.8685815,5.151824712753296,-8.485,-7.344143072937761,-1.1408569270622388
1758217989.8743737,5.157616853713989,-8.49,-7.2955172153782195,-1.1944827846217807
1758217989.8802319,5.163475036621094,-8.064,-7.245111182921439,-0.8188888170785606
1758217989.886009,5.169252157211304,-8.262,-7.194203541892714,-1.0677964581072867
1758217989.8918266,5.175069808959961,-8.018,-7.141743798089018,-0.8762562019109827
1758217989.897663,5.180906295776367,-7.975,-7.087917878624348,-0.8870821213756512
1758217989.903255,5.186498165130615,-7.927,-7.035232101875311,-0.891767898124689
1758217989.9089684,5.192211627960205,-7.798,-6.980281309927556,-0.8177186900724438
1758217989.914027,5.197270154953003,-7.989,-6.930692141687367,-1.0583078583126326
1758217989.9198074,5.20305061340332,-8.289,-6.87295616820084,-1.4160438317991595
1758217989.925501,5.208744287490845,-8.162,-6.814980378431431,-1.3470196215685695
1758217989.9312336,5.214476823806763,-7.75,-6.755508594195719,-0.9944914058042809
1758217989.9369204,5.220163583755493,-7.645,-6.695430172493588,-0.9495698275064113
1758217989.942437,5.225680112838745,-7.207,-6.636129765739996,-0.5708702342600036
1758217989.9481585,5.231401681900024,-7.02,-6.573573069700497,-0.446426930299503
1758217989.9538672,5.237110376358032,-7.597,-6.51009910614168,-1.0869008938583207
1758217989.9594026,5.242645740509033,-6.608,-6.447552638746764,-0.16044736125323578
1758217989.9652495,5.24849271774292,-8.021,-6.380426481004642,-1.6405735189953585
1758217989.9718127,5.255055904388428,-6.007,-6.303795804500481,0.2967958045004817
1758217989.9786212,5.261864423751831,-6.376,-6.222884082231524,-0.153115917768476
1758217989.985064,5.268307209014893,-7.657,-6.145006490527367,-1.5119935094726333
1758217989.9913633,5.274606466293335,-6.203,-6.0676454106545785,-0.13535458934542177
1758217989.99796,5.281203269958496,-5.71,-5.985355089008676,0.2753550890086762
1758217990.0046065,5.28784966468811,-7.35,-5.901144207811198,-1.4488557921888017
1758217990.0112498,5.294492959976196,-8.155,-5.815684618838515,-2.3393153811614846
1758217990.0176902,5.300933361053467,-6.254,-5.731623016749195,-0.5223769832508047
1758217990.0244386,5.3076817989349365,-6.907,-5.642279189133565,-1.264720810866435
1758217990.03087,5.314113140106201,-6.567,-5.555949661278743,-1.0110503387212573
1758217990.0373511,5.320594310760498,-6.27,-5.467800276040392,-0.8021997239596077
1758217990.0439231,5.327166318893433,-5.322,-5.377253919580399,0.055253919580398936
1758217990.050403,5.333646297454834,-6.393,-5.286848717894357,-1.1061512821056425
1758217990.0567815,5.340024709701538,-5.519,-5.196785756217215,-0.32221424378278485
1758217990.063434,5.34667706489563,-5.413,-5.101738034256374,-0.3112619657436264
1758217990.0703228,5.35356593132019,-4.896,-5.002130786993358,0.10613078699335787
1758217990.0767472,5.359990358352661,-5.195,-4.908176652846188,-0.2868233471538124
1758217990.0834413,5.366684436798096,-5.052,-4.809209021190436,-0.24279097880956346
1758217990.089964,5.373207092285156,-5.37,-4.711745562495082,-0.658254437504918
1758217990.095924,5.379167079925537,-4.92,-4.621817779916052,-0.2981822200839481
1758217990.102658,5.385901212692261,-4.784,-4.519227410051086,-0.2647725899489135
1758217990.1094146,5.39265775680542,-5.497,-4.415270478374027,-1.0817295216259728
1758217990.1158352,5.399078369140625,-4.319,-4.315551588954187,-0.00344841104581306
1758217990.1224608,5.405704021453857,-5.253,-4.21171881780134,-1.0412811821986603
1758217990.1289353,5.4121785163879395,-3.565,-4.109363855046198,0.5443638550461984
1758217990.135305,5.418548107147217,-4.884,-4.007828154419104,-0.8761718455808962
1758217990.142204,5.425447225570679,-4.168,-3.8969356650507025,-0.2710643349492976
1758217990.148722,5.431965112686157,-4.525,-3.791318471375234,-0.7336815286247664
1758217990.1552567,5.438499927520752,-4.927,-3.6846177943756784,-1.2423822056243212
1758217990.1618817,5.445124864578247,-3.12,-3.5756411062455653,0.4556411062455652
1758217990.1681345,5.451377630233765,-3.644,-3.4720641379740047,-0.17193586202599542
1758217990.1740081,5.457251310348511,-3.761,-3.3741456167089003,-0.3868543832910998
1758217990.1798344,5.463077545166016,-2.449,-3.2764400723085783,0.8274400723085784
1758217990.1856558,5.4688990116119385,-3.63,-3.1782556311560906,-0.45174436884390934
1758217990.1914923,5.474735498428345,-3.259,-3.0792732325750305,-0.1797267674249694
1758217990.1972454,5.480488538742065,-3.529,-2.981188204368099,-0.5478117956319011
1758217990.2030787,5.486321926116943,-3.34,-2.881224590445072,-0.4587754095549279
1758217990.208722,5.491965293884277,-3.031,-2.7840451547056424,-0.24695484529435774
1758217990.2144399,5.497683048248291,-2.878,-2.685126786877459,-0.19287321312254102
1758217990.2203848,5.5036280155181885,-2.263,-2.5818054929722445,0.3188054929722446
1758217990.2261298,5.50937294960022,-2.121,-2.4815198041353885,0.36051980413538853
1758217990.2318776,5.5151207447052,-2.315,-2.3807667029879287,0.06576670298792875
1758217990.237636,5.52087926864624,-2.231,-2.279422942744837,0.04842294274483727
1758217990.243435,5.526678085327148,-1.8,-2.17697931742893,0.37697931742893
1758217990.249145,5.532388210296631,-2.219,-2.075735535690828,-0.14326446430917184
1758217990.2549868,5.538229942321777,-1.724,-1.9717981489917147,0.2477981489917147
1758217990.2607892,5.544032335281372,-1.776,-1.868216938030614,0.09221693803061393
1758217990.2664056,5.549648761749268,-1.602,-1.767645130196839,0.1656451301968389
1758217990.272509,5.555752277374268,-1.274,-1.6580230589581062,0.3840230589581062
1758217990.2782745,5.561517715454102,-1.528,-1.5541764854972238,0.026176485497223734
1758217990.2840466,5.56728982925415,-1.298,-1.4499381334696142,0.15193813346961416
1758217990.2898126,5.573055744171143,-1.211,-1.3455572269040066,0.1345572269040065
1758217990.2953393,5.578582525253296,-1.001,-1.245282165103257,0.24428216510325718
1758217990.3009493,5.584192514419556,-1.008,-1.1432894118106365,0.13528941181063647
1758217990.306675,5.58991813659668,-0.306,-1.0389943382741889,0.7329943382741888
1758217990.3124993,5.595742464065552,-0.318,-0.9327109032517436,0.6147109032517435
1758217990.3181894,5.60143256187439,-0.328,-0.8287080947940278,0.5007080947940279
1758217990.3239117,5.607154846191406,-0.031,-0.7239652966383029,0.6929652966383029
1758217990.3296692,5.61291241645813,-0.268,-0.6184398277840448,0.3504398277840448
1758217990.335396,5.618639230728149,-0.069,-0.5133586696158416,0.44435866961584164
1758217990.3412657,5.624508857727051,0.965,-0.40555095408051556,1.3705509540805156
1758217990.3467302,5.629973411560059,-0.01,-0.30510234426753496,0.29510234426753496
1758217990.352227,5.635470151901245,0.28,-0.20399841963011156,0.4839984196301116
1758217990.357899,5.641142129898071,0.357,-0.09961995413749292,0.4566199541374929
1758217990.3635917,5.646834850311279,0.338,0.005176453128155234,0.3328235468718448
1758217990.369833,5.653076171875,0.654,0.120094227349593,0.5339057726504071
1758217990.376562,5.6598052978515625,0.857,0.24399555893287528,0.6130044410671247
1758217990.38326,5.666503190994263,0.646,0.36729751945029954,0.2787024805497005
1758217990.3896704,5.672913551330566,0.962,0.48525884030925226,0.4767411596907477
1758217990.396123,5.679366111755371,0.646,0.6039257854599638,0.04207421454003624
1758217990.4027166,5.685959815979004,1.381,0.7250901387541958,0.6559098612458042
1758217990.4091175,5.6923606395721436,1.027,0.8425911389410252,0.1844088610589747
1758217990.4157443,5.6989874839782715,1.743,0.964092636398711,0.7789073636012891
1758217990.4223258,5.70556902885437,1.528,1.0845887510025372,0.44341124899746287
1758217990.4286275,5.7118706703186035,1.966,1.1997736986470702,0.7662263013529298
1758217990.4351747,5.7184178829193115,2.107,1.319229850915217,0.7877701490847833
1758217990.441634,5.724877119064331,1.865,1.4368397962449162,0.4281602037550838
1758217990.4483845,5.731627702713013,2.174,1.5594728915596088,0.6145271084403912
1758217990.4548466,5.7380897998809814,2.442,1.6765709305583436,0.7654290694416566
1758217990.4612622,5.744505405426025,2.854,1.7925180209236578,1.0614819790763423
1758217990.4677572,5.75100040435791,2.751,1.9095631971089477,0.8414368028910522
1758217990.4742873,5.757530450820923,2.954,2.02687435904072,0.9271256409592801
1758217990.4810128,5.764256000518799,2.895,2.1472889978904894,0.7477110021095106
1758217990.4874108,5.770653963088989,2.691,2.2614297598371484,0.4295702401628514
1758217990.493984,5.777227163314819,2.861,2.3782575853627055,0.4827424146372947
1758217990.5007732,5.784016370773315,3.361,2.498431582453641,0.8625684175463593
1758217990.5067532,5.789996385574341,3.132,2.6038462316163438,0.5281537683836564
1758217990.5134048,5.796648025512695,3.634,2.7205971997973886,0.9134028002026113
1758217990.5199084,5.803151607513428,4.274,2.8342141068137807,1.4397858931862193
1758217990.5265186,5.8097617626190186,3.622,2.9491263358110076,0.6728736641889923
1758217990.533294,5.816537141799927,3.596,3.0662928857080733,0.5297071142919267
1758217990.5396245,5.8228676319122314,4.693,3.1751778473448016,1.517822152655198
1758217990.5463347,5.829577922821045,4.034,3.289951058520719,0.744048941479281
1758217990.5528052,5.836048364639282,4.628,3.3999709448620345,1.2280290551379656
1758217990.559249,5.84249210357666,5.047,3.5088792714999966,1.5381207285000031
1758217990.565719,5.848962068557739,4.743,3.6175486225957116,1.1254513774042887
1758217990.57208,5.855323076248169,4.858,3.7237001861199444,1.1342998138800553
1758217990.5787632,5.862006425857544,5.035,3.834473450613093,1.200526549386907
1758217990.5853453,5.868588447570801,4.922,3.9427857142465186,0.9792142857534811
1758217990.5917604,5.8750035762786865,5.401,4.047583536411744,1.353416463588256
1758217990.5982099,5.881453037261963,5.303,4.152156644126533,1.1508433558734668
1758217990.6045568,5.887799978256226,5.485,4.254278093235895,1.2307219067641055
1758217990.6108272,5.894070386886597,5.605,4.354379638275003,1.2506203617249971
1758217990.6174521,5.900695323944092,5.926,4.4592683208936394,1.4667316791063607
1758217990.6240427,5.907285928726196,5.811,4.562702156699585,1.2482978433004153
1758217990.6308134,5.9140565395355225,5.401,4.667991668618795,0.733008331381205
1758217990.637248,5.9204912185668945,5.983,4.767125518110832,1.215874481889168
1758217990.6437216,5.92696475982666,5.871,4.865921522421627,1.0050784775783734
1758217990.6502123,5.933455467224121,6.041,4.964016305554687,1.076983694445313
1758217990.6566808,5.939924001693726,6.038,5.060796602312266,0.9772033976877346
1758217990.663156,5.946399211883545,6.893,5.156677913448016,1.7363220865519837
1758217990.6692502,5.95249342918396,6.517,5.24598737876674,1.2710126212332602
1758217990.6750019,5.958245038986206,6.132,5.329433786608547,0.8025662133914526
1758217990.6805682,5.96381139755249,5.866,5.409400903343204,0.4565990966567961
1758217990.6865878,5.9698309898376465,6.991,5.494988917610627,1.4960110823893729
1758217990.6922235,5.975466728210449,6.357,5.574267699065861,0.7827323009341391
1758217990.6979108,5.981153964996338,7.199,5.6534234685564355,1.5455765314435643
1758217990.7038753,5.987118482589722,7.896,5.735510424268281,2.1604895757317193
1758217990.7098415,5.993084669113159,8.554,5.8166559083644325,2.737344091635568
1758217990.7156372,5.998880386352539,6.057,5.894545981059062,0.16245401894093803
1758217990.7212903,6.004533529281616,6.395,5.969618243552758,0.4253817564472415
1758217990.7271461,6.01038932800293,8.449,6.046430293930027,2.402569706069973
1758217990.732987,6.01623010635376,7.479,6.122068328451731,1.3569316715482689
1758217990.738642,6.02188515663147,7.424,6.194359722508896,1.2296402774911046
1758217990.7443733,6.027616500854492,8.552,6.266669754859943,2.285330245140057
1758217990.7501993,6.033442497253418,8.1,6.339175125588766,1.7608248744112336
1758217990.7559435,6.039186716079712,7.997,6.4096653021324315,1.5873346978675684
1758217990.7616215,6.044864654541016,7.597,6.478357719669177,1.1186422803308238
1758217990.767537,6.050780296325684,7.331,6.5488733052116475,0.782126694788353
1758217990.7738872,6.057130336761475,8.38,6.6233581909210475,1.7566418090789533
1758217990.7806463,6.063889503479004,9.914,6.7012509437628776,3.212749056237122
1758217990.7870474,6.070290565490723,6.486,6.773679087187195,-0.28767908718719504
1758217990.793678,6.076921224594116,8.471,6.847317270930502,1.6236827290694977
1758217990.8002872,6.083530426025391,8.602,6.919296311206983,1.6827036887930173
1758217990.806805,6.09004807472229,11.741,6.9888742367982,4.7521257632018
1758217990.8132923,6.0965354442596436,8.013,7.0567301378497875,0.9562698621502124
1758217990.819808,6.10305118560791,8.691,7.123464159606657,1.5675358403933437
1758217990.8263102,6.109553337097168,6.443,7.188628075162562,-0.7456280751625624
1758217990.8328345,6.116077661514282,9.919,7.252564044165672,2.666435955834329
1758217990.839337,6.122580289840698,10.135,7.314828941001655,2.820171058998345
1758217990.8458087,6.129051923751831,9.914,7.375338783732552,2.538661216267448
1758217990.8517883,6.135031461715698,8.734,7.429943821274458,1.304056178725542
1758217990.8587341,6.141977310180664,9.1,7.4917883158883525,1.6082116841116472
1758217990.865248,6.148491144180298,9.407,7.548226274905454,1.8587737250945464
1758217990.8713624,6.1546056270599365,11.698,7.599819686184246,4.098180313815754
1758217990.877133,6.160376071929932,6.668,7.647271918211478,-0.9792719182114782
1758217990.882783,6.1660261154174805,9.335,7.692561540770372,1.6424384592296288
1758217990.8885322,6.1717753410339355,9.031,7.737448041571026,1.2935519584289743
1758217990.8942566,6.177499771118164,8.777,7.780933113545907,0.9960668864540922
1758217990.899851,6.183094263076782,10.408,7.822260000066314,2.5857399999336854
1758217990.9056153,6.188858509063721,9.297,7.8636233083509754,1.4333766916490251
1758217990.9113154,6.194558620452881,8.976,7.903304739119315,1.0726952608806855
1758217990.9164553,6.199698448181152,8.756,7.938038971274538,0.8179610287254624
1758217990.9222171,6.2054603099823,9.464,7.975791001226056,1.4882089987739446
1758217990.9278698,6.211112976074219,10.06,8.011603864191642,2.0483961358083587
1758217990.9336169,6.216860055923462,9.876,8.046766611866214,1.829233388133785
1758217990.939275,6.2225182056427,10.506,8.080150268269485,2.4258497317305157
1758217990.9449687,6.228211879730225,9.112,8.112501347347493,0.9994986526525071
1758217990.9500895,6.233332633972168,11.021,8.140528657546003,2.8804713424539976
1758217990.9557714,6.239014625549316,10.333,8.170439007449657,2.1625609925503433
1758217990.9615483,6.244791507720947,9.486,8.199562187248036,1.2864378127519647
1758217990.9673305,6.250573635101318,10.348,8.227408026163538,2.120591973836463
1758217990.973759,6.257002115249634,9.11,8.25682988901169,0.8531701109883087
1758217990.980461,6.263704061508179,10.501,8.285774456587399,2.2152255434126005
1758217990.986947,6.270190238952637,10.669,8.312100729373698,2.356899270626302
1758217990.99345,6.276693105697632,10.324,8.33682405492068,1.9871759450793203
1758217990.9999833,6.283226490020752,9.677,8.359973683970724,1.317026316029276
1758217991.006514,6.289757251739502,10.321,8.381416595456194,1.9395834045438054
1758217991.0123804,6.295623540878296,10.072,8.399227282946278,1.6727727170537214
1758217991.0190802,6.302323341369629,10.657,8.417885469735172,2.2391145302648283
1758217991.025607,6.308850288391113,10.812,8.434332674305773,2.377667325694226
1758217991.0321271,6.315370321273804,10.209,8.449054751709545,1.759945248290455
1758217991.038621,6.321864128112793,10.63,8.462018090473213,2.1679819095267874
1758217991.045148,6.328391075134277,10.209,8.473335812105756,1.735664187894244
1758217991.0516856,6.334928750991821,10.575,8.482949439272723,2.0920505607272766
1758217991.0581613,6.341404438018799,11.171,8.490770290775584,2.680229709224415
1758217991.0646226,6.34786581993103,10.92,8.496884371710546,2.4231156282894535
1758217991.0712159,6.354459047317505,10.855,8.501382299432064,2.353617700567936
1758217991.0776114,6.360854625701904,10.755,8.50406428947467,2.250935710525331
1758217991.084158,6.367401123046875,9.867,8.505094427984368,1.3619055720156332
1758217991.090831,6.374074220657349,10.295,8.504358475194216,1.7906415248057836
1758217991.0973604,6.380603551864624,10.041,8.50189326364621,1.5391067363537907
1758217991.1040154,6.387258529663086,11.226,8.497604887964618,2.7283951120353827
1758217991.1105652,6.393808364868164,10.546,8.491634763307912,2.054365236692087
1758217991.1173587,6.400601863861084,10.839,8.48361025394183,2.3553897460581705
1758217991.1238372,6.407080411911011,11.068,8.474221381779927,2.593778618220073
1758217991.1303792,6.4136223793029785,11.356,8.463022416925321,2.8929775830746784
1758217991.1369164,6.420159578323364,11.6,8.450109257563795,3.149890742436204
1758217991.1434274,6.426670551300049,10.321,8.435539170454724,1.8854608295452753
1758217991.1498117,6.4330549240112305,10.427,8.419599385961376,2.007400614038623
1758217991.1564991,6.43974232673645,9.792,8.40115132946313,1.3908486705368706
1758217991.1631174,6.4463605880737305,10.374,8.381133258601599,1.9928667413984016
1758217991.1695383,6.452781438827515,9.51,8.360042303911204,1.149957696088796
1758217991.1760423,6.459285497665405,10.436,8.337005567197473,2.0989944328025274
1758217991.1825142,6.465757369995117,10.206,8.312416726419611,1.8935832735803881
1758217991.188911,6.472154140472412,10.475,8.286484949682636,2.1885150503173634
1758217991.195394,6.478637218475342,10.068,8.25855689243794,1.8094431075620605
1758217991.2018936,6.4851367473602295,9.869,8.22889990047246,1.6401000995275403
1758217991.20841,6.491653203964233,10.034,8.197505091871939,1.8364949081280617
1758217991.2150044,6.4982476234436035,10.027,8.164048566451669,1.8629514335483304
1758217991.221476,6.504719257354736,9.845,8.129572701762587,1.7154272982374135
1758217991.2281628,6.511405944824219,9.804,8.092249818405184,1.711750181594816
1758217991.2346683,6.517911434173584,10.264,8.054286381942807,2.209713618057192
1758217991.241088,6.524331092834473,10.072,8.015234320031146,2.056765679968853
1758217991.247817,6.531060218811035,9.809,7.972613285556158,1.836386714443841
1758217991.2543063,6.5375494956970215,9.627,7.929885088964298,1.6971149110357029
1758217991.2608516,6.544094800949097,9.469,7.885179371820794,1.5838206281792058
1758217991.2674918,6.550734996795654,9.629,7.838184197136097,1.7908158028639027
1758217991.2741208,6.557363986968994,9.246,7.789629306662854,1.4563706933371465
1758217991.280626,6.56386923789978,9.919,7.740398662503372,2.1786013374966284
1758217991.2871485,6.570391654968262,9.845,7.689474893395389,2.1555251066046113
1758217991.2936609,6.576904058456421,9.254,7.637078072000204,1.6169219279997957
1758217991.300239,6.583482265472412,9.584,7.5825891546042055,2.001410845395794
1758217991.306751,6.589994192123413,8.909,7.527113550284402,1.3818864497155987
1758217991.3131297,6.596372842788696,10.319,7.471302982983716,2.8476970170162845
1758217991.3196902,6.602933406829834,8.823,7.412394403108623,1.4106055968913775
1758217991.3260846,6.609327793121338,9.656,7.353519581265646,2.302480418734355
1758217991.332854,6.6160972118377686,9.014,7.2896359727654545,1.7243640272345448
1758217991.3393626,6.622605800628662,9.531,7.2267179770731005,2.3042820229269
1758217991.3458583,6.629101514816284,8.806,7.162475320699361,1.6435246793006382
1758217991.3523996,6.635642766952515,8.993,7.096332638126338,1.8966673618736625
1758217991.3590775,6.64232063293457,8.794,7.027322144494053,1.7666778555059475
1758217991.3653204,6.648563623428345,8.969,6.9614605498026085,2.007539450197391
1758217991.3714652,6.654708385467529,8.686,6.895378166470558,1.7906218335294417
1758217991.377199,6.660442113876343,9.067,6.83260208143485,2.2343979185651506
1758217991.3829768,6.66621994972229,8.303,6.76826548662889,1.5347345133711112
1758217991.388699,6.671942234039307,8.31,6.703491465239081,1.6065085347609198
1758217991.3942082,6.6774513721466064,8.341,6.640146867763806,1.700853132236193
1758217991.4000297,6.683272838592529,7.934,6.57217328422983,1.36182671577017
1758217991.4056818,6.68892502784729,7.968,6.505166260545634,1.462833739454366
1758217991.411392,6.6946351528167725,7.393,6.43647262401873,0.9565273759812696
1758217991.41718,6.700423240661621,8.353,6.36582659793378,1.9871734020662197
1758217991.422845,6.706088066101074,8.071,6.295707026199193,1.7752929738008065
1758217991.4285595,6.71180272102356,8.234,6.22400150788078,2.0099984921192195
1758217991.4341304,6.717373609542847,7.57,6.153173724403987,1.416826275596013
1758217991.4399095,6.7231526374816895,7.997,6.078744863784216,1.9182551362157838
1758217991.445652,6.72889518737793,7.748,6.0038344152981304,1.7441655847018698
1758217991.4514916,6.734734773635864,7.812,5.926697937802736,1.8853020621972645
1758217991.457317,6.740560293197632,7.25,5.848795108179681,1.4012048918203188
1758217991.4630098,6.74625301361084,7.767,5.77176168395135,1.99523831604865
1758217991.4687936,6.752036809921265,7.357,5.692590712209451,1.6644092877905496
1758217991.4753902,6.758633375167847,7.372,5.6011969103306285,1.7708030896693714
1758217991.482016,6.765259265899658,6.876,5.50823824918584,1.36776175081416
1758217991.48877,6.772013187408447,6.855,5.412308778047842,1.4426912219521588
1758217991.495189,6.778432130813599,7.415,5.32005727416828,2.0949427258317197
1758217991.5019524,6.785195589065552,7.23,5.221736390836914,2.0082636091630865
1758217991.5085146,6.791757822036743,6.9,5.125264343894264,1.7747356561057366
1758217991.5152764,6.798519611358643,6.634,5.024771059064283,1.6092289409357177
1758217991.521987,6.805230140686035,6.472,4.923969986883789,1.548030013116211
1758217991.528439,6.811682224273682,6.67,4.826066823359504,1.8439331766404958
1758217991.5349069,6.818150043487549,6.167,4.726976453187219,1.4400235468127809
1758217991.541271,6.824514150619507,5.83,4.628567578874618,1.2014324211253822
1758217991.5476708,6.83091402053833,5.954,4.528717585648636,1.425282414351364
1758217991.554141,6.837384223937988,6.11,4.42688506139826,1.68311493860174
1758217991.5605104,6.8437535762786865,5.021,4.325790426915074,0.6952095730849255
1758217991.5671082,6.850351333618164,6.084,4.220203240206811,1.863796759793189
1758217991.5738518,6.857095003128052,5.15,4.111391757297776,1.0386082427022245
1758217991.5803301,6.863573312759399,5.452,4.00603747302151,1.44596252697849
1758217991.586809,6.870052099227905,5.897,3.899889091318032,1.997110908681968
1758217991.5932841,6.876527309417725,5.811,3.7930351073554367,2.0179648926445632
1758217991.5997496,6.882992744445801,5.169,3.6856017877330127,1.4833982122669869
1758217991.606337,6.889580249786377,5.114,3.575401390807167,1.538598609192833
1758217991.6127968,6.896039962768555,6.091,3.466636927393535,2.624363072606465
1758217991.6192648,6.902508020401001,5.772,3.35705776769789,2.4149422323021104
1758217991.6258223,6.90906548500061,5.078,3.245297956840584,1.8327020431594163
1758217991.6323144,6.915557622909546,4.417,3.134013692810131,1.2829863071898688
1758217991.6387856,6.9220287799835205,4.772,3.022480134184301,1.7495198658156994
1758217991.645303,6.928546190261841,5.001,2.909557804535004,2.0914421954649964
1758217991.6518157,6.935058832168579,4.657,2.7961481738041534,1.8608518261958467
1758217991.6583097,6.9415528774261475,4.336,2.6825182543723547,1.6534817456276456
1758217991.6647794,6.9480226039886475,4.168,2.5687965900984913,1.5992034099015089
1758217991.6709108,6.954154014587402,3.797,2.4605660767328033,1.336433923267197
1758217991.6765583,6.959801435470581,3.78,2.3605038746592513,1.4194961253407485
1758217991.6822853,6.96552848815918,3.644,2.258679806252721,1.3853201937472792
1758217991.688049,6.97129225730896,3.677,2.155862408648155,1.5211375913518452
1758217991.6938035,6.977046728134155,3.874,2.0528865234244753,1.8211134765755248
1758217991.6994786,6.98272180557251,3.718,1.9510300446519322,1.7669699553480678
1758217991.7052162,6.988459348678589,5.047,1.8477644929025403,3.1992355070974594
1758217991.7109697,6.994212865829468,2.722,1.7439371776643717,0.9780628223356282
1758217991.7167695,7.000012636184692,4.135,1.6390140733202547,2.495985926679745
1758217991.722409,7.005652189254761,2.863,1.5367542262998455,1.3262457737001545
1758217991.728294,7.011537075042725,3.417,1.4298157497240205,1.9871842502759793
1758217991.7340236,7.017266750335693,2.334,1.3254887430525883,1.0085112569474117
1758217991.7397983,7.023041486740112,2.617,1.2201495922225754,1.3968504077774246
1758217991.7454908,7.028733968734741,2.581,1.1161390576650891,1.4648609423349108
1758217991.7512863,7.034529447555542,2.722,1.010088293613595,1.7119117063864049
1758217991.7572796,7.040522813796997,2.643,0.9002666186055109,1.7427333813944887
1758217991.7630029,7.04624605178833,2.188,0.7952699173457471,1.392730082654253
1758217991.7688205,7.052063703536987,2.866,0.6884335611517889,2.177566438848211
1758217991.7754376,7.058680772781372,1.753,0.566806852343194,1.186193147656806
1758217991.781927,7.0651702880859375,1.882,0.44743511656656654,1.4345648834334335
1758217991.78872,7.07196307182312,1.702,0.3224165055045036,1.3795834944954963
1758217991.795104,7.078347206115723,1.951,0.20487971056080403,1.746120289439196
1758217991.801877,7.08512020111084,1.542,0.08016852505566972,1.4618314749443304
1758217991.808212,7.0914552211761475,1.882,-0.03646833820444395,1.9184683382044438
1758217991.8147676,7.098010778427124,1.444,-0.15713088819302656,1.6011308881930266
1758217991.821155,7.104398250579834,2.033,-0.2746420261958901,2.30764202619589
1758217991.827895,7.111138105392456,1.688,-0.3985485132269059,2.086548513226906
1758217991.8343809,7.117624044418335,1.808,-0.5176772294324739,2.3256772294324737
1758217991.840893,7.124136209487915,1.872,-0.6371546192173065,2.5091546192173064
1758217991.8473299,7.130573034286499,0.096,-0.7550948112186567,0.8510948112186567
1758217991.8537695,7.137012720108032,0.836,-0.8729095356029624,1.7089095356029622
1758217991.860125,7.143368244171143,0.297,-0.9889869937557021,1.285986993755702
1758217991.8668432,7.150086402893066,1.822,-1.1114490593802804,2.9334490593802807
1758217991.8730233,7.156266450881958,-1.235,-1.2238631079116182,-0.011136892088381867
1758217991.8786857,7.16192889213562,-0.694,-1.3266426196636094,0.6326426196636095
1758217991.8844545,7.1676976680755615,-0.244,-1.4311195168609685,1.1871195168609685
1758217991.8902838,7.173527002334595,-0.424,-1.5364375549986484,1.1124375549986485
1758217991.8959956,7.179238796234131,0.409,-1.6393661545142617,2.0483661545142615
1758217991.9015522,7.184795379638672,-1.159,-1.739229743017556,0.580229743017556
1758217991.9072325,7.190475702285767,-0.467,-1.841028251505183,1.374028251505183
1758217991.9127693,7.196012496948242,-0.172,-1.939958370553485,1.7679583705534851
1758217991.9183614,7.201604604721069,-0.558,-2.0395649510247056,1.4815649510247055
1758217991.924037,7.207280158996582,-0.9,-2.1403219919446275,1.2403219919446276
1758217991.9297383,7.212981462478638,0.405,-2.2411797229618977,2.6461797229618975
1758217991.9353943,7.218637466430664,-0.46,-2.3408675001128016,1.8808675001128017
1758217991.9411867,7.2244298458099365,0.51,-2.4425622493748196,2.95256224937482
1758217991.9469209,7.230164051055908,-0.651,-2.542824224855901,1.891824224855901
1758217991.9526796,7.235922813415527,-2.138,-2.643087467880459,0.5050874678804589
1758217991.9581933,7.24143648147583,-0.986,-2.738666624621872,1.7526666246218718
1758217991.9640546,7.247297763824463,-1.472,-2.8398085267238176,1.3678085267238176
1758217991.9697723,7.253015518188477,-1.18,-2.937998084983298,1.7579980849832981
1758217991.9762385,7.25948166847229,-1.164,-3.04845399468108,1.88445399468108
1758217991.9829376,7.266180753707886,-1.573,-3.1622103835155775,1.5892103835155775
1758217991.9894176,7.272660732269287,-1.58,-3.271566132937728,1.6915661329377278
1758217991.9957902,7.279033422470093,-1.587,-3.3784373129613634,1.7914373129613634
1758217992.0022936,7.285536766052246,-1.554,-3.4867886204449663,1.9327886204449662
1758217992.0089834,7.292226552963257,-2.121,-3.5974737003733885,1.4764737003733885
1758217992.0154536,7.298696756362915,-1.774,-3.7037580595116464,1.9297580595116464
1758217992.022014,7.305257081985474,-2.452,-3.810729849404102,1.358729849404102
1758217992.0284598,7.3117029666900635,-2.828,-3.9150364247239002,1.0870364247239004
1758217992.0349526,7.318195819854736,-3.031,-4.019280869252906,0.9882808692529061
1758217992.0413191,7.324562311172485,-1.97,-4.120674866828134,2.150674866828134
1758217992.0476503,7.330893516540527,-5.413,-4.220680239589886,-1.192319760410114
1758217992.0542185,7.337461709976196,-4.005,-4.3235369880201775,0.3185369880201776
1758217992.06088,7.344123125076294,-3.275,-4.426903997109639,1.1519039971096388
1758217992.0673454,7.35058856010437,-2.703,-4.526294544107645,1.8232945441076454
1758217992.0734656,7.356708765029907,-2.983,-4.619510700646439,1.6365107006464386
1758217992.0792754,7.362518548965454,-2.942,-4.70720278885045,1.7652027888504502
1758217992.084887,7.368130207061768,-3.814,-4.791154556796174,0.9771545567961741
1758217992.090696,7.373939275741577,-3.026,-4.877269685589318,1.851269685589318
1758217992.0962832,7.379526376724243,-3.366,-4.959323237473907,1.5933232374739066
1758217992.1020389,7.385282039642334,-3.361,-5.043048465399677,1.6820484653996766
1758217992.1078272,7.391070365905762,-3.855,-5.126412643094303,1.2714126430943034
1758217992.1135724,7.396815538406372,-3.22,-5.2083128144493385,1.9883128144493383
1758217992.11934,7.402583122253418,-1.817,-5.289675004300973,3.4726750043009726
1758217992.1249776,7.4082207679748535,-3.484,-5.368361323166701,1.8843613231667007
1758217992.1306715,7.413914680480957,-4.173,-5.446974790378866,1.2739747903788663
1758217992.1363678,7.419610977172852,-3.491,-5.524745893754493,2.0337458937544928
1758217992.1421459,7.425389051437378,-4.362,-5.602726567534703,1.2407265675347032
1758217992.1479478,7.4311909675598145,-3.692,-5.680097327237578,1.9880973272375781
1758217992.1536467,7.436889886856079,-4.662,-5.755173523973631,1.0931735239736309
1758217992.1593006,7.4425437450408936,-4.592,-5.828742389154399,1.236742389154399
1758217992.164976,7.448219060897827,-4.372,-5.901663713920694,1.5296637139206943
1758217992.1709256,7.454168796539307,-4.496,-5.977101708521774,1.4811017085217735
1758217992.177354,7.460597276687622,-4.676,-6.057433956443497,1.3814339564434972
1758217992.183973,7.46721625328064,-4.882,-6.1388540337693085,1.2568540337693088
1758217992.1904867,7.473729848861694,-4.142,-6.217680839530981,2.075680839530981
1758217992.1969879,7.480231046676636,-4.539,-6.295058502999014,1.7560585029990143
1758217992.203466,7.486709117889404,-5.593,-6.370854237714401,0.7778542377144007
1758217992.2099748,7.493217945098877,-4.434,-6.445680643581837,2.011680643581837
1758217992.2164874,7.499730587005615,-5.339,-6.519202077307129,1.1802020773071282
1758217992.2229717,7.50621485710144,-5.725,-6.591047845263414,0.8660478452634139
1758217992.2294354,7.512678623199463,-4.666,-6.661305874137866,1.9953058741378653
1758217992.235719,7.518962144851685,-5.004,-6.728289126198084,1.7242891261980846
1758217992.2423248,7.525568008422852,-5.413,-6.797295918875288,1.3842959188752877
1758217992.248857,7.532100200653076,-5.519,-6.864095221563655,1.3450952215636551
1758217992.2554317,7.538674831390381,-5.478,-6.92987070728542,1.45187070728542
1758217992.2619781,7.545221328735352,-5.564,-6.99389797510113,1.42989797510113
1758217992.268463,7.551706075668335,-5.672,-7.055865267787394,1.3838652677873942
1758217992.2749834,7.558226585388184,-5.744,-7.116700391608687,1.3727003916086868
1758217992.2813933,7.564636468887329,-5.986,-7.175050725982805,1.1890507259828054
1758217992.2877247,7.57096791267395,-5.65,-7.231261695999339,1.5812616959993386
1758217992.294497,7.57774019241333,-6.309,-7.28980613418911,0.9808061341891099
1758217992.3008444,7.584087610244751,-6.033,-7.343183508692388,1.3101835086923872
1758217992.3071904,7.590433597564697,-6.539,-7.395092845864884,0.8560928458648842
1758217992.313754,7.596997261047363,-6.409,-7.447240383490916,1.0382403834909164
1758217992.3202252,7.603468418121338,-6.292,-7.4971071336814274,1.2051071336814276
1758217992.3268144,7.610057592391968,-6.062,-7.546295728388415,1.4842957283884148
1758217992.3331761,7.616419315338135,-6.469,-7.592256804804825,1.123256804804825
1758217992.3399053,7.623148441314697,-6.661,-7.639226737712678,0.9782267377126788
1758217992.3462853,7.629528522491455,-7.436,-7.682188814983255,0.24618881498325518
1758217992.3530731,7.636316299438477,-7.508,-7.726207184819057,0.21820718481905743
1758217992.3594887,7.6427319049835205,-6.551,-7.766202633497402,1.2152026334974018
1758217992.3661752,7.649418354034424,-6.735,-7.806213307332785,1.0712133073327843
1758217992.372399,7.65564227104187,-7.309,-7.84191406433007,0.53291406433007
1758217992.3782022,7.661445379257202,-6.768,-7.873855447709275,1.105855447709275
1758217992.3839939,7.667237043380737,-7.348,-7.90443385759213,0.5564338575921299
1758217992.3897634,7.673006534576416,-6.883,-7.93359901973389,1.0505990197338901
1758217992.3954093,7.67865252494812,-7.209,-7.960882904820563,0.7518829048205635
1758217992.401133,7.684376239776611,-7.195,-7.987268877455632,0.7922688774556317
1758217992.4068987,7.690141916275024,-7.357,-8.012547722717507,0.6555477227175066
1758217992.4125466,7.695789813995361,-7.367,-8.036040684316937,0.6690406843169372
1758217992.4183033,7.7015464305877686,-7.221,-8.058689184697434,0.8376891846974335
1758217992.423951,7.707194089889526,-7.537,-8.079633408824984,0.542633408824984
1758217992.4297314,7.712974548339844,-7.63,-8.099758397782615,0.4697583977826154
1758217992.4353588,7.718601942062378,-7.697,-8.118072691075284,0.4210726910752838
1758217992.4411526,7.724395751953125,-8.203,-8.135608478784743,-0.06739152121525649
1758217992.447034,7.730277061462402,-7.807,-8.152036367052487,0.3450363670524865
1758217992.4527721,7.736015319824219,-7.733,-8.166729097344843,0.4337290973448438
1758217992.4585261,7.741769313812256,-7.717,-8.180135175673843,0.46313517567384377
1758217992.464215,7.747458219528198,-7.956,-8.192081207132107,0.23608120713210656
1758217992.4701085,7.75335168838501,-8.334,-8.203082827081552,-0.13091717291844773
1758217992.4765248,7.759768009185791,-8.133,-8.213468538717535,0.08046853871753612
1758217992.483054,7.766297101974487,-7.331,-8.222331152123823,0.891331152123823
1758217992.4898324,7.773075580596924,-7.767,-8.22971001831667,0.46271001831666947
1758217992.496377,7.779620170593262,-8.217,-8.235071324406434,0.01807132440643322
1758217992.5029163,7.786159515380859,-8.408,-8.238697283485067,-0.16930271651493278
1758217992.50943,7.792673110961914,-8.076,-8.240588070494816,0.1645880704948155
1758217992.5159965,7.799239635467529,-8.222,-8.24075533710114,0.018755337101140412
1758217992.5224755,7.805718660354614,-8.03,-8.239209161119856,0.20920916111985655
1758217992.528932,7.812175273895264,-7.728,-8.235977718143754,0.5079777181437546
1758217992.5355287,7.818771839141846,-8.894,-8.230933955941268,-0.6630660440587324
1758217992.5422215,7.825464725494385,-8.356,-8.22401791932621,-0.13198208067379014
1758217992.5487597,7.832002878189087,-8.717,-8.215513881875786,-0.5014861181242143
1758217992.555253,7.838496208190918,-8.59,-8.205360162404272,-0.38463983759572784
1758217992.5617826,7.8450257778167725,-9.869,-8.19343548771971,-1.675564512280289
1758217992.5682333,7.851476430892944,-7.286,-8.179969316598937,0.8939693165989375
1758217992.5741885,7.857431650161743,-8.681,-8.166052444429896,-0.5149475555701031
1758217992.580003,7.863246202468872,-8.507,-8.15109110658404,-0.3559088934159593
1758217992.5859213,7.86916446685791,-8.344,-8.134472157774024,-0.20952784222597565
1758217992.5917046,7.874947786331177,-8.981,-8.116879405390701,-0.8641205946092985
1758217992.5974615,7.880704641342163,-7.666,-8.098042024441177,0.4320420244411771
1758217992.603321,7.886564254760742,-9.29,-8.077513822056517,-1.2124861779434823
1758217992.6091034,7.892346620559692,-9.112,-8.05591989466702,-1.0560801053329794
1758217992.6147296,7.897972822189331,-10.01,-8.033638298321836,-1.9763617016781634
1758217992.6207798,7.904022932052612,-7.764,-8.008283145341055,0.244283145341055
1758217992.62654,7.909783124923706,-8.983,-7.982803856579688,-1.0001961434203128
1758217992.6323042,7.9155473709106445,-8.681,-7.9560031562091975,-0.7249968437908016
1758217992.6380603,7.9213035106658936,-8.334,-7.927943247433015,-0.40605675256698426
1758217992.6436524,7.926895618438721,-8.772,-7.899446109263252,-0.8725538907367483
1758217992.6495302,7.9327733516693115,-8.286,-7.868184254846833,-0.4178157451531668
1758217992.6552844,7.938527584075928,-8.516,-7.836284417413524,-0.6797155825864758
1758217992.6607594,7.944002628326416,-8.835,-7.804747646369882,-1.030252353630119
1758217992.6665165,7.9497597217559814,-9.61,-7.770345324919331,-1.8396546750806682
1758217992.672364,7.955607175827026,-8.581,-7.734106439295669,-0.8468935607043306
1758217992.6787622,7.962005376815796,-10.029,-7.69296431732952,-2.33603568267048
1758217992.6852825,7.968525648117065,-8.916,-7.649443543640445,-1.266556456359555
1758217992.6919239,7.9751670360565186,-8.569,-7.603469686059695,-0.965530313940306
1758217992.69831,7.981553077697754,-8.736,-7.557707184762071,-1.1782928152379295
1758217992.70472,7.9879631996154785,-10.166,-7.510246958129177,-2.655753041870823
1758217992.711422,7.994665145874023,-8.983,-7.459002341359017,-1.5239976586409831
1758217992.7177207,8.000963926315308,-9.622,-7.409337117447359,-2.2126628825526407
1758217992.724485,8.007728099822998,-8.882,-7.3543913117095014,-1.5276086882904982
1758217992.7308738,8.014117002487183,-8.399,-7.300972431066004,-1.0980275689339951
1758217992.7372015,8.020444631576538,-9.45,-7.24661960868315,-2.2033803913168493
1758217992.7437625,8.027005672454834,-8.981,-7.188753211970671,-1.7922467880293285
1758217992.7504911,8.033734321594238,-8.856,-7.127825735592068,-1.728174264407932
1758217992.756975,8.040218114852905,-9.33,-7.06761141418703,-2.26238858581297
1758217992.7633078,8.046550989151001,-9.627,-7.007385543869535,-2.6196144561304653
1758217992.7701857,8.053428888320923,-7.482,-6.940408261406263,-0.5415917385937368
1758217992.7766693,8.05991244316101,-8.523,-6.875789360645885,-1.6472106393541148
1758217992.7831283,8.066371440887451,-8.701,-6.809998646959016,-1.8910013530409842
1758217992.7895808,8.072824001312256,-7.927,-6.742875005921725,-1.1841249940782745
1758217992.7961748,8.079417943954468,-9.311,-6.672850611826967,-2.6381493881730327
1758217992.8027458,8.085988998413086,-8.911,-6.60164582167503,-2.30935417832497
1758217992.8090785,8.092321634292603,-8.899,-6.531693897221746,-2.3673061027782527
1758217992.8156328,8.098875999450684,-8.598,-6.457931847960022,-2.140068152039979
1758217992.8224287,8.105671882629395,-9.431,-6.380006274987663,-3.0509937250123365
1758217992.8288934,8.112136602401733,-9.907,-6.304527878187976,-3.602472121812024
1758217992.8354418,8.118685007095337,-8.712,-6.226746215025735,-2.4852537849742644
1758217992.8420005,8.125243663787842,-8.224,-6.14752101418659,-2.0764789858134103
1758217992.8485298,8.131772994995117,-9.713,-6.067352447472532,-3.6456475525274668
1758217992.8550413,8.13828444480896,-8.741,-5.986130520588855,-2.754869479411145
1758217992.8614345,8.144677639007568,-8.815,-5.905163050961554,-2.9098369490384455
1758217992.8678138,8.151057004928589,-6.522,-5.823181227331729,-0.6988187726682709
1758217992.874223,8.157466173171997,-6.819,-5.739636160880266,-1.0793638391197335
1758217992.8800254,8.163268566131592,-9.902,-5.662994088347719,-4.2390059116522805
1758217992.8856916,8.16893482208252,-8.794,-5.587239510884326,-3.2067604891156742
1758217992.8914196,8.174662828445435,-8.911,-5.5097568085179045,-3.401243191482095
1758217992.8972945,8.180537700653076,-9.404,-5.429357641097198,-3.974642358902802
1758217992.9030416,8.18628478050232,-8.657,-5.3498090468562935,-3.3071909531437065
1758217992.9087858,8.192028999328613,-8.696,-5.269425083625442,-3.426574916374558
1758217992.9144454,8.197688579559326,-8.576,-5.189382514787271,-3.3866174852127298
1758217992.9199023,8.203145503997803,-8.598,-5.111425369030974,-3.4865746309690264
1758217992.9256258,8.208868980407715,-9.764,-5.028849145676438,-4.735150854323561
1758217992.931377,8.214620113372803,-9.292,-4.945050391744414,-4.346949608255586
1758217992.9370792,8.220322370529175,-9.531,-4.861161970074306,-4.669838029925694
1758217992.9427905,8.226033687591553,-7.472,-4.776353220669764,-2.6956467793302368
1758217992.9482725,8.231515645980835,-8.305,-4.694221825773397,-3.6107781742266027
1758217992.9541295,8.237372636795044,-10.542,-4.605696909855283,-5.936303090144717
1758217992.9598615,8.243104696273804,-7.544,-4.518299136534821,-3.025700863465179
1758217992.9654243,8.248667478561401,-8.217,-4.4327757152361995,-3.784224284763801
1758217992.9711134,8.254356622695923,-8.765,-4.344603097014588,-4.420396902985413
1758217992.9775693,8.260812520980835,-5.744,-4.243699034329134,-1.5003009656708661
1758217992.9842246,8.267467737197876,-6.577,-4.138756656210536,-2.4382433437894644
1758217992.9907439,8.273987054824829,-9.689,-4.035070063983558,-5.653929936016442
1758217992.9972086,8.280451774597168,-8.906,-3.9314059814446196,-4.974594018555381
1758217993.0037324,8.286975622177124,-7.209,-3.8259612510655314,-3.383038748934468
1758217993.0103,8.293543100357056,-8.437,-3.7189885147782973,-4.718011485221702
1758217993.0167603,8.30000352859497,-8.155,-3.6129755652061197,-4.54202443479388
1758217993.0233555,8.306598663330078,-9.23,-3.503972572180891,-5.726027427819109
1758217993.0296326,8.312875747680664,-8.698,-3.3995155054870025,-5.298484494512998
1758217993.0363944,8.319637537002563,-9.328,-3.2862401363991687,-6.041759863600831
1758217993.042865,8.32610821723938,-8.552,-3.1771334447184225,-5.374866555281577
1758217993.0493577,8.332600831985474,-8.571,-3.066983450468108,-5.504016549531892
1758217993.0559542,8.339197397232056,-8.519,-2.9544021098170234,-5.564597890182977
1758217993.0624743,8.345717430114746,-7.642,-2.8424885729067046,-4.799511427093296
1758217993.0688872,8.35213041305542,-8.854,-2.7318158303643107,-6.1221841696356885
1758217993.0752964,8.358539581298828,-6.596,-2.6206398249428124,-3.9753601750571876
1758217993.0811703,8.364413499832153,-8.708,-2.518267692626511,-6.18973230737349
1758217993.0871754,8.370418548583984,-7.329,-2.4131531687527197,-4.91584683124728
1758217993.0931199,8.376363039016724,-7.726,-2.308661442167035,-5.417338557832965
1758217993.099079,8.382322072982788,-7.872,-2.2034954491113843,-5.668504550888615
1758217993.1052725,8.388515710830688,-7.922,-2.0937642963850207,-5.828235703614979
1758217993.1110346,8.394277811050415,-7.855,-1.9913073843534899,-5.86369261564651
1758217993.1167598,8.40000295639038,-8.035,-1.8891698657069989,-6.145830134293002
1758217993.122741,8.405984163284302,-7.609,-1.7821222139513946,-5.826877786048605
1758217993.128898,8.41214108467102,-7.415,-1.6715840176171983,-5.7434159823828015
1758217993.1346846,8.417927742004395,-7.391,-1.567391553153334,-5.8236084468466665
1758217993.1400502,8.423293352127075,-6.254,-1.470534044669454,-4.783465955330546
1758217993.1460721,8.429315328598022,-6.615,-1.3615630251650697,-5.253436974834931
1758217993.152043,8.435286283493042,-7.266,-1.2532565843663945,-6.012743415633605
1758217993.1579933,8.44123649597168,-6.546,-1.1450887516785508,-5.400911248321449
1758217993.1638157,8.447058916091919,-7.293,-1.0390322183398988,-6.253967781660101
1758217993.169398,8.452641248703003,-6.914,-0.9371684131620084,-5.976831586837991
1758217993.176062,8.45930528640747,-6.938,-0.8153564523278322,-6.122643547672167
1758217993.182468,8.465711116790771,-6.929,-0.6980721376308368,-6.230927862369164
1758217993.1892507,8.472493886947632,-6.227,-0.5737073627985192,-5.653292637201481
1758217993.195756,8.478999137878418,-6.45,-0.4542831315846153,-5.995716868415385
1758217993.2022572,8.48550033569336,-6.536,-0.3348134100033274,-6.201186589996672
1758217993.2086046,8.49184775352478,-5.997,-0.21807737451694809,-5.778922625483052
1758217993.2154284,8.498671531677246,-7.314,-0.09250507812110309,-7.221494921878897
1758217993.2221005,8.505343675613403,-6.208,0.03032592742338143,-6.238325927423381
1758217993.2286777,8.511920928955078,-5.361,0.15143161076009212,-5.512431610760092
1758217993.235266,8.518509149551392,-6.091,0.2727351638863623,-6.363735163886362
1758217993.2419007,8.52514386177063,-6.579,0.3948648360526383,-6.973864836052638
1758217993.2484055,8.531648635864258,-5.966,0.5145485091548869,-6.480548509154887
1758217993.2547987,8.538041830062866,-7.025,0.6321030651141873,-7.657103065114188
1758217993.2614608,8.544703960418701,-6.155,0.7544971703841706,-6.909497170384171
1758217993.2682247,8.551467895507812,-5.995,0.8786247866373017,-6.8736247866373015
1758217993.274786,8.558029174804688,-5.854,0.9988758285048447,-6.852875828504844
1758217993.2811944,8.564437627792358,-5.016,1.1161519523089027,-6.132151952308902
1758217993.2876325,8.570875644683838,-5.188,1.2337722722228237,-6.421772272222824
1758217993.2942157,8.57745885848999,-5.703,1.3538167564639048,-7.056816756463905
1758217993.3007395,8.583982706069946,-5.6,1.4725261736090327,-7.072526173609033
1758217993.3070743,8.590317487716675,-5.997,1.5875315154453067,-7.584531515445306
1758217993.3138058,8.597048997879028,-5.08,1.709429251195933,-6.7894292511959335
1758217993.3202755,8.603518724441528,-5.339,1.8262610502719294,-7.16526105027193
1758217993.326888,8.61013126373291,-5.957,1.9453172391002167,-7.902317239100217
1758217993.3334627,8.616705894470215,-5.078,2.0633108182316127,-7.141310818231613
1758217993.3398306,8.623073816299438,-5.636,2.177210017759399,-7.813210017759399
1758217993.3463225,8.629565715789795,-5.114,2.2929137426197954,-7.406913742619795
1758217993.3527966,8.636039733886719,-4.499,2.4078602090044545,-6.906860209004455
1758217993.358987,8.64223027229309,-4.535,2.517342375836878,-7.0523423758368775
1758217993.3657424,8.648985624313354,-4.822,2.636308401680682,-7.458308401680682
1758217993.372392,8.655635118484497,-4.307,2.752870604963447,-7.059870604963447
1758217993.379088,8.662331104278564,-4.623,2.8696814383733225,-7.492681438373323
1758217993.385683,8.668926239013672,-4.326,2.9841528154246886,-7.310152815424688
1758217993.39206,8.675303220748901,-3.907,3.094267493409691,-7.001267493409691
1758217993.3985996,8.681842803955078,-4.137,3.206584692030107,-7.343584692030106
1758217993.4051085,8.68835163116455,-3.402,3.3177423131997794,-6.719742313199779
1758217993.4117775,8.69502067565918,-3.869,3.430958967398124,-7.299958967398124
1758217993.4183707,8.701613903045654,-4.034,3.5421911178344856,-7.576191117834485
1758217993.4250343,8.708277463912964,-3.548,3.6538813591846213,-7.201881359184622
1758217993.431619,8.71486210823059,-3.496,3.763506081140776,-7.259506081140776
1758217993.4381213,8.721364498138428,-3.922,3.8710142630671527,-7.793014263067153
1758217993.444634,8.727877140045166,-3.17,3.977925623452131,-7.147925623452132
1758217993.4510064,8.734249591827393,-3.345,4.0817722200923665,-7.426772220092367
1758217993.4573212,8.740564346313477,-3.675,4.183913489840483,-7.858913489840483
1758217993.464175,8.74741816520691,-2.88,4.293889246818058,-7.1738892468180575
1758217993.4708953,8.754138469696045,-2.758,4.400804809699374,-7.158804809699374
1758217993.4767857,8.760028839111328,-2.636,4.493750728349497,-7.129750728349497
1758217993.4824486,8.765691757202148,-2.976,4.582417800538538,-7.558417800538538
1758217993.487989,8.77123212814331,-2.492,4.668498250754931,-7.160498250754931
1758217993.493784,8.777027130126953,-2.543,4.757814137237594,-7.3008141372375945
1758217993.4995267,8.782769918441772,-2.605,4.84558420722253,-7.45058420722253
1758217993.505251,8.788494110107422,-2.03,4.932321960265046,-6.9623219602650455
1758217993.5109463,8.794189453125,-2.274,5.017867696990446,-7.291867696990446
1758217993.5166774,8.799920558929443,-2.442,5.10317692682275,-7.54517692682275
1758217993.522442,8.80568528175354,-1.31,5.1881899500871755,-6.498189950087175
1758217993.5283499,8.811593055725098,-1.343,5.274469381148808,-6.617469381148808
1758217993.5340192,8.817262411117554,-1.322,5.356450910972502,-6.678450910972502
1758217993.5398648,8.823107957839966,-1.609,5.440129801687466,-7.049129801687466
1758217993.545636,8.828879117965698,-1.058,5.521883429921975,-6.579883429921975
1758217993.5513437,8.83458685874939,-0.886,5.601884835949436,-6.487884835949436
1758217993.557117,8.840360164642334,-1.635,5.681928503272214,-7.316928503272214
1758217993.5629025,8.846145629882812,-1.12,5.761243337364224,-6.881243337364224
1758217993.5684319,8.851675033569336,-1.082,5.836196326625179,-6.9181963266251785
1758217993.574273,8.857516288757324,-1.171,5.914460255264185,-7.085460255264185
1758217993.5807629,8.864006042480469,-1.046,6.0002936210221245,-7.046293621022125
1758217993.5873055,8.870548725128174,-0.486,6.085617090842863,-6.571617090842863
1758217993.5936584,8.876901626586914,-0.453,6.1672864198070085,-6.620286419807009
1758217993.6004083,8.883651494979858,-0.414,6.252767924949103,-6.666767924949102
1758217993.6070807,8.890323877334595,-0.261,6.335942755124315,-6.596942755124315
1758217993.6134415,8.896684646606445,0.297,6.413989825754972,-6.116989825754972
1758217993.6197603,8.903003454208374,-0.005,6.490305061643834,-6.495305061643834
1758217993.6264114,8.90965461730957,1.484,6.569307773303207,-5.085307773303207
1758217993.6332238,8.91646695137024,0.922,6.64879712965266,-5.7267971296526605
1758217993.6397398,8.922982931137085,0.862,6.723460245501823,-5.8614602455018225
1758217993.6462302,8.929473400115967,0.96,6.796485614798152,-5.836485614798152
1758217993.652741,8.935984134674072,0.613,6.868374924892528,-6.2553749248925286
1758217993.659248,8.942491292953491,1.049,6.938844968641264,-5.889844968641263
1758217993.6657524,8.948995590209961,0.826,7.00789111755855,-6.181891117558551
1758217993.6723208,8.955564022064209,1.346,7.076190430879982,-5.730190430879982
1758217993.6788747,8.962117910385132,1.329,7.142894476002496,-5.813894476002496
1758217993.6854482,8.968691349029541,1.386,7.2083346548234815,-5.822334654823481
1758217993.691915,8.975158214569092,1.774,7.271271024494714,-5.497271024494714
1758217993.6984031,8.981646299362183,1.487,7.332962918900094,-5.845962918900094
1758217993.705035,8.988278150558472,2.239,7.3945067320494156,-5.155506732049416
1758217993.711737,8.994980096817017,1.808,7.45513172941668,-5.64713172941668
1758217993.718248,9.001491069793701,2.116,7.512505994927099,-5.396505994927098
1758217993.7247713,9.008014440536499,2.72,7.568472102465779,-4.848472102465779
1758217993.7311723,9.014415502548218,2.574,7.6219013635806405,-5.047901363580641
1758217993.7379026,9.021145820617676,2.732,7.676478142152802,-4.944478142152802
1758217993.7444046,9.027647733688354,2.772,7.727633409930143,-4.955633409930144
1758217993.7509599,9.034203052520752,2.598,7.777636798724336,-5.179636798724336
1758217993.7575073,9.040750503540039,2.825,7.825994182565803,-5.000994182565803
1758217993.7640483,9.04729151725769,1.853,7.872711310319418,-6.019711310319418
1758217993.7704353,9.053678512573242,3.024,7.9167830074481005,-4.8927830074481005
1758217993.7766345,9.059877634048462,3.184,7.958089751952813,-4.774089751952813
1758217993.7824512,9.065694332122803,3.467,7.995525826930536,-4.528525826930537
1758217993.788578,9.071821212768555,3.982,8.033566732806603,-4.051566732806603
1758217993.794394,9.077637195587158,4.034,8.068350340509179,-4.034350340509179
1758217993.8003016,9.083544731140137,4.175,8.102352422966339,-3.9273524229663392
1758217993.8061604,9.089403629302979,4.542,8.134745983015202,-3.5927459830152024
1758217993.8119838,9.095227003097534,4.487,8.16562671851686,-3.6786267185168597
1758217993.8178246,9.101067781448364,4.096,8.195276347296687,-4.099276347296687
1758217993.8236566,9.106899738311768,4.752,8.223553947467018,-3.471553947467018
1758217993.8294995,9.11274266242981,4.331,8.250550067027536,-3.9195500670275356
1758217993.8353198,9.118562936782837,5.337,8.27610896101772,-2.9391089610177197
1758217993.8412054,9.124448537826538,4.377,8.300597984540055,-3.923597984540055
1758217993.8469718,9.130214929580688,4.666,8.323263915601158,-3.657263915601158
1758217993.852792,9.136035203933716,4.338,8.344805936235783,-4.006805936235783
1758217993.858558,9.141801118850708,4.932,8.36482012627596,-3.43282012627596
1758217993.8644402,9.147683382034302,4.456,8.383874181272533,-3.927874181272533
1758217993.8703494,9.153592586517334,5.176,8.401625215785359,-3.2256252157853584
1758217993.8761492,9.159392356872559,5.66,8.41768962464248,-2.757689624642479
1758217993.8819497,9.16519284248352,5.09,8.432407936042805,-3.3424079360428056
1758217993.887608,9.170851230621338,6.014,8.445464369176765,-2.431464369176765
1758217993.89325,9.176493167877197,5.523,8.457201233836464,-2.9342012338364647
1758217993.8988419,9.182085037231445,5.839,8.467569404496263,-2.628569404496263
1758217993.9046428,9.187885999679565,5.231,8.476993191918792,-3.2459931919187923
1758217993.9104197,9.193662881851196,5.655,8.485028272326046,-2.8300282723260457
1758217993.91613,9.199373245239258,6.472,8.49164595054876,-2.0196459505487594
1758217993.9218147,9.205057859420776,6.378,8.496924435332183,-2.1189244353321826
1758217993.9275265,9.210769653320312,6.608,8.500911546121605,-1.8929115461216055
1758217993.9332085,9.216451644897461,6.773,8.503567790512925,-1.730567790512925
1758217993.9387255,9.221968650817871,6.503,8.504896234601837,-2.001896234601837
1758217993.9445913,9.227834463119507,6.551,8.50495687782093,-1.9539568778209304
1758217993.9503539,9.233597040176392,7.144,8.503659797006609,-1.3596597970066089
1758217993.9560235,9.239266633987427,6.124,8.50107160395132,-2.377071603951321
1758217993.961726,9.244969129562378,5.511,8.497156079237483,-2.9861560792374826
1758217993.9674008,9.250643968582153,6.431,8.491953603981237,-2.060953603981237
1758217993.9730816,9.256324768066406,6.749,8.485441658168785,-1.7364416581687854
1758217993.9794428,9.262686014175415,7.726,8.47660250846176,-0.7506025084617596
1758217993.9860883,9.269331455230713,7.511,8.465624479890803,-0.9546244798908026
1758217993.9924555,9.2756986618042,7.798,8.453436492992974,-0.6554364929929744
1758217993.9989722,9.282215356826782,8.064,8.439273002715364,-0.3752730027153639
1758217994.0057838,9.289026975631714,7.58,8.422644940004277,-0.842644940004277
1758217994.0121346,9.295377731323242,7.429,8.40546610744492,-0.976466107444919
1758217994.0186505,9.301893711090088,7.511,8.386163159076213,-0.8751631590762132
1758217994.0252824,9.308525562286377,8.911,8.364776715420557,0.5462232845794421
1758217994.0320663,9.315309524536133,8.42,8.341088025893553,0.07891197410644679
1758217994.0385559,9.321799039840698,8.198,8.316717634396841,-0.11871763439684102
1758217994.0449402,9.32818341255188,7.235,8.291115447738456,-1.0561154477384553
1758217994.0515814,9.334824562072754,9.821,8.262777015221525,1.5582229847784745
1758217994.0579326,9.34117579460144,9.919,8.234053299507568,1.6849467004924321
1758217994.0645494,9.347792625427246,9.182,8.202447468305321,0.9795525316946794
1758217994.0711262,9.354369401931763,8.701,8.169339673119296,0.5316603268807043
